{
  "file": "002_data.csv",
  "rows": 10484,
  "cols": 19,
  "columns": {
    "time": {
      "dtype": "object",
      "non_null": 10484,
      "nulls": 0,
      "sample": [
        "05_05_15_11_22_893",
        "05_05_15_11_22_915",
        "05_05_15_11_22_925"
      ]
    },
    "x": {
      "dtype": "float64",
      "non_null": 10484,
      "nulls": 0,
      "sample": [
        "-60.0",
        "-60.0",
        "-60.0"
      ],
      "stats": {
        "min": -60.03,
        "max": 60.01,
        "mean": 4.612122281571919
      }
    },
    "y": {
      "dtype": "float64",
      "non_null": 10484,
      "nulls": 0,
      "sample": [
        "-60.0",
        "-60.0",
        "-60.0"
      ],
      "stats": {
        "min": -60.01,
        "max": 30.02,
        "mean": -8.277836703548266
      }
    },
    "z": {
      "dtype": "float64",
      "non_null": 10484,
      "nulls": 0,
      "sample": [
        "1.09",
        "1.1",
        "1.1"
      ],
      "stats": {
        "min": -0.43,
        "max": 2.6,
        "mean": 0.9921108355589469
      }
    },
    "e1": {
      "dtype": "float64",
      "non_null": 10484,
      "nulls": 0,
      "sample": [
        "-0.2",
        "-0.2",
        "-0.2"
      ],
      "stats": {
        "min": -0.2,
        "max": -0.2,
        "mean": -0.2
      }
    },
    "e2": {
      "dtype": "float64",
      "non_null": 10484,
      "nulls": 0,
      "sample": [
        "346.5",
        "346.5",
        "346.5"
      ],
      "stats": {
        "min": 346.5,
        "max": 346.5,
        "mean": 346.5
      }
    },
    "s_lp": {
      "dtype": "int64",
      "non_null": 10484,
      "nulls": 0,
      "sample": [
        "3400",
        "3400",
        "3400"
      ],
      "stats": {
        "min": 0.0,
        "max": 3400.0,
        "mean": 2897.6535673407097
      }
    },
    "s_rs": {
      "dtype": "float64",
      "non_null": 10484,
      "nulls": 0,
      "sample": [
        "0.025",
        "0.025",
        "0.025"
      ],
      "stats": {
        "min": 0.00833,
        "max": 0.025,
        "mean": 0.009158411865700117
      }
    },
    "s_ws": {
      "dtype": "float64",
      "non_null": 10484,
      "nulls": 0,
      "sample": [
        "1.1719",
        "1.1719",
        "1.1719"
      ],
      "stats": {
        "min": 1.0156,
        "max": 1.1719,
        "mean": 1.134950247996948
      }
    },
    "r_lp": {
      "dtype": "int64",
      "non_null": 10484,
      "nulls": 0,
      "sample": [
        "0",
        "0",
        "0"
      ],
      "stats": {
        "min": 0.0,
        "max": 3222.0,
        "mean": 2563.786627241511
      }
    },
    "r_rs": {
      "dtype": "float64",
      "non_null": 10484,
      "nulls": 0,
      "sample": [
        "0.0",
        "0.0",
        "0.0"
      ],
      "stats": {
        "min": 0.0,
        "max": 0.00833,
        "mean": 0.006653162914917972
      }
    },
    "r_ws": {
      "dtype": "float64",
      "non_null": 10484,
      "nulls": 0,
      "sample": [
        "0.0",
        "0.0",
        "0.0"
      ],
      "stats": {
        "min": 0.0,
        "max": 1.1942,
        "mean": 0.8958151087371232
      }
    },
    "mpt": {
      "dtype": "float64",
      "non_null": 10484,
      "nulls": 0,
      "sample": [
        "706.51717",
        "706.51717",
        "706.25911"
      ],
      "stats": {
        "min": 704.71075,
        "max": 1895.39942,
        "mean": 1202.04307774132
      }
    },
    "mpa": {
      "dtype": "float64",
      "non_null": 10484,
      "nulls": 0,
      "sample": [
        "0.0",
        "0.0",
        "0.0"
      ],
      "stats": {
        "min": 0.0,
        "max": 38.983,
        "mean": 12.711211942006866
      }
    },
    "mpw": {
      "dtype": "float64",
      "non_null": 10484,
      "nulls": 0,
      "sample": [
        "0.0",
        "0.0",
        "0.0"
      ],
      "stats": {
        "min": 0.0,
        "max": 10.025512962562065,
        "mean": 2.4314079839776004
      }
    },
    "load": {
      "dtype": "float64",
      "non_null": 10484,
      "nulls": 0,
      "sample": [
        "2.87644",
        "2.88031",
        "2.88031"
      ],
      "stats": {
        "min": 1.42485,
        "max": 2.96289,
        "mean": 2.592285287104159
      }
    },
    "contact": {
      "dtype": "float64",
      "non_null": 10484,
      "nulls": 0,
      "sample": [
        "4.92157",
        "4.92286",
        "4.9177"
      ],
      "stats": {
        "min": 4.90221,
        "max": 4.93834,
        "mean": 4.92088831457459
      }
    },
    "bead_number": {
      "dtype": "int64",
      "non_null": 10484,
      "nulls": 0,
      "sample": [
        "1",
        "1",
        "1"
      ],
      "stats": {
        "min": 1.0,
        "max": 1.0,
        "mean": 1.0
      }
    },
    "laser_on": {
      "dtype": "bool",
      "non_null": 10484,
      "nulls": 0,
      "sample": [
        "False",
        "False",
        "False"
      ],
      "stats": {
        "min": 0.0,
        "max": 1.0,
        "mean": 0.7985501716901946
      }
    }
  }
}