{
  "file": "003_data.csv",
  "rows": 12759,
  "cols": 19,
  "columns": {
    "time": {
      "dtype": "object",
      "non_null": 12759,
      "nulls": 0,
      "sample": [
        "05_05_15_47_25_588",
        "05_05_15_47_25_605",
        "05_05_15_47_25_612"
      ]
    },
    "x": {
      "dtype": "float64",
      "non_null": 12759,
      "nulls": 0,
      "sample": [
        "-60.0",
        "-60.0",
        "-60.0"
      ],
      "stats": {
        "min": -60.03,
        "max": 60.01,
        "mean": -2.737854063798104
      }
    },
    "y": {
      "dtype": "float64",
      "non_null": 12759,
      "nulls": 0,
      "sample": [
        "-60.0",
        "-60.0",
        "-60.0"
      ],
      "stats": {
        "min": -60.0,
        "max": 60.01,
        "mean": -0.8813621757190994
      }
    },
    "z": {
      "dtype": "float64",
      "non_null": 12759,
      "nulls": 0,
      "sample": [
        "1.09",
        "1.09",
        "1.09"
      ],
      "stats": {
        "min": -0.44,
        "max": 2.59,
        "mean": 1.0258053138960734
      }
    },
    "e1": {
      "dtype": "float64",
      "non_null": 12759,
      "nulls": 0,
      "sample": [
        "-0.2",
        "-0.2",
        "-0.2"
      ],
      "stats": {
        "min": -0.2,
        "max": -0.2,
        "mean": -0.2
      }
    },
    "e2": {
      "dtype": "float64",
      "non_null": 12759,
      "nulls": 0,
      "sample": [
        "346.5",
        "346.5",
        "346.5"
      ],
      "stats": {
        "min": 346.5,
        "max": 346.5,
        "mean": 346.5
      }
    },
    "s_lp": {
      "dtype": "int64",
      "non_null": 12759,
      "nulls": 0,
      "sample": [
        "3400",
        "3400",
        "3400"
      ],
      "stats": {
        "min": 3400.0,
        "max": 3400.0,
        "mean": 3400.0
      }
    },
    "s_rs": {
      "dtype": "float64",
      "non_null": 12759,
      "nulls": 0,
      "sample": [
        "0.0225",
        "0.0225",
        "0.0225"
      ],
      "stats": {
        "min": 0.0075,
        "max": 0.0225,
        "mean": 0.007954972960263346
      }
    },
    "s_ws": {
      "dtype": "float64",
      "non_null": 12759,
      "nulls": 0,
      "sample": [
        "1.1719",
        "1.1719",
        "1.1719"
      ],
      "stats": {
        "min": 0.8594,
        "max": 1.1719,
        "mean": 1.0951822791754844
      }
    },
    "r_lp": {
      "dtype": "int64",
      "non_null": 12759,
      "nulls": 0,
      "sample": [
        "0",
        "0",
        "0"
      ],
      "stats": {
        "min": 0.0,
        "max": 3218.0,
        "mean": 3089.9098675444784
      }
    },
    "r_rs": {
      "dtype": "float64",
      "non_null": 12759,
      "nulls": 0,
      "sample": [
        "0.0",
        "0.0",
        "0.0"
      ],
      "stats": {
        "min": 0.0,
        "max": 0.0075,
        "mean": 0.007197189434908695
      }
    },
    "r_ws": {
      "dtype": "float64",
      "non_null": 12759,
      "nulls": 0,
      "sample": [
        "0.0",
        "0.0",
        "0.0"
      ],
      "stats": {
        "min": 0.0,
        "max": 1.1658,
        "mean": 1.0031394780155185
      }
    },
    "mpt": {
      "dtype": "float64",
      "non_null": 12759,
      "nulls": 0,
      "sample": [
        "706.51717",
        "706.25911",
        "706.25911"
      ],
      "stats": {
        "min": 705.74299,
        "max": 1760.69212,
        "mean": 1333.9821118387022
      }
    },
    "mpa": {
      "dtype": "float64",
      "non_null": 12759,
      "nulls": 0,
      "sample": [
        "0.0",
        "0.0",
        "0.0"
      ],
      "stats": {
        "min": 0.0,
        "max": 78.008,
        "mean": 14.501736107845444
      }
    },
    "mpw": {
      "dtype": "float64",
      "non_null": 12759,
      "nulls": 0,
      "sample": [
        "0.0",
        "0.0",
        "0.0"
      ],
      "stats": {
        "min": 0.0,
        "max": 10.029059133961669,
        "mean": 2.958711538212974
      }
    },
    "load": {
      "dtype": "float64",
      "non_null": 12759,
      "nulls": 0,
      "sample": [
        "2.79386",
        "2.79773",
        "2.79773"
      ],
      "stats": {
        "min": 1.49066,
        "max": 3.05063,
        "mean": 2.7137026773258093
      }
    },
    "contact": {
      "dtype": "float64",
      "non_null": 12759,
      "nulls": 0,
      "sample": [
        "4.92157",
        "4.92157",
        "4.92157"
      ],
      "stats": {
        "min": 0.27649,
        "max": 4.93963,
        "mean": 4.917142640489066
      }
    },
    "bead_number": {
      "dtype": "int64",
      "non_null": 12759,
      "nulls": 0,
      "sample": [
        "1",
        "1",
        "1"
      ],
      "stats": {
        "min": 1.0,
        "max": 1.0,
        "mean": 1.0
      }
    },
    "laser_on": {
      "dtype": "bool",
      "non_null": 12759,
      "nulls": 0,
      "sample": [
        "False",
        "False",
        "False"
      ],
      "stats": {
        "min": 0.0,
        "max": 1.0,
        "mean": 0.965044282467278
      }
    }
  }
}