{
  "file": "003y_data.csv",
  "rows": 13456,
  "cols": 19,
  "columns": {
    "time": {
      "dtype": "object",
      "non_null": 13456,
      "nulls": 0,
      "sample": [
        "05_05_15_55_49_459",
        "05_05_15_55_49_471",
        "05_05_15_55_49_471"
      ]
    },
    "x": {
      "dtype": "float64",
      "non_null": 13456,
      "nulls": 0,
      "sample": [
        "-60.0",
        "-60.0",
        "-60.0"
      ],
      "stats": {
        "min": -60.03,
        "max": 60.01,
        "mean": -0.44848246135552905
      }
    },
    "y": {
      "dtype": "float64",
      "non_null": 13456,
      "nulls": 0,
      "sample": [
        "-60.0",
        "-60.0",
        "-60.0"
      ],
      "stats": {
        "min": -60.0,
        "max": 60.02,
        "mean": -0.35238480975029746
      }
    },
    "z": {
      "dtype": "float64",
      "non_null": 13456,
      "nulls": 0,
      "sample": [
        "1.09",
        "1.09",
        "1.09"
      ],
      "stats": {
        "min": -0.42,
        "max": 2.6,
        "mean": 1.0928269916765756
      }
    },
    "e1": {
      "dtype": "float64",
      "non_null": 13456,
      "nulls": 0,
      "sample": [
        "-0.2",
        "-0.2",
        "-0.2"
      ],
      "stats": {
        "min": -0.2,
        "max": -0.2,
        "mean": -0.2
      }
    },
    "e2": {
      "dtype": "float64",
      "non_null": 13456,
      "nulls": 0,
      "sample": [
        "346.5",
        "346.5",
        "346.5"
      ],
      "stats": {
        "min": 346.5,
        "max": 346.5,
        "mean": 346.5
      }
    },
    "s_lp": {
      "dtype": "int64",
      "non_null": 13456,
      "nulls": 0,
      "sample": [
        "3400",
        "3400",
        "3400"
      ],
      "stats": {
        "min": 3400.0,
        "max": 3400.0,
        "mean": 3400.0
      }
    },
    "s_rs": {
      "dtype": "float64",
      "non_null": 13456,
      "nulls": 0,
      "sample": [
        "0.0075",
        "0.0075",
        "0.0075"
      ],
      "stats": {
        "min": 0.0075,
        "max": 0.0075,
        "mean": 0.007500000000000002
      }
    },
    "s_ws": {
      "dtype": "float64",
      "non_null": 13456,
      "nulls": 0,
      "sample": [
        "1.1719",
        "1.1719",
        "1.1719"
      ],
      "stats": {
        "min": 0.8594,
        "max": 1.1719,
        "mean": 1.1392119723543404
      }
    },
    "r_lp": {
      "dtype": "int64",
      "non_null": 13456,
      "nulls": 0,
      "sample": [
        "0",
        "0",
        "0"
      ],
      "stats": {
        "min": 0.0,
        "max": 3218.0,
        "mean": 3190.6956747919144
      }
    },
    "r_rs": {
      "dtype": "float64",
      "non_null": 13456,
      "nulls": 0,
      "sample": [
        "0.0",
        "0.0",
        "0.0"
      ],
      "stats": {
        "min": 0.0,
        "max": 0.0075,
        "mean": 0.007437200505350776
      }
    },
    "r_ws": {
      "dtype": "float64",
      "non_null": 13456,
      "nulls": 0,
      "sample": [
        "0.0",
        "0.0",
        "0.0"
      ],
      "stats": {
        "min": 0.0,
        "max": 1.171,
        "mean": 1.0832116973840666
      }
    },
    "mpt": {
      "dtype": "float64",
      "non_null": 13456,
      "nulls": 0,
      "sample": [
        "706.00105",
        "706.00105",
        "706.00105"
      ],
      "stats": {
        "min": 706.00105,
        "max": 1601.72718,
        "mean": 1383.189016953032
      }
    },
    "mpa": {
      "dtype": "float64",
      "non_null": 13456,
      "nulls": 0,
      "sample": [
        "0.0",
        "0.0",
        "0.0"
      ],
      "stats": {
        "min": 0.0,
        "max": 33.745,
        "mean": 13.394095868014269
      }
    },
    "mpw": {
      "dtype": "float64",
      "non_null": 13456,
      "nulls": 0,
      "sample": [
        "0.0",
        "0.0",
        "0.0"
      ],
      "stats": {
        "min": 0.0,
        "max": 10.026695159049169,
        "mean": 4.157846883166134
      }
    },
    "load": {
      "dtype": "float64",
      "non_null": 13456,
      "nulls": 0,
      "sample": [
        "2.93709",
        "2.93709",
        "2.93709"
      ],
      "stats": {
        "min": 1.74872,
        "max": 3.03902,
        "mean": 2.82375264343044
      }
    },
    "contact": {
      "dtype": "float64",
      "non_null": 13456,
      "nulls": 0,
      "sample": [
        "0.38616",
        "0.38616",
        "0.38616"
      ],
      "stats": {
        "min": 0.31133,
        "max": 4.93576,
        "mean": 4.9035578195600475
      }
    },
    "bead_number": {
      "dtype": "int64",
      "non_null": 13456,
      "nulls": 0,
      "sample": [
        "1",
        "1",
        "1"
      ],
      "stats": {
        "min": 1.0,
        "max": 1.0,
        "mean": 1.0
      }
    },
    "laser_on": {
      "dtype": "bool",
      "non_null": 13456,
      "nulls": 0,
      "sample": [
        "False",
        "False",
        "False"
      ],
      "stats": {
        "min": 0.0,
        "max": 1.0,
        "mean": 0.9964328180737217
      }
    }
  }
}