,index,time,X,Y,Z,E1,E2,S_LP,S_RS,S_WS,R_LP,R_RS,R_WS,MPT,MPA,MPW,LOAD,CONTACT,BEAD_NUMBER,LASER_ON,layer
0,2104,02_21_17_48_35_746,10.0,-0.01,13.5,-0.0,0.0,0,0.01,3.5156,798,0.0,0.03,1075.28486,136.105,0.0,2.22226,4.91512,6,True,1
1,2105,02_21_17_48_35_873,10.0,0.02,13.5,0.0,0.0,0,0.01,3.5156,2837,0.0,0.61,1874.75462,424.685,0.0,2.58354,4.92157,6,True,1
2,2106,02_21_17_48_35_912,9.99,0.05,13.5,0.0,0.0,0,0.01,3.5156,2837,0.0,1.19,1892.3027,475.662,0.0,2.59129,4.92544,6,True,1
3,2107,02_21_17_48_35_985,9.99,0.08,13.5,0.0,0.0,0,0.01,3.5156,2837,0.0,1.77,1912.43138,490.011,0.0,2.59516,4.92157,6,True,1
4,2108,02_21_17_48_36_025,9.99,0.12,13.5,0.0,0.0,0,0.01,3.5156,2838,0.00147,2.35,1907.7863,567.691,0.0,2.60161,4.92415,6,True,1
5,2109,02_21_17_48_36_078,9.98,0.15,13.5,0.0,0.0,0,0.01,3.5156,2838,0.00147,2.92,1910.10884,582.233,0.0,2.61322,4.91512,6,True,1
6,2110,02_21_17_48_36_132,9.98,0.18,13.5,0.0,0.0,0,0.01,3.5156,2840,0.003,3.5,1885.33508,631.611,0.0,2.59,4.92157,6,True,1
7,2111,02_21_17_48_36_173,9.96,0.3,13.5,0.0,0.0,0,0.01,3.5156,2840,0.003,3.51,1893.85106,495.113,0.0,2.58483,4.92286,6,True,1
8,2112,02_21_17_48_36_264,9.94,0.43,13.51,-0.0,0.0,0,0.01,3.5156,2841,0.003,3.52,1902.10898,660.101,0.0,2.59258,4.92157,6,True,1
9,2113,02_21_17_48_36_303,9.93,0.65,13.5,0.0,0.0,0,0.01,3.5156,2841,0.003,3.5,1889.46404,835.438,0.0,2.59258,4.92673,6,True,1
10,2114,02_21_17_48_36_366,9.93,0.87,13.5,0.0,0.0,0,0.01,3.5156,2841,0.003,3.49,1884.81896,774.742,0.0,2.59516,4.92544,6,True,1
11,2115,02_21_17_48_36_405,9.91,1.01,13.5,0.0,0.0,0,0.01,3.5156,2841,0.003,3.48,1879.65776,720.121,0.0,2.59645,4.92028,6,True,1
12,2116,02_21_17_48_36_464,9.9,1.16,13.5,0.0,0.0,0,0.01,3.5156,2842,0.003,3.47,1897.98002,737.61,0.0,2.59387,4.92028,6,True,1
13,2117,02_21_17_48_36_523,9.87,1.44,13.5,0.0,0.0,0,0.01,3.5156,2844,0.003,3.5,1876.04492,956.104,0.0,2.59645,4.92802,6,True,1
14,2118,02_21_17_48_36_570,9.86,1.57,13.5,0.0,0.0,0,0.01,3.5156,2844,0.003,3.5,1887.39956,649.104,0.0,2.59387,4.92286,6,True,1
15,2119,02_21_17_48_36_626,9.84,1.7,13.5,0.0,0.0,0,0.01,3.5156,2845,0.003,3.5,1892.3027,742.9,0.0,2.59774,4.92028,6,True,1
16,2120,02_21_17_48_36_761,9.78,2.12,13.49,0.0,0.0,0,0.01,3.5156,2848,0.003,3.52,1917.07645,897.98,0.0,2.59516,4.92544,6,True,1
17,2121,02_21_17_48_36_820,9.75,2.25,13.49,0.0,0.0,0,0.01,3.5156,2848,0.003,3.51,1879.3997,1169.881,0.0,2.6029,4.91899,6,True,1
18,2122,02_21_17_48_36_867,9.72,2.38,13.49,0.0,0.0,0,0.01,3.5156,2848,0.003,3.5,1859.78714,819.991,0.4370808277653001,2.59516,4.92415,6,True,1
19,2123,02_21_17_48_36_926,9.64,2.64,13.49,0.0,0.0,0,0.01,3.5156,2848,0.003,3.5,1837.85205,878.099,2.3417247116174864,2.59387,4.92544,6,True,1
20,2124,02_21_17_48_36_966,9.61,2.73,13.49,0.0,0.0,0,0.01,3.5156,2848,0.003,3.49,1850.75504,832.649,3.267070216952797,2.59903,4.92673,6,True,1
21,2125,02_21_17_48_37_026,9.58,2.82,13.5,0.0,0.0,0,0.01,3.5156,2848,0.003,3.49,1856.69042,1188.33,3.678409569705364,2.59258,4.92028,6,True,1
22,2126,02_21_17_48_37_064,9.55,2.91,13.5,0.0,0.0,0,0.01,3.5156,2846,0.003,3.48,1859.52908,964.609,4.717757389374744,2.59129,4.92415,6,True,1
23,2127,02_21_17_48_37_140,9.47,3.17,13.5,-0.0,0.0,0,0.01,3.5156,2845,0.003,3.47,1854.884,823.226,5.325473942523801,2.59258,4.92673,6,True,1
24,2128,02_21_17_48_37_186,9.4,3.36,13.5,0.0,0.0,0,0.01,3.5156,2845,0.003,3.48,1855.40012,873.326,5.326521220505931,2.59387,4.92415,6,True,1
25,2129,02_21_17_48_37_249,9.33,3.56,13.5,0.0,0.0,0,0.01,3.5156,2845,0.003,3.48,1852.04534,726.321,5.548234141147974,2.59516,4.92544,6,True,1
26,2130,02_21_17_48_37_316,9.28,3.69,13.5,0.0,0.0,0,0.01,3.5156,2846,0.003,3.5,1847.40027,744.352,5.7677711884661305,2.59129,4.91899,6,True,1
27,2131,02_21_17_48_37_367,9.22,3.82,13.5,-0.0,0.0,0,0.01,3.5156,2846,0.003,3.51,1842.23907,822.922,6.183945959700812,2.59516,4.9177,6,True,1
28,2132,02_21_17_48_37_430,9.11,4.09,13.5,0.0,0.0,0,0.01,3.5156,2846,0.003,3.51,1848.17444,1082.035,6.385888715754448,2.59516,4.92157,6,True,1
29,2133,02_21_17_48_37_484,9.05,4.22,13.5,0.0,0.0,0,0.01,3.5156,2846,0.003,3.51,1834.49727,1109.874,6.659354032111524,2.59258,4.92544,6,True,1
30,2134,02_21_17_48_37_636,8.99,4.35,13.5,0.0,0.0,0,0.01,3.5156,2848,0.003,3.52,1837.59399,859.445,6.911066549021215,2.58225,4.92286,6,True,1
31,2135,02_21_17_48_37_703,8.87,4.57,13.5,0.0,0.0,0,0.01,3.5156,2848,0.003,3.51,1840.69071,1031.739,6.845064970473254,2.58354,4.92802,6,True,1
32,2136,02_21_17_48_37_769,8.74,4.83,13.5,0.0,0.0,0,0.01,3.5156,2849,0.003,3.48,1834.23921,1193.215,7.104647930052551,2.59645,4.91899,6,True,1
33,2137,02_21_17_48_37_841,8.59,5.09,13.5,0.0,0.0,0,0.01,3.5156,2849,0.003,3.48,1839.40041,1270.682,7.158482807306307,2.59387,4.92544,6,True,1
34,2138,02_21_17_48_37_886,8.52,5.2,13.5,0.0,0.0,0,0.01,3.5156,2849,0.003,3.47,1834.75533,1336.459,7.158482807306307,2.59516,4.92157,6,True,1
35,2139,02_21_17_48_37_959,8.45,5.32,13.5,0.0,0.0,0,0.01,3.5156,2849,0.003,3.47,1812.82023,1239.52,6.974949477415589,2.59258,4.92286,6,True,1
36,2140,02_21_17_48_37_997,8.32,5.5,13.5,0.0,0.0,0,0.01,3.5156,2849,0.003,3.47,1805.59455,1277.817,7.167710231482575,2.59387,4.92157,6,True,1
37,2141,02_21_17_48_38_069,8.2,5.68,13.5,0.0,0.0,0,0.01,3.5156,2849,0.003,3.47,1814.62665,988.014,7.344697212274989,2.59129,4.92931,6,True,1
38,2142,02_21_17_48_38_116,8.11,5.8,13.5,0.0,0.0,0,0.01,3.5156,2849,0.003,3.49,1815.91695,742.532,7.2872588896648915,2.60677,4.92802,6,True,1
39,2143,02_21_17_48_38_183,8.03,5.91,13.5,0.0,0.0,0,0.01,3.5156,2849,0.003,3.51,1805.33649,613.099,7.223792468122268,2.59387,4.91899,6,True,1
40,2144,02_21_17_48_38_241,7.86,6.14,13.5,0.0,0.0,0,0.01,3.5156,2850,0.003,3.51,1804.04619,920.233,7.282277185228533,2.59258,4.92415,6,True,1
41,2145,02_21_17_48_38_292,7.77,6.26,13.5,0.0,0.0,0,0.01,3.5156,2850,0.003,3.52,1823.40069,1085.241,7.34280313385154,2.59387,4.92286,6,True,1
42,2146,02_21_17_48_38_343,7.68,6.37,13.5,0.0,0.0,0,0.01,3.5156,2849,0.003,3.53,1829.59413,905.628,7.282277185228533,2.59645,4.92673,6,True,1
43,2147,02_21_17_48_38_377,7.59,6.48,13.5,0.0,0.0,0,0.01,3.5156,2849,0.003,3.52,1818.49755,1017.64,7.280481787972551,2.6029,4.92157,6,True,1
44,2148,02_21_17_48_38_458,7.5,6.59,13.5,0.0,0.0,0,0.01,3.5156,2849,0.003,3.51,1802.23977,984.837,7.404006727779223,2.59516,4.91899,6,True,1
45,2149,02_21_17_48_38_533,7.3,6.81,13.5,-0.0,0.0,0,0.01,3.5156,2849,0.003,3.51,1796.30439,1138.426,7.581441346142566,2.60419,4.92931,6,True,1
46,2150,02_21_17_48_38_600,7.21,6.9,13.5,0.0,0.0,0,0.01,3.5156,2849,0.003,3.49,1799.40111,867.778,7.456269479605736,2.58096,4.92157,6,True,1
47,2151,02_21_17_48_38_664,7.12,7.0,13.5,0.0,0.0,0,0.01,3.5156,2850,0.003,3.47,1795.27215,1111.59,7.230603418283981,2.59258,4.92028,6,True,1
48,2152,02_21_17_48_38_709,7.02,7.09,13.5,0.0,0.0,0,0.01,3.5156,2850,0.003,3.48,1798.36887,978.516,7.163579800630408,2.59387,4.92157,6,True,1
49,2153,02_21_17_48_38_766,6.93,7.18,13.5,0.0,0.0,0,0.01,3.5156,2850,0.003,3.48,1814.11053,1204.876,7.344175084037689,2.59774,4.92157,6,True,1
50,2154,02_21_17_48_38_823,6.77,7.33,13.5,0.0,0.0,0,0.01,3.5156,2850,0.003,3.48,1819.78785,920.379,7.461560186884509,2.59516,4.92028,6,True,1
51,2155,02_21_17_48_38_873,6.61,7.48,13.5,0.0,0.0,0,0.01,3.5156,2850,0.003,3.49,1829.07801,1323.199,7.461560186884509,2.59258,4.92157,6,True,1
52,2156,02_21_17_48_38_927,6.51,7.58,13.5,0.0,0.0,0,0.01,3.5156,2850,0.003,3.5,1807.40097,1059.356,7.342475536901706,2.59516,4.92286,6,True,1
53,2157,02_21_17_48_39_041,6.4,7.67,13.5,0.0,0.0,0,0.01,3.5156,2850,0.00299,3.52,1787.78841,1081.204,7.220592192126626,2.59645,4.92286,6,True,1
54,2158,02_21_17_48_39_075,6.17,7.85,13.5,0.0,0.0,0,0.01,3.5156,2850,0.003,3.52,1795.01409,1234.289,7.286302054197314,2.59903,4.92286,6,True,1
55,2159,02_21_17_48_39_143,6.06,7.94,13.5,0.0,0.0,0,0.01,3.5156,2850,0.003,3.51,1815.14277,1021.485,7.28871303900764,2.59516,4.92028,6,True,1
56,2160,02_21_17_48_39_207,5.94,8.02,13.5,0.0,0.0,0,0.01,3.5156,2850,0.003,3.51,1789.07871,789.346,7.228327384153267,2.59516,4.92415,6,True,1
57,2161,02_21_17_48_39_274,5.69,8.19,13.5,0.0,0.0,0,0.01,3.5156,2852,0.003,3.48,1794.75603,1057.857,7.164596817860723,2.59387,4.92286,6,True,1
58,2162,02_21_17_48_39_407,5.45,8.35,13.5,0.0,0.0,0,0.01,3.5156,2852,0.003,3.48,1812.82023,1074.369,7.098433173947615,2.59258,4.92673,6,True,1
59,2163,02_21_17_48_39_459,5.2,8.5,13.5,0.0,0.0,0,0.01,3.5156,2850,0.003,3.49,1821.33621,1016.462,7.221031529670812,2.59258,4.92673,6,True,1
60,2164,02_21_17_48_39_492,5.08,8.57,13.5,0.0,0.0,0,0.01,3.5156,2850,0.003,3.49,1816.94919,1004.113,7.102945058389512,2.59387,4.92028,6,True,1
61,2165,02_21_17_48_39_565,4.97,8.64,13.5,0.0,0.0,0,0.01,3.5156,2852,0.003,3.49,1800.43335,1165.681,7.224680377878317,2.59387,4.92544,6,True,1
62,2166,02_21_17_48_39_597,4.84,8.71,13.5,0.0,0.0,0,0.01,3.5156,2852,0.003,3.5,1800.69141,1166.758,7.162148919493367,2.59,4.92544,6,True,1
63,2167,02_21_17_48_39_682,4.72,8.78,13.5,0.0,0.0,0,0.01,3.5156,2852,0.003,3.52,1785.72393,1045.257,7.159437248310791,2.59387,4.92415,6,True,1
64,2168,02_21_17_48_39_735,4.6,8.85,13.5,0.0,0.0,0,0.01,3.5156,2852,0.003,3.52,1788.56259,1142.372,7.159437248310791,2.59387,4.92286,6,True,1
65,2169,02_21_17_48_39_798,4.47,8.92,13.5,0.0,0.0,0,0.01,3.5156,2852,0.003,3.53,1794.75603,1238.965,7.159437248310791,2.59774,4.92802,6,True,1
66,2170,02_21_17_48_39_835,4.28,9.0,13.5,0.0,0.0,0,0.01,3.5156,2852,0.003,3.51,1797.33663,1204.446,7.033704168146397,2.59,4.92415,6,True,1
67,2171,02_21_17_48_39_912,4.09,9.09,13.51,0.0,0.0,0,0.01,3.5156,2852,0.00299,3.49,1787.27229,1183.896,7.037915774574174,2.59129,4.92931,6,True,1
68,2172,02_21_17_48_39_959,3.85,9.2,13.5,0.0,0.0,0,0.01,3.5156,2852,0.00299,3.49,1797.07857,817.574,7.100868671155664,2.59774,4.92286,6,True,1
69,2173,02_21_17_48_40_028,3.72,9.25,13.5,0.0,0.0,0,0.01,3.5156,2852,0.00299,3.49,1792.94961,1204.433,7.044139381961433,2.59516,4.92415,6,True,1
70,2174,02_21_17_48_40_090,3.58,9.31,13.5,0.0,0.0,0,0.01,3.5156,2852,0.003,3.48,1802.23977,993.245,7.102591673642798,2.59645,4.92157,6,True,1
71,2175,02_21_17_48_40_128,3.44,9.36,13.5,0.0,0.0,0,0.01,3.5156,2852,0.003,3.47,1792.43349,844.732,7.03642961309214,2.59645,4.92286,6,True,1
72,2176,02_21_17_48_40_177,3.31,9.41,13.5,-0.0,0.0,0,0.01,3.5156,2852,0.003,3.46,1803.01395,945.32,7.103219901037838,2.59387,4.92028,6,True,1
73,2177,02_21_17_48_40_236,3.16,9.46,13.5,0.0,0.0,0,0.01,3.5156,2852,0.003,3.47,1796.04633,1081.751,7.043941420291626,2.59387,4.91899,6,True,1
74,2178,02_21_17_48_40_316,3.02,9.5,13.5,0.0,0.0,0,0.01,3.5156,2852,0.003,3.49,1805.59455,656.669,6.913931097790894,2.59645,4.91899,6,True,1
75,2179,02_21_17_48_40_376,2.73,9.59,13.5,0.0,0.0,0,0.01,3.5156,2852,0.003,3.49,1797.85275,1138.239,6.974804532028119,2.59645,4.92415,6,True,1
76,2180,02_21_17_48_40_416,2.59,9.63,13.5,0.0,0.0,0,0.01,3.5156,2852,0.003,3.52,1812.04605,973.79,7.03587965378175,2.58871,4.92028,6,True,1
77,2181,02_21_17_48_40_488,2.45,9.67,13.5,0.0,0.0,0,0.01,3.5156,2852,0.003,3.54,1816.69113,988.828,6.968368919804691,2.59774,4.92286,6,True,1
78,2182,02_21_17_48_40_556,2.17,9.73,13.5,-0.0,0.0,0,0.01,3.5156,2852,0.003,3.54,1804.82037,1043.717,6.908332016485599,2.59258,4.92286,6,True,1
79,2183,02_21_17_48_40_617,2.03,9.76,13.5,0.0,0.0,0,0.01,3.5156,2852,0.003,3.53,1808.17515,765.875,6.841376715252567,2.59129,4.92286,6,True,1
80,2184,02_21_17_48_40_676,1.89,9.79,13.5,0.0,0.0,0,0.01,3.5156,2852,0.003,3.53,1812.04605,1290.321,7.1080279271046765,2.59387,4.92286,6,True,1
81,2185,02_21_17_48_40_716,1.74,9.82,13.5,0.0,0.0,0,0.01,3.5156,2852,0.003,3.49,1824.94905,1272.607,6.977572968088546,2.59258,4.92673,6,True,1
82,2186,02_21_17_48_40_794,1.6,9.85,13.5,0.0,0.0,0,0.01,3.5156,2852,0.003,3.46,1823.40069,1162.353,6.906742261189424,2.59258,4.92802,6,True,1
83,2187,02_21_17_48_40_850,1.33,9.89,13.5,0.0,0.0,0,0.01,3.5156,2850,0.003,3.48,1831.14249,1478.255,6.915519200501145,2.59516,4.9177,6,True,1
84,2188,02_21_17_48_40_911,1.13,9.91,13.5,0.0,0.0,0,0.01,3.5156,2850,0.003,3.48,1825.46517,971.017,6.920215833519935,2.59,4.92286,6,True,1
85,2189,02_21_17_48_40_961,0.93,9.94,13.5,0.0,0.0,0,0.01,3.5156,2850,0.003,3.47,1831.14249,862.801,6.920215833519935,2.59903,4.92415,6,True,1
86,2190,02_21_17_48_41_025,0.78,9.95,13.5,0.0,0.0,0,0.01,3.5156,2850,0.003,3.48,1841.46489,939.463,6.912841902213589,2.59387,4.92028,6,True,1
87,2191,02_21_17_48_41_067,0.64,9.96,13.5,0.0,0.0,0,0.01,3.5156,2850,0.003,3.48,1849.98086,1000.188,6.912841902213589,2.59258,4.92544,6,True,1
88,2192,02_21_17_48_41_137,0.35,9.98,13.5,0.0,0.0,0,0.01,3.5156,2850,0.003,3.48,1823.91681,838.424,6.780816967003313,2.58871,4.92931,6,True,1
89,2193,02_21_17_48_41_170,0.25,9.98,13.5,0.0,0.0,0,0.01,3.5156,2850,0.003,3.5,1825.72323,865.047,6.846266790010451,2.59516,4.92157,6,True,1
90,2194,02_21_17_48_41_243,0.16,9.98,13.5,0.0,0.0,0,0.01,3.5156,2850,0.003,3.51,1815.40083,1075.388,6.78461008054258,2.59516,4.92802,6,True,1
91,2195,02_21_17_48_41_299,0.06,9.98,13.5,0.0,0.0,0,0.01,3.5156,2850,0.00299,3.52,1816.94919,959.494,6.846266790010451,2.59387,4.9177,6,True,1
92,2196,02_21_17_48_41_446,-0.52,9.96,13.5,0.0,0.0,0,0.01,3.5156,2850,0.003,3.5,1831.14249,1054.451,6.914188243930013,2.59258,4.92544,6,True,1
93,2197,02_21_17_48_41_490,-0.66,9.95,13.5,0.0,0.0,0,0.01,3.5156,2850,0.003,3.49,1830.36831,677.031,6.784599803967806,2.59387,4.92286,6,True,1
94,2198,02_21_17_48_41_541,-0.8,9.94,13.5,0.0,0.0,0,0.01,3.5156,2850,0.003,3.49,1829.85219,924.387,6.782852559948506,2.59129,4.92157,6,True,1
95,2199,02_21_17_48_41_599,-0.94,9.93,13.5,0.0,0.0,0,0.01,3.5156,2850,0.003,3.48,1847.14221,695.304,6.912251849614567,2.59516,4.92286,6,True,1
96,2200,02_21_17_48_41_649,-1.08,9.91,13.5,0.0,0.0,0,0.01,3.5156,2850,0.003,3.48,1820.04591,783.28,6.917197655481589,2.57709,4.92415,6,True,1
97,2201,02_21_17_48_41_745,-1.37,9.88,13.5,-0.0,0.0,0,0.01,3.5156,2850,0.003,3.47,1835.27145,1074.14,6.847427669570522,2.59645,4.92028,6,True,1
98,2202,02_21_17_48_41_802,-1.5,9.86,13.5,0.0,0.0,0,0.01,3.5156,2850,0.003,3.48,1844.56161,1137.07,6.9058488095237065,2.58871,4.92544,6,True,1
99,2203,02_21_17_48_41_852,-1.64,9.85,13.5,0.0,0.0,0,0.01,3.5156,2850,0.003,3.49,1831.91667,1275.103,6.84669450537995,2.60935,4.92802,6,True,1
100,2204,02_21_17_48_41_912,-1.85,9.82,13.5,0.0,0.0,0,0.01,3.5156,2850,0.003,3.51,1817.72337,1120.115,6.977647910470977,2.59258,4.91899,6,True,1
101,2205,02_21_17_48_41_955,-2.06,9.79,13.5,0.0,0.0,0,0.01,3.5156,2850,0.003,3.52,1817.98143,1238.51,6.847997854117654,2.59129,4.92028,6,True,1
102,2206,02_21_17_48_42_015,-2.19,9.76,13.5,0.0,0.0,0,0.01,3.5156,2850,0.003,3.52,1841.20683,525.478,6.91275112816887,2.59129,4.92157,6,True,1
103,2207,02_21_17_48_42_057,-2.32,9.74,13.5,-0.0,0.0,0,0.01,3.5156,2850,0.003,3.52,1821.59427,1015.343,6.91275112816887,2.58871,4.92157,6,True,1
104,2208,02_21_17_48_42_143,-2.46,9.7,13.5,0.0,0.0,0,0.01,3.5156,2850,0.003,3.5,1816.43307,828.445,6.97358487221601,2.59,4.92157,6,True,1
105,2209,02_21_17_48_42_195,-2.6,9.65,13.5,0.0,0.0,0,0.01,3.5156,2850,0.003,3.48,1829.59413,830.286,6.846862529107766,2.59903,4.92028,6,True,1
106,2210,02_21_17_48_42_239,-2.88,9.57,13.5,0.0,0.0,0,0.01,3.5156,2850,0.003,3.48,1822.62651,1020.679,6.912357760200205,2.59129,4.92028,6,True,1
107,2211,02_21_17_48_42_345,-3.16,9.48,13.5,0.0,0.0,0,0.01,3.5156,2850,0.003,3.47,1820.04591,980.282,6.85535,2.59903,4.92415,6,True,1
108,2212,02_21_17_48_42_406,-3.29,9.43,13.5,0.0,0.0,0,0.01,3.5156,2850,0.003,3.48,1831.65861,980.649,6.85535,2.58225,4.92673,6,True,1
109,2213,02_21_17_48_42_462,-3.42,9.38,13.5,0.0,0.0,0,0.01,3.5156,2850,0.003,3.49,1851.78728,874.132,6.851280582672118,2.59387,4.92544,6,True,1
110,2214,02_21_17_48_42_503,-3.56,9.32,13.5,0.0,0.0,0,0.01,3.5156,2850,0.003,3.48,1833.20697,1182.932,6.848069123847977,2.59258,4.92673,6,True,1
111,2215,02_21_17_48_42_575,-3.69,9.27,13.5,0.0,0.0,0,0.01,3.5156,2850,0.003,3.47,1838.88429,843.934,6.784579250771561,2.59774,4.92544,6,True,1
112,2216,02_21_17_48_42_705,-3.96,9.15,13.5,0.0,0.0,0,0.01,3.5156,2850,0.003,3.52,1835.52951,1032.937,6.782096994477445,2.59903,4.92157,6,True,1
113,2217,02_21_17_48_42_747,-4.22,9.03,13.5,0.0,0.0,0,0.01,3.5156,2850,0.003,3.53,1838.11011,647.918,6.782096994477445,2.59645,4.92157,6,True,1
114,2218,02_21_17_48_42_788,-4.66,8.8,13.5,0.0,0.0,0,0.01,3.5156,2850,0.003,3.51,1826.49741,948.468,6.779773231642781,2.59387,4.92028,6,True,1
115,2219,02_21_17_48_43_076,-5.1,8.57,13.5,0.0,0.0,0,0.01,3.5156,2850,0.003,3.49,1832.43279,940.707,6.720479227703929,2.59129,4.92286,6,True,1
116,2220,02_21_17_48_43_626,-6.29,7.73,13.51,0.0,0.0,0,0.01,3.5156,2850,0.003,3.51,1839.65847,620.263,6.7201679815314135,2.59129,4.92157,6,True,1
117,2221,02_21_17_48_43_688,-6.51,7.55,13.5,0.0,0.0,0,0.01,3.5156,2850,0.003,3.52,1831.91667,770.525,6.7827703256118,2.59387,4.92286,6,True,1
118,2222,02_21_17_48_43_851,-6.93,7.17,13.5,0.0,0.0,0,0.01,3.5156,2850,0.00299,3.51,1853.33564,783.293,6.655410962705458,2.59516,4.92544,6,True,1
119,2223,02_21_17_48_43_945,-7.07,7.02,13.5,0.0,0.0,0,0.01,3.5156,2850,0.00299,3.48,1821.07815,1026.954,6.658139417660162,2.59387,4.92028,6,True,1
120,2224,02_21_17_48_44_004,-7.22,6.88,13.5,0.0,0.0,0,0.01,3.5156,2850,0.003,3.45,1821.85233,494.37,6.654698552338791,2.59258,4.92802,6,True,1
121,2225,02_21_17_48_44_179,-7.59,6.45,13.5,0.0,0.0,0,0.01,3.5156,2850,0.003,3.49,1826.23935,1008.521,6.651869111197243,2.59129,4.92286,6,True,1
122,2226,02_21_17_48_44_254,-7.86,6.11,13.5,0.0,0.0,0,0.01,3.5156,2850,0.003,3.49,1841.72295,708.623,6.657128815225074,2.59,4.92673,6,True,1
123,2227,02_21_17_48_44_498,-8.13,5.77,13.5,-0.0,0.0,0,0.01,3.5156,2850,0.003,3.5,1835.52951,675.223,6.581336305417008,2.59258,4.91899,6,True,1
124,2228,02_21_17_48_44_588,-8.29,5.53,13.5,0.0,0.0,0,0.01,3.5156,2850,0.003,3.5,1846.62609,638.929,6.718450680960603,2.60935,4.91899,6,True,1
125,2229,02_21_17_48_44_656,-8.45,5.29,13.51,0.0,0.0,0,0.01,3.5156,2850,0.003,3.5,1831.91667,792.056,6.720053854322895,2.59516,4.92286,6,True,1
126,2230,02_21_17_48_44_698,-8.52,5.16,13.5,0.0,0.0,0,0.01,3.5156,2850,0.003,3.49,1827.27159,663.449,6.718715308747647,2.59258,4.92544,6,True,1
127,2231,02_21_17_48_44_798,-8.59,5.04,13.5,0.0,0.0,0,0.01,3.5156,2850,0.003,3.49,1827.52965,506.478,6.647738062115565,2.59516,4.92286,6,True,1
128,2232,02_21_17_48_44_912,-8.8,4.67,13.5,0.0,0.0,0,0.01,3.5156,2850,0.003,3.52,1845.59385,940.811,6.721667018121322,2.59387,4.92544,6,True,1
129,2233,02_21_17_48_45_054,-9.04,4.17,13.5,0.0,0.0,0,0.01,3.5156,2850,0.003,3.5,1843.01325,585.41,6.656102346906934,2.6029,4.92286,6,True,1
130,2234,02_21_17_48_45_126,-9.25,3.64,13.5,0.0,0.0,0,0.01,3.5156,2850,0.003,3.49,1837.59399,875.009,6.786885958412739,2.59387,4.91899,6,True,1
131,2235,02_21_17_48_45_463,-9.47,3.11,13.5,0.0,0.0,0,0.01,3.5156,2850,0.00299,3.47,1833.20697,786.587,6.653566920269157,2.58225,4.92415,6,True,1
132,2236,02_21_17_48_46_138,-9.88,1.29,13.5,0.0,0.0,0,0.01,3.5156,2850,0.003,3.49,1812.04605,818.154,6.7211431713660135,2.59387,4.92415,6,True,1
133,2237,02_21_17_48_46_282,-9.95,0.72,13.5,0.0,0.0,0,0.01,3.5156,2850,0.003,3.47,1802.49783,762.142,6.719431308153987,2.59258,4.92286,6,True,1
134,2238,02_21_17_48_46_356,-9.96,0.45,13.5,0.0,0.0,0,0.01,3.5156,2850,0.003,3.47,1814.36859,900.861,6.722885711508117,2.59258,4.92028,6,True,1
135,2239,02_21_17_48_46_750,-9.95,-0.54,13.5,0.0,0.0,0,0.01,3.5156,2850,0.003,3.51,1784.94975,977.681,6.8473258459051,2.59,4.92544,6,True,1
136,2240,02_21_17_48_46_813,-9.93,-0.8,13.5,0.0,0.0,0,0.01,3.5156,2850,0.003,3.51,1788.56259,660.301,6.780621600192713,2.59258,4.9177,6,True,1
137,2241,02_21_17_48_46_877,-9.91,-1.08,13.5,0.0,0.0,0,0.01,3.5156,2850,0.003,3.47,1828.04577,680.087,6.718222366258801,2.58741,4.92157,6,True,1
138,2242,02_21_17_48_46_959,-9.9,-1.22,13.5,0.0,0.0,0,0.01,3.5156,2850,0.003,3.48,1814.88471,598.883,6.581373384218525,2.60935,4.92286,6,True,1
139,2243,02_21_17_48_47_018,-9.88,-1.36,13.5,-0.0,0.0,0,0.01,3.5156,2850,0.003,3.48,1802.49783,593.184,6.6584745058459145,2.59516,4.92028,6,True,1
140,2244,02_21_17_48_47_095,-9.83,-1.79,13.5,0.0,0.0,0,0.01,3.5156,2850,0.003,3.5,1803.27201,609.725,6.649547022542212,2.59258,4.92673,6,True,1
141,2245,02_21_17_48_48_073,-8.91,-4.5,13.5,0.0,0.0,0,0.01,3.5156,2850,0.003,3.51,1782.88527,627.089,6.041488997341632,2.59387,4.92028,6,True,1
142,2246,02_21_17_48_48_347,-8.54,-5.11,13.5,0.0,0.0,0,0.01,3.5156,2850,0.003,3.5,1790.11095,677.736,6.849183889522897,2.60548,4.92286,6,True,1
143,2247,02_21_17_48_48_541,-8.18,-5.71,13.5,0.0,0.0,0,0.01,3.5156,2849,0.003,3.49,1799.14305,739.956,6.907716345146201,2.58871,4.92157,6,True,1
144,2248,02_21_17_48_48_607,-8.06,-5.88,13.5,0.0,0.0,0,0.01,3.5156,2849,0.003,3.49,1788.56259,1014.805,6.3958438264626185,2.59258,4.92544,6,True,1
145,2249,02_21_17_48_48_667,-7.95,-6.04,13.5,0.0,0.0,0,0.01,3.5156,2850,0.003,3.49,1793.46573,884.528,6.850547830830758,2.59,4.91899,6,True,1
146,2250,02_21_17_48_48_722,-7.76,-6.26,13.5,0.0,0.0,0,0.01,3.5156,2849,0.003,3.51,1789.33677,765.503,6.849046462464684,2.59129,4.92028,6,True,1
147,2251,02_21_17_48_48_951,-7.58,-6.49,13.5,0.0,0.0,0,0.01,3.5156,2849,0.003,3.53,1775.6596,1115.506,7.100569189332641,2.59516,4.92415,6,True,1
148,2252,02_21_17_48_49_104,-7.24,-6.85,13.5,0.0,0.0,0,0.01,3.5156,2850,0.003,3.5,1791.65931,659.086,6.852954423093736,2.59258,4.92544,6,True,1
149,2253,02_21_17_48_49_156,-7.05,-7.05,13.5,0.0,0.0,0,0.01,3.5156,2849,0.003,3.49,1784.43363,835.309,6.921318979067501,2.59,4.92028,6,True,1
150,2254,02_21_17_48_49_203,-6.96,-7.14,13.5,0.0,0.0,0,0.01,3.5156,2849,0.003,3.49,1782.11109,825.397,7.044599621341159,2.59387,4.92931,6,True,1
151,2255,02_21_17_48_49_322,-6.86,-7.23,13.5,0.0,0.0,0,0.01,3.5156,2849,0.003,3.49,1777.98214,772.701,7.039208479829249,2.59258,4.92028,6,True,1
152,2256,02_21_17_48_49_390,-6.5,-7.56,13.5,0.0,0.0,0,0.01,3.5156,2850,0.003,3.48,1766.88556,722.847,7.100564279689326,2.59258,4.92286,6,True,1
153,2257,02_21_17_48_49_444,-6.28,-7.75,13.5,0.0,0.0,0,0.01,3.5156,2850,0.003,3.48,1774.62736,888.181,7.100564279689326,2.59129,4.92544,6,True,1
154,2258,02_21_17_48_49_569,-6.05,-7.93,13.5,0.0,0.0,0,0.01,3.5156,2849,0.003,3.48,1782.11109,957.328,6.971374945087949,2.59258,4.92415,6,True,1
155,2259,02_21_17_48_49_817,-5.62,-8.25,13.5,0.0,0.0,0,0.01,3.5156,2849,0.003,3.48,1767.65974,871.097,7.16195421969451,2.59129,4.92544,6,True,1
156,2260,02_21_17_48_49_918,-5.37,-8.4,13.5,0.0,0.0,0,0.01,3.5156,2849,0.003,3.5,1781.33691,877.986,7.287062748631989,2.59258,4.92286,6,True,1
157,2261,02_21_17_48_49_960,-5.13,-8.55,13.5,-0.0,0.0,0,0.01,3.5156,2849,0.003,3.5,1777.20796,793.617,7.156807358207988,2.58871,4.92028,6,True,1
158,2262,02_21_17_48_50_047,-4.96,-8.66,13.5,0.0,0.0,0,0.01,3.5156,2849,0.003,3.48,1786.49811,1081.918,7.16195421969451,2.58741,4.92286,6,True,1
159,2263,02_21_17_48_50_097,-4.78,-8.76,13.5,-0.0,0.0,0,0.01,3.5156,2849,0.003,3.47,1787.01423,1211.773,7.16195421969451,2.58871,4.92544,6,True,1
160,2264,02_21_17_48_50_362,-4.28,-9.01,13.5,-0.0,0.0,0,0.01,3.5156,2849,0.003,3.49,1789.33677,1043.103,7.032965638512675,2.59129,4.92802,6,True,1
161,2265,02_21_17_48_50_399,-3.89,-9.18,13.5,0.0,0.0,0,0.01,3.5156,2849,0.003,3.53,1777.20796,1032.348,7.041288196949476,2.59258,4.92157,6,True,1
162,2266,02_21_17_48_50_534,-3.65,-9.28,13.5,0.0,0.0,0,0.01,3.5156,2849,0.003,3.51,1786.24005,1106.934,7.164207546023496,2.59516,4.92415,6,True,1
163,2267,02_21_17_48_50_679,-3.38,-9.38,13.5,0.0,0.0,0,0.01,3.5156,2849,0.003,3.48,1793.72379,1198.187,7.047404946680728,2.59,4.92157,6,True,1
164,2268,02_21_17_48_50_886,-2.83,-9.56,13.5,-0.0,0.0,0,0.01,3.5156,2849,0.003,3.46,1796.30439,775.861,7.1030824810430016,2.59,4.92028,6,True,1
165,2269,02_21_17_48_50_966,-2.43,-9.68,13.5,0.0,0.0,0,0.01,3.5156,2849,0.003,3.48,1805.33649,1119.009,7.0375987531259545,2.59129,4.92544,6,True,1
166,2270,02_21_17_48_51_280,-1.57,-9.84,13.5,0.0,0.0,0,0.01,3.5156,2849,0.003,3.52,1803.27201,763.603,7.03482420604808,2.60161,4.92286,6,True,1
167,2271,02_21_17_48_51_350,-1.29,-9.88,13.5,0.0,0.0,0,0.01,3.5156,2849,0.003,3.52,1818.23949,998.91,7.03482420604808,2.59129,4.92544,6,True,1
168,2272,02_21_17_48_51_401,-1.03,-9.91,13.5,0.0,0.0,0,0.01,3.5156,2849,0.003,3.49,1818.49755,716.981,7.095854368044767,2.59129,4.92286,6,True,1
169,2273,02_21_17_48_51_439,-0.9,-9.93,13.5,0.0,0.0,0,0.01,3.5156,2849,0.003,3.48,1832.17473,928.123,7.338932757901519,2.59,4.92028,6,True,1
170,2274,02_21_17_48_51_524,-0.76,-9.94,13.51,0.0,0.0,0,0.01,3.5156,2848,0.003,3.47,1811.27187,1159.548,7.099847435332678,2.59645,4.92028,6,True,1
171,2275,02_21_17_48_51_585,-0.55,-9.96,13.5,0.0,0.0,0,0.01,3.5156,2848,0.003,3.47,1829.33607,1087.525,7.095721718401871,2.59258,4.92028,6,True,1
172,2276,02_21_17_48_51_676,-0.34,-9.97,13.5,0.0,0.0,0,0.01,3.5156,2849,0.003,3.46,1817.46531,1282.451,7.1084202754550185,2.59258,4.92157,6,True,1
173,2277,02_21_17_48_51_726,-0.07,-9.98,13.5,0.0,0.0,0,0.01,3.5156,2849,0.00299,3.46,1816.69113,1406.532,7.276894455226075,2.59258,4.92286,6,True,1
174,2278,02_21_17_48_52_349,1.77,-9.83,13.5,0.0,0.0,0,0.01,3.5156,2848,0.003,3.48,1834.23921,1577.11,7.3385859865848815,2.58871,4.92415,6,True,1
175,2279,02_21_17_48_52_395,2.46,-9.66,13.5,0.0,0.0,0,0.01,3.5156,2848,0.003,3.49,1825.46517,1197.469,7.455895435995598,2.56161,4.91124,6,True,1
176,2280,02_21_17_48_52_844,3.16,-9.49,13.5,0.0,0.0,0,0.01,3.5156,2848,0.003,3.5,1833.20697,949.074,7.158346448202964,2.59129,4.92028,6,True,1
177,2281,02_21_17_48_52_914,3.42,-9.39,13.5,0.0,0.0,0,0.01,3.5156,2848,0.003,3.5,1824.69099,1010.918,7.102866529965208,2.59129,4.92157,6,True,1
178,2282,02_21_17_48_53_129,4.06,-9.12,13.5,0.0,0.0,0,0.01,3.5156,2848,0.003,3.45,1826.49741,1254.976,7.15595,2.59,4.92157,6,True,1
179,2283,02_21_17_48_53_265,4.32,-8.99,13.5,0.0,0.0,0,0.01,3.5156,2848,0.003,3.51,1824.94905,852.126,7.1042210236239125,2.57322,4.92544,6,True,1
180,2284,02_21_17_48_53_319,4.57,-8.87,13.5,0.0,0.0,0,0.01,3.5156,2848,0.003,3.52,1840.69071,1384.952,7.2213742909504415,2.59129,4.92415,6,True,1
181,2285,02_21_17_48_53_471,4.82,-8.73,13.5,0.0,0.0,0,0.01,3.5156,2848,0.003,3.52,1831.14249,1142.109,7.158716559726331,2.59,4.92157,6,True,1
182,2286,02_21_17_48_53_668,5.32,-8.43,13.5,0.0,0.0,0,0.01,3.5156,2848,0.003,3.48,1843.01325,1289.34,7.349612891166445,2.58871,4.92028,6,True,1
183,2287,02_21_17_48_53_727,5.56,-8.27,13.5,0.0,0.0,0,0.01,3.5156,2848,0.003,3.48,1832.43279,841.793,7.218467545469744,2.59,4.9177,6,True,1
184,2288,02_21_17_48_53_789,5.79,-8.1,13.5,0.0,0.0,0,0.01,3.5156,2848,0.003,3.49,1836.04563,935.547,7.275610440540367,2.57322,4.92673,6,True,1
185,2289,02_21_17_48_53_984,6.02,-7.93,13.5,0.0,0.0,0,0.01,3.5156,2848,0.003,3.49,1821.59427,951.399,7.346794844352195,2.59129,4.92286,6,True,1
186,2290,02_21_17_48_54_053,6.37,-7.67,13.5,0.0,0.0,0,0.01,3.5156,2848,0.003,3.49,1850.23892,1156.888,7.406144046668279,2.59129,4.92415,6,True,1
187,2291,02_21_17_48_54_158,6.58,-7.48,13.5,0.0,0.0,0,0.01,3.5156,2848,0.003,3.5,1838.11011,971.184,7.46870043079785,2.58871,4.92415,6,True,1
188,2292,02_21_17_48_54_197,6.79,-7.28,13.5,0.0,0.0,0,0.01,3.5156,2848,0.003,3.52,1857.20654,1022.27,7.343239907050565,2.57064,4.92544,6,True,1
189,2293,02_21_17_48_54_319,7.0,-7.09,13.5,0.0,0.0,0,0.01,3.5156,2848,0.003,3.53,1830.88443,1001.628,7.165764506491962,2.58741,4.92028,6,True,1
190,2294,02_21_17_48_54_436,7.19,-6.9,13.5,-0.0,0.0,0,0.01,3.5156,2848,0.003,3.5,1844.81967,924.391,7.288669992701,2.59129,4.9177,6,True,1
191,2295,02_21_17_48_54_515,7.39,-6.7,13.5,0.0,0.0,0,0.01,3.5156,2848,0.003,3.49,1853.5937,1080.01,7.284148714846506,2.59,4.92157,6,True,1
192,2296,02_21_17_48_54_592,7.48,-6.59,13.5,0.0,0.0,0,0.01,3.5156,2848,0.003,3.47,1831.91667,940.381,10.02641700771018,2.56935,4.92028,6,True,1
193,2297,02_21_17_48_54_671,7.57,-6.48,13.5,0.0,0.0,0,0.01,3.5156,2848,0.003,3.45,1828.30383,964.88,10.026695159049169,2.58871,4.91899,6,True,1
194,2298,02_21_17_48_54_820,8.02,-5.93,13.5,0.0,0.0,0,0.01,3.5156,2848,0.003,3.51,1847.14221,1161.623,10.026695159049169,2.59,4.92157,6,True,1
195,2299,02_21_17_48_54_881,8.1,-5.81,13.5,0.0,0.0,0,0.01,3.5156,2848,0.003,3.51,1859.52908,1357.773,10.026695159049169,2.59,4.92415,6,True,1
196,2300,02_21_17_48_54_949,8.19,-5.69,13.5,0.0,0.0,0,0.01,3.5156,2846,0.003,3.51,1852.81952,1341.553,10.025151321675898,2.59258,4.9177,6,True,1
197,2301,02_21_17_48_55_030,8.35,-5.44,13.5,0.0,0.0,0,0.01,3.5156,2848,0.003,3.51,1821.33621,873.001,7.343106978827151,2.59,4.92157,6,True,1
198,2302,02_21_17_48_55_122,8.49,-5.22,13.5,0.0,0.0,0,0.01,3.5156,2846,0.003,3.47,1813.07829,1075.647,7.217887987839656,2.59129,4.92028,6,True,1
199,2303,02_21_17_48_55_877,9.41,-3.29,13.5,0.0,0.0,0,0.01,3.5156,2846,0.003,3.51,1824.17487,1013.385,6.847946946713299,2.59129,4.92028,6,True,1
200,2304,02_21_17_48_55_939,9.49,-3.01,13.5,-0.0,0.0,0,0.01,3.5156,2846,0.003,3.48,1831.65861,788.478,6.781361907832379,2.59387,4.92544,6,True,1
201,2305,02_21_17_48_55_973,9.57,-2.76,13.5,0.0,0.0,0,0.01,3.5156,2846,0.003,3.47,1825.20711,816.684,6.847661858254976,2.59,4.92028,6,True,1
202,2306,02_21_17_48_56_113,9.64,-2.52,13.5,0.0,0.0,0,0.01,3.5156,2846,0.003,3.46,1822.11039,672.446,6.843924065183657,2.58612,4.92286,6,True,1
203,2307,02_21_17_48_56_247,9.76,-2.1,13.51,-0.0,0.0,0,0.01,3.5156,2846,0.00176,3.47,1827.27159,897.717,6.85100072142749,2.59129,4.92157,6,True,1
204,2308,02_21_17_48_56_296,10.03,-1.25,14.0,0.0,0.0,0,0.01,3.5156,2846,0.00176,2.47,1816.43307,1298.333,7.033545564294014,2.59258,4.9177,6,True,1
205,2398,02_21_17_49_07_115,10.3,-0.41,14.5,0.0,0.0,0,0.01,3.5156,719,0.0,1.47,1664.17769,344.12,0.0,2.59258,4.91899,6,True,1
206,2399,02_21_17_49_07_193,10.3,-0.09,14.5,0.0,0.0,0,0.01,3.5156,2840,0.00202,2.46,1859.01296,317.809,0.0,2.59645,4.92028,6,True,1
207,2400,02_21_17_49_07_421,10.29,0.22,14.5,0.0,0.0,0,0.01,3.5156,2842,0.003,3.45,1876.56104,598.515,0.0,2.59516,4.92673,6,True,1
208,2401,02_21_17_49_07_683,10.23,1.11,14.5,0.0,0.0,0,0.01,3.5156,2844,0.003,3.49,1881.9803,653.484,0.0,2.59258,4.9306,6,True,1
209,2402,02_21_17_49_07_796,10.2,1.38,14.5,0.0,0.0,0,0.01,3.5156,2844,0.003,3.54,1907.52824,735.902,0.0,2.59258,4.91641,6,True,1
210,2403,02_21_17_49_07_861,10.15,1.8,14.5,0.0,0.0,0,0.01,3.5156,2844,0.003,3.54,1861.85162,833.368,0.0,2.59516,4.92157,6,True,1
211,2404,02_21_17_49_08_051,10.05,2.34,14.49,0.0,0.0,0,0.01,3.5156,2845,0.00299,3.46,1838.36817,979.23,2.8588234380597903,2.59387,4.92157,6,True,1
212,2405,02_21_17_49_08_088,10.03,2.43,14.49,0.0,0.0,0,0.01,3.5156,2845,0.00299,3.47,1838.62623,966.212,3.5191560156520483,2.59387,4.91899,6,True,1
213,2406,02_21_17_49_08_128,10.0,2.52,14.49,0.0,0.0,0,0.01,3.5156,2845,0.00299,3.47,1840.69071,941.212,3.842497262523423,2.58483,4.92028,6,True,1
214,2407,02_21_17_49_08_220,9.98,2.61,14.49,0.0,0.0,0,0.01,3.5156,2845,0.00299,3.48,1849.7228,1134.606,4.716974051232421,2.59258,4.92286,6,True,1
215,2408,02_21_17_49_08_398,9.8,3.13,14.5,0.0,0.0,0,0.01,3.5156,2845,0.003,3.47,1876.56104,1185.616,5.398137768944027,2.59645,4.92286,6,True,1
216,2409,02_21_17_49_08_451,9.69,3.42,14.5,0.0,0.0,0,0.01,3.5156,2845,0.003,3.47,1851.52922,1019.769,5.4643589198551,2.58741,4.92931,6,True,1
217,2410,02_21_17_49_08_548,9.58,3.68,14.5,0.0,0.0,0,0.01,3.5156,2846,0.003,3.52,1852.81952,920.299,5.968714103138129,2.59516,4.92544,6,True,1
218,2411,02_21_17_49_08_591,9.38,4.14,14.5,0.0,0.0,0,0.01,3.5156,2846,0.003,3.51,1835.52951,847.103,6.118863819574676,2.58871,4.92286,6,True,1
219,2412,02_21_17_49_08_865,9.18,4.6,14.49,0.0,0.0,0,0.01,3.5156,2848,0.003,3.5,1848.17444,974.888,6.649578478369888,2.59387,4.92028,6,True,1
220,2413,02_21_17_49_09_086,8.91,5.11,14.5,0.0,0.0,0,0.01,3.5156,2848,0.003,3.44,1853.5937,1129.755,6.724658904732641,2.59129,4.92415,6,True,1
221,2414,02_21_17_49_09_139,8.77,5.36,14.5,0.0,0.0,0,0.01,3.5156,2849,0.00299,3.47,1846.88415,918.959,6.785545183697475,2.59387,4.9306,6,True,1
222,2415,02_21_17_49_09_404,8.45,5.84,14.5,-0.0,0.0,0,0.01,3.5156,2850,0.00299,3.51,1836.56175,1207.994,5.902410587421041,2.59516,4.91899,6,True,1
223,2416,02_21_17_49_09_623,8.07,6.32,14.5,0.0,0.0,0,0.01,3.5156,2850,0.003,3.49,1842.75519,1438.15,6.11790659151478,2.59258,4.92157,6,True,1
224,2417,02_21_17_49_09_677,7.88,6.54,14.5,0.0,0.0,0,0.01,3.5156,2850,0.003,3.49,1840.17459,1484.033,7.1068115095660165,2.60677,4.92157,6,True,1
225,2418,02_21_17_49_09_746,7.71,6.77,14.5,0.0,0.0,0,0.01,3.5156,2850,0.003,3.47,1809.72351,1324.97,7.406690046842786,2.59258,4.92415,6,True,1
226,2419,02_21_17_49_09_901,7.53,6.99,14.5,0.0,0.0,0,0.01,3.5156,2850,0.00299,3.47,1827.01353,1274.252,7.405621543293986,2.59387,4.92544,6,True,1
227,2420,02_21_17_49_09_973,7.25,7.29,14.5,0.0,0.0,0,0.01,3.5156,2850,0.00298,3.5,1832.94891,1401.723,7.525059655909712,2.59387,4.92286,6,True,1
228,2421,02_21_17_49_10_117,7.06,7.49,14.5,-0.0,0.0,0,0.01,3.5156,2850,0.00299,3.49,1832.43279,1220.352,7.459373317678905,2.59258,4.92544,6,True,1
229,2422,02_21_17_49_10_184,6.84,7.68,14.5,0.0,0.0,0,0.01,3.5156,2850,0.003,3.49,1800.17529,1391.465,7.516785760050634,2.59387,4.92673,6,True,1
230,2423,02_21_17_49_10_275,6.62,7.86,14.5,0.0,0.0,0,0.01,3.5156,2850,0.003,3.5,1800.17529,1182.406,7.402000664685191,2.59387,4.92544,6,True,1
231,2424,02_21_17_49_10_332,6.16,8.21,14.5,0.0,0.0,0,0.01,3.5156,2850,0.003,3.5,1811.27187,936.064,7.402000664685191,2.59258,4.92028,6,True,1
232,2425,02_21_17_49_10_714,5.71,8.56,14.5,0.0,0.0,0,0.01,3.5156,2850,0.00299,3.49,1799.91723,1060.93,7.461560186884509,2.59516,4.92286,6,True,1
233,2426,02_21_17_49_10_771,5.47,8.73,14.5,0.0,0.0,0,0.01,3.5156,2850,0.00299,3.5,1780.30467,1333.804,7.467706156009354,2.58741,4.92286,6,True,1
234,2427,02_21_17_49_10_846,5.23,8.88,14.5,0.0,0.0,0,0.01,3.5156,2850,0.003,3.5,1775.91766,1267.242,7.463447481727194,2.59258,4.92028,6,True,1
235,2428,02_21_17_49_10_890,5.1,8.96,14.5,0.0,0.0,0,0.01,3.5156,2850,0.003,3.51,1777.20796,1362.081,7.458424540410662,2.59774,4.9177,6,True,1
236,2429,02_21_17_49_11_015,4.97,9.03,14.5,0.0,0.0,0,0.01,3.5156,2850,0.003,3.51,1796.30439,909.808,7.462345060535595,2.60032,4.91899,6,True,1
237,2430,02_21_17_49_11_380,3.84,9.54,14.5,0.0,0.0,0,0.01,3.5156,2850,0.003,3.46,1785.20781,1011.31,7.398896317188124,2.59387,4.92673,6,True,1
238,2431,02_21_17_49_11_466,3.59,9.63,14.5,0.0,0.0,0,0.01,3.5156,2852,0.003,3.5,1789.33677,1300.558,7.283516947876211,2.59258,4.92157,6,True,1
239,2432,02_21_17_49_11_559,3.2,9.77,14.5,0.0,0.0,0,0.01,3.5156,2850,0.003,3.49,1779.78855,1252.792,7.281779306083095,2.59387,4.92286,6,True,1
240,2433,02_21_17_49_11_603,3.06,9.82,14.5,0.0,0.0,0,0.01,3.5156,2850,0.003,3.51,1773.59512,1409.405,7.281779306083095,2.59129,4.92544,6,True,1
241,2434,02_21_17_49_11_687,2.92,9.86,14.5,0.0,0.0,0,0.01,3.5156,2850,0.00299,3.54,1806.62679,1179.066,7.281276605101608,2.59645,4.92286,6,True,1
242,2435,02_21_17_49_11_747,2.65,9.94,14.5,0.0,0.0,0,0.01,3.5156,2850,0.00299,3.53,1799.14305,1152.91,7.27806807641973,2.59645,4.92157,6,True,1
243,2436,02_21_17_49_12_025,2.1,10.08,14.5,0.0,0.0,0,0.01,3.5156,2850,0.003,3.49,1783.40139,980.808,7.157367508379041,2.59387,4.92802,6,True,1
244,2437,02_21_17_49_12_181,1.52,10.18,14.5,0.0,0.0,0,0.01,3.5156,2850,0.003,3.48,1797.59469,1045.161,6.974214723178517,2.58741,4.9177,6,True,1
245,2438,02_21_17_49_12_260,1.24,10.22,14.5,-0.0,0.0,0,0.01,3.5156,2850,0.003,3.47,1819.27173,1233.637,7.031562714290472,2.59516,4.92544,6,True,1
246,2439,02_21_17_49_12_427,0.85,10.27,14.5,0.0,0.0,0,0.01,3.5156,2850,0.003,3.52,1808.94933,1199.177,6.978372312008008,2.59258,4.92544,6,True,1
247,2440,02_21_17_49_12_478,0.55,10.29,14.5,0.0,0.0,0,0.01,3.5156,2850,0.00299,3.52,1809.72351,929.071,6.977572968088546,2.59129,4.92157,6,True,1
248,2441,02_21_17_49_12_978,-0.87,10.26,14.5,0.0,0.0,0,0.01,3.5156,2850,0.003,3.47,1829.85219,1155.335,6.848186208223313,2.59,4.92157,6,True,1
249,2442,02_21_17_49_13_191,-1.46,10.2,14.5,0.0,0.0,0,0.01,3.5156,2850,0.003,3.51,1806.62679,915.765,6.784486760617932,2.59516,4.92028,6,True,1
250,2443,02_21_17_49_13_245,-1.74,10.17,14.5,0.0,0.0,0,0.01,3.5156,2850,0.003,3.52,1812.30411,986.452,6.6567936593002495,2.59129,4.92415,6,True,1
251,2444,02_21_17_49_13_305,-1.95,10.14,14.5,0.0,0.0,0,0.01,3.5156,2850,0.003,3.5,1813.33635,1142.631,6.715725965225204,2.59,4.92931,6,True,1
252,2445,02_21_17_49_13_373,-2.16,10.1,14.5,-0.0,0.0,0,0.01,3.5156,2850,0.003,3.48,1813.07829,847.755,6.7866650827192,2.59516,4.92544,6,True,1
253,2446,02_21_17_49_13_438,-2.3,10.06,14.5,0.0,0.0,0,0.01,3.5156,2850,0.003,3.48,1813.59441,1128.319,6.7866650827192,2.58483,4.92931,6,True,1
254,2447,02_21_17_49_13_494,-2.44,10.03,14.5,0.0,0.0,0,0.01,3.5156,2850,0.003,3.49,1802.75589,900.781,6.721106863642326,2.59129,4.9177,6,True,1
255,2448,02_21_17_49_13_569,-2.72,9.94,14.5,0.0,0.0,0,0.01,3.5156,2850,0.003,3.49,1798.36887,1148.409,6.78776425341953,2.59258,4.91899,6,True,1
256,2449,02_21_17_49_13_765,-3.27,9.78,14.5,0.0,0.0,0,0.01,3.5156,2850,0.003,3.46,1816.17501,975.606,6.778163610447892,2.59129,4.92415,6,True,1
257,2450,02_21_17_49_14_020,-3.91,9.53,14.5,0.0,0.0,0,0.01,3.5156,2850,0.003,3.49,1812.56217,958.471,6.653021991734282,2.59,4.91899,6,True,1
258,2451,02_21_17_49_14_169,-4.41,9.3,14.5,0.0,0.0,0,0.01,3.5156,2850,0.003,3.51,1823.40069,999.445,6.722916824191714,2.59258,4.92286,6,True,1
259,2452,02_21_17_49_14_237,-4.79,9.1,14.5,0.0,0.0,0,0.01,3.5156,2850,0.003,3.49,1794.49797,779.456,6.722916824191714,2.59,4.92673,6,True,1
260,2453,02_21_17_49_14_470,-5.17,8.91,14.5,0.0,0.0,0,0.01,3.5156,2850,0.003,3.47,1813.33635,1095.954,6.716722560892328,2.59129,4.92028,6,True,1
261,2454,02_21_17_49_14_525,-5.34,8.8,14.5,0.0,0.0,0,0.01,3.5156,2850,0.003,3.49,1811.27187,898.961,6.713358457582911,2.59129,4.91899,6,True,1
262,2455,02_21_17_49_14_605,-5.5,8.7,14.5,0.0,0.0,0,0.01,3.5156,2850,0.003,3.51,1804.82037,921.903,6.721106863642326,2.60677,4.92802,6,True,1
263,2456,02_21_17_49_14_668,-5.75,8.55,14.5,0.0,0.0,0,0.01,3.5156,2849,0.003,3.51,1802.75589,996.406,6.715725965225204,2.59,4.9177,6,True,1
264,2457,02_21_17_49_15_095,-6.64,7.88,14.5,0.0,0.0,0,0.01,3.5156,2849,0.00299,3.47,1808.43321,1004.789,6.655033813775855,2.59,4.92028,6,True,1
265,2458,02_21_17_49_15_333,-6.86,7.68,14.5,0.0,0.0,0,0.01,3.5156,2849,0.003,3.5,1827.52965,847.412,6.650485390744047,2.57322,4.92157,6,True,1
266,2459,02_21_17_49_15_392,-7.38,7.17,14.5,0.0,0.0,0,0.01,3.5156,2849,0.003,3.5,1822.88457,752.677,6.653488327561716,2.59258,4.92028,6,True,1
267,2460,02_21_17_49_15_517,-7.52,7.02,14.5,0.0,0.0,0,0.01,3.5156,2848,0.003,3.49,1816.94919,824.805,6.779259017215672,2.59258,4.92286,6,True,1
268,2461,02_21_17_49_15_579,-7.66,6.87,14.5,0.0,0.0,0,0.01,3.5156,2848,0.003,3.49,1823.91681,751.592,6.64723461166371,2.59387,4.92544,6,True,1
269,2462,02_21_17_49_15_877,-8.22,6.19,14.5,0.0,0.0,0,0.01,3.5156,2849,0.003,3.47,1787.78841,790.912,6.589567971612403,2.58741,4.92286,6,True,1
270,2463,02_21_17_49_16_005,-8.39,5.96,14.51,0.0,0.0,0,0.01,3.5156,2849,0.003,3.49,1815.14277,855.14,6.52603116239112,2.58612,4.91899,6,True,1
271,2464,02_21_17_49_16_276,-8.93,5.12,14.5,0.0,0.0,0,0.01,3.5156,2849,0.003,3.53,1829.85219,1040.615,6.461292371112763,2.60419,4.92028,6,True,1
272,2465,02_21_17_49_16_359,-9.07,4.86,14.5,0.0,0.0,0,0.01,3.5156,2848,0.00299,3.53,1857.4646,792.002,6.517649718456799,2.59258,4.92802,6,True,1
273,2466,02_21_17_49_16_411,-9.14,4.74,14.5,0.0,0.0,0,0.01,3.5156,2848,0.00299,3.51,1851.52922,1015.978,6.464997947602149,2.59129,4.9306,6,True,1
274,2467,02_21_17_49_16_467,-9.2,4.61,14.5,0.0,0.0,0,0.01,3.5156,2848,0.00299,3.5,1825.72323,906.163,6.464997947602149,2.59129,4.92028,6,True,1
275,2468,02_21_17_49_17_104,-9.87,2.9,14.5,0.0,0.0,0,0.01,3.5156,2848,0.003,3.53,1828.04577,859.866,6.520708483171134,2.58871,4.92286,6,True,1
276,2469,02_21_17_49_17_184,-9.94,2.63,14.5,0.0,0.0,0,0.01,3.5156,2848,0.003,3.49,1835.01339,952.906,6.523252795385137,2.59,4.92286,6,True,1
277,2470,02_21_17_49_17_298,-10.02,2.35,14.5,0.0,0.0,0,0.01,3.5156,2848,0.003,3.47,1816.69113,808.05,6.460272560233043,2.59903,4.92931,6,True,1
278,2471,02_21_17_49_17_564,-10.17,1.54,14.5,0.0,0.0,0,0.01,3.5156,2848,0.003,3.48,1822.11039,944.21,6.594433315494213,2.59129,4.92157,6,True,1
279,2472,02_21_17_49_17_622,-10.21,1.25,14.5,0.0,0.0,0,0.01,3.5156,2848,0.003,3.49,1804.30425,707.629,6.594248286575203,2.59258,4.92028,6,True,1
280,2473,02_21_17_49_17_831,-10.25,0.96,14.5,0.0,0.0,0,0.01,3.5156,2848,0.003,3.51,1790.11095,914.171,6.591583294247293,2.57709,4.92802,6,True,1
281,2474,02_21_17_49_18_186,-10.29,-0.33,14.5,0.0,0.0,0,0.01,3.5156,2846,0.003,3.48,1790.62707,791.801,6.519403870945563,2.59,4.92157,6,True,1
282,2475,02_21_17_49_18_242,-10.28,-0.48,14.5,0.0,0.0,0,0.01,3.5156,2848,0.003,3.47,1804.82037,857.257,6.59343409764593,2.57193,4.92415,6,True,1
283,2476,02_21_17_49_18_333,-10.28,-0.62,14.5,0.0,0.0,0,0.01,3.5156,2848,0.003,3.46,1811.01381,784.746,6.65595569565333,2.59516,4.92286,6,True,1
284,2477,02_21_17_49_18_398,-10.26,-0.91,14.5,0.0,0.0,0,0.01,3.5156,2848,0.003,3.46,1805.85261,739.927,6.588409278801674,2.59258,4.92415,6,True,1
285,2478,02_21_17_49_18_548,-10.2,-1.46,14.5,0.0,0.0,0,0.01,3.5156,2848,0.003,3.51,1792.17543,852.422,6.649578478369888,2.59258,4.92415,6,True,1
286,2479,02_21_17_49_18_614,-10.16,-1.78,14.51,0.0,0.0,0,0.01,3.5156,2848,0.003,3.5,1820.30397,863.352,6.586599405611366,2.59,4.92028,6,True,1
287,2480,02_21_17_49_18_752,-10.12,-2.11,14.52,0.0,0.0,0,0.01,3.5156,2846,0.003,3.49,1806.88485,1012.634,6.591953496498591,2.59129,4.92286,6,True,1
288,2481,02_21_17_49_18_943,-10.04,-2.39,14.51,0.0,0.0,0,0.01,3.5156,2846,0.003,3.47,1810.23963,699.375,6.661280207662788,2.58612,4.92286,6,True,1
289,2482,02_21_17_49_19_119,-9.84,-3.05,14.5,0.0,0.0,0,0.01,3.5156,2846,0.003,3.5,1795.01409,922.917,6.526485206066126,2.59,4.92157,6,True,1
290,2483,02_21_17_49_19_250,-9.67,-3.56,14.5,0.0,0.0,0,0.01,3.5156,2846,0.003,3.53,1800.17529,877.472,6.390636374024108,2.58741,4.92415,6,True,1
291,2484,02_21_17_49_19_332,-9.62,-3.68,14.5,0.0,0.0,0,0.01,3.5156,2846,0.003,3.52,1784.69169,852.188,6.723248683858125,2.59,4.92157,6,True,1
292,2485,02_21_17_49_19_402,-9.57,-3.8,14.5,0.0,0.0,0,0.01,3.5156,2846,0.003,3.51,1789.33677,1037.158,6.654572824945265,2.59387,4.92028,6,True,1
293,2486,02_21_17_49_19_675,-9.17,-4.67,14.5,0.0,0.0,0,0.01,3.5156,2848,0.00299,3.46,1811.27187,673.319,4.560392078812961,2.58871,4.92157,6,True,1
294,2487,02_21_17_49_19_736,-9.1,-4.8,14.5,0.0,0.0,0,0.01,3.5156,2846,0.00299,3.46,1806.62679,710.397,4.6392648092127695,2.59129,4.92028,6,True,1
295,2488,02_21_17_49_19_782,-9.03,-4.93,14.5,0.0,0.0,0,0.01,3.5156,2846,0.00299,3.46,1808.43321,728.963,1.2286139039584405,2.59,4.92544,6,True,1
296,2489,02_21_17_49_20_050,-8.73,-5.42,14.5,0.0,0.0,0,0.01,3.5156,2848,0.003,3.54,1804.56231,748.406,6.583915432514303,2.59,4.92028,6,True,1
297,2490,02_21_17_49_20_136,-8.57,-5.66,14.5,0.0,0.0,0,0.01,3.5156,2846,0.003,3.5,1788.56259,1012.838,6.112890090824471,2.58612,4.92415,6,True,1
298,2491,02_21_17_49_20_286,-8.19,-6.22,14.5,0.0,0.0,0,0.01,3.5156,2846,0.003,3.5,1781.85303,933.801,6.252784196659916,2.59387,4.92802,6,True,1
299,2492,02_21_17_49_20_370,-8.03,-6.44,14.5,-0.0,0.0,0,0.01,3.5156,2846,0.00299,3.48,1771.01452,967.03,6.521136168069181,2.58871,4.92157,6,True,1
300,2493,02_21_17_49_20_628,-7.66,-6.88,14.5,0.0,0.0,0,0.01,3.5156,2846,0.003,3.5,1794.49797,1005.415,6.522675601507405,2.58741,4.92286,6,True,1
301,2494,02_21_17_49_21_181,-6.3,-8.13,14.5,-0.0,0.0,0,0.01,3.5156,2846,0.003,3.48,1799.91723,982.557,6.661740732346163,2.58483,4.92157,6,True,1
302,2495,02_21_17_49_21_257,-6.18,-8.22,14.5,0.0,0.0,0,0.01,3.5156,2845,0.003,3.48,1784.94975,1189.904,6.982956779187453,2.59129,4.92802,6,True,1
303,2496,02_21_17_49_21_357,-6.07,-8.31,14.5,0.0,0.0,0,0.01,3.5156,2846,0.003,3.48,1779.27243,1058.162,6.848150574060123,2.58871,4.92286,6,True,1
304,2497,02_21_17_49_21_657,-5.27,-8.85,14.5,0.0,0.0,0,0.01,3.5156,2845,0.003,3.49,1799.40111,926.491,6.843924065183657,2.59,4.92157,6,True,1
305,2498,02_21_17_49_21_805,-4.79,-9.13,14.5,0.0,0.0,0,0.01,3.5156,2846,0.00299,3.5,1783.91751,1046.656,6.847661858254976,2.58741,4.92286,6,True,1
306,2499,02_21_17_49_21_854,-4.36,-9.32,14.5,0.0,0.0,0,0.01,3.5156,2845,0.00299,3.48,1776.69184,881.439,6.846775971944751,2.59387,4.92286,6,True,1
307,2500,02_21_17_49_22_114,-3.92,-9.52,14.5,0.0,0.0,0,0.01,3.5156,2846,0.003,3.47,1782.36915,885.872,6.78316092983205,2.58741,4.92286,6,True,1
308,2501,02_21_17_49_22_565,-2.87,-9.89,14.5,0.0,0.0,0,0.01,3.5156,2845,0.003,3.49,1772.82094,1138.08,7.1057764097246965,2.59258,4.92286,6,True,1
309,2502,02_21_17_49_22_785,-2.04,-10.1,14.5,0.0,0.0,0,0.01,3.5156,2846,0.003,3.48,1771.7887,1039.483,6.976223867537509,2.59258,4.92157,6,True,1
310,2503,02_21_17_49_22_866,-0.91,-10.19,14.5,0.0,0.0,0,0.01,3.5156,2845,0.003,3.48,1758.62764,1304.065,6.975424277418543,2.59516,4.92415,6,True,1
311,2504,02_21_17_49_23_523,0.22,-10.28,14.5,0.0,0.0,0,0.01,3.5156,2846,0.003,3.48,1794.49797,1248.717,6.843154865447661,2.58741,4.91899,6,True,1
312,2505,02_21_17_49_23_573,0.35,-10.28,14.5,0.0,0.0,0,0.01,3.5156,2846,0.003,3.48,1804.56231,1086.748,6.851952203022142,2.57709,4.92802,6,True,1
313,2506,02_21_17_49_23_633,0.48,-10.28,14.5,0.0,0.0,0,0.01,3.5156,2846,0.00299,3.48,1792.94961,1256.784,6.7914662247927,2.58871,4.92802,6,True,1
314,2507,02_21_17_49_24_055,1.76,-10.15,14.5,0.0,0.0,0,0.01,3.5156,2845,0.003,3.49,1828.30383,1155.185,6.91699606079113,2.58871,4.92028,6,True,1
315,2508,02_21_17_49_24_131,2.05,-10.11,14.5,0.0,0.0,0,0.01,3.5156,2846,0.003,3.45,1813.07829,1285.303,6.91699606079113,2.59645,4.92802,6,True,1
316,2509,02_21_17_49_24_299,2.3,-10.07,14.5,0.0,0.0,0,0.01,3.5156,2846,0.003,3.46,1813.07829,972.612,7.035091799329985,2.59645,4.92802,6,True,1
317,2510,02_21_17_49_24_475,2.85,-9.92,14.5,0.0,0.0,0,0.01,3.5156,2845,0.003,3.5,1813.07829,1317.425,7.036905218915486,2.59645,4.92802,6,True,1
318,2511,02_21_17_49_24_554,3.13,-9.84,14.5,0.0,0.0,0,0.01,3.5156,2845,0.003,3.54,1813.07829,1468.389,6.973149941920078,2.59645,4.92802,6,True,1
319,2512,02_21_17_49_24_615,3.4,-9.75,14.5,0.0,0.0,0,0.01,3.5156,2845,0.003,3.54,1813.07829,1032.766,7.100726296126334,2.59645,4.92802,6,True,1
320,2513,02_21_17_49_24_665,3.73,-9.61,14.5,0.0,0.0,0,0.01,3.5156,2845,0.003,3.51,1813.07829,898.218,6.975749121958157,2.59645,4.92802,6,True,1
321,2514,02_21_17_49_24_876,4.06,-9.47,14.5,0.0,0.0,0,0.01,3.5156,2846,0.003,3.48,1813.07829,1042.94,7.040292980409267,2.59645,4.92802,6,True,1
322,2515,02_21_17_49_24_924,4.32,-9.35,14.5,0.0,0.0,0,0.01,3.5156,2846,0.003,3.48,1813.07829,1065.218,6.974669580166504,2.59645,4.92802,6,True,1
323,2516,02_21_17_49_24_992,4.44,-9.29,14.5,0.0,0.0,0,0.01,3.5156,2845,0.003,3.48,1813.07829,1103.632,7.03905,2.59645,4.92802,6,True,1
324,2517,02_21_17_49_25_076,4.56,-9.23,14.5,0.0,0.0,0,0.01,3.5156,2845,0.003,3.47,1813.07829,1095.236,7.031815558765744,2.59645,4.92802,6,True,1
325,2518,02_21_17_49_25_154,4.81,-9.11,14.5,0.0,0.0,0,0.01,3.5156,2845,0.003,3.47,1813.07829,1153.532,6.978726991543658,2.59645,4.92802,6,True,1
326,2519,02_21_17_49_25_220,5.06,-8.97,14.5,0.0,0.0,0,0.01,3.5156,2845,0.003,3.49,1813.07829,1305.472,7.040292980409267,2.59645,4.92802,6,True,1
327,2520,02_21_17_49_25_279,5.19,-8.9,14.5,0.0,0.0,0,0.01,3.5156,2845,0.003,3.5,1813.07829,1200.584,7.102866529965208,2.59645,4.92802,6,True,1
328,2521,02_21_17_49_25_393,5.32,-8.83,14.5,0.0,0.0,0,0.01,3.5156,2845,0.003,3.52,1813.07829,1542.433,7.099808154098249,2.59645,4.92802,6,True,1
329,2522,02_21_17_49_25_715,6.12,-8.28,14.5,0.0,0.0,0,0.01,3.5156,2845,0.003,3.48,1813.07829,1237.917,7.161009850572753,2.59645,4.92802,6,True,1
330,2523,02_21_17_49_25_801,6.35,-8.1,14.5,0.0,0.0,0,0.01,3.5156,2846,0.003,3.45,1813.07829,1546.721,7.167364903854136,2.59645,4.92802,6,True,1
331,2524,02_21_17_49_25_852,6.57,-7.92,14.5,0.0,0.0,0,0.01,3.5156,2845,0.003,3.45,1813.07829,1415.413,7.106924331242032,2.59645,4.92802,6,True,1
332,2525,02_21_17_49_26_539,8.1,-6.35,14.5,0.0,0.0,0,0.01,3.5156,2845,0.003,3.48,1813.07829,1126.402,7.03482420604808,2.59645,4.92802,6,True,1
333,2526,02_21_17_49_26_592,8.36,-6.0,14.5,0.0,0.0,0,0.01,3.5156,2845,0.003,3.5,1813.07829,1187.612,9.966042448861032,2.59645,4.92802,6,True,1
334,2527,02_21_17_49_26_857,8.61,-5.65,14.5,0.0,0.0,0,0.01,3.5156,2845,0.003,3.52,1813.07829,939.195,7.096635476759391,2.59645,4.92802,6,True,1
335,2528,02_21_17_49_26_964,8.76,-5.41,14.5,0.0,0.0,0,0.01,3.5156,2845,0.003,3.49,1813.07829,1023.255,7.095893671166444,2.59645,4.92802,6,True,1
336,2529,02_21_17_49_27_026,8.91,-5.16,14.5,0.0,0.0,0,0.01,3.5156,2845,0.003,3.49,1813.07829,1131.688,7.034090750054339,2.59645,4.92802,6,True,1
337,2530,02_21_17_49_27_493,9.16,-4.69,14.51,0.0,0.0,0,0.01,3.5156,2845,0.003,3.51,1813.07829,1076.732,7.1560717900954565,2.59645,4.92802,6,True,1
338,2531,02_21_17_49_27_549,9.56,-3.82,14.5,0.0,0.0,0,0.01,3.5156,2845,0.003,3.51,1813.07829,717.541,7.157464921325147,2.59645,4.92802,6,True,1
339,2532,02_21_17_49_27_608,9.63,-3.63,14.5,0.0,0.0,0,0.01,3.5156,2845,0.003,3.53,1813.07829,1040.489,7.099857255607327,2.59645,4.92802,6,True,1
340,2533,02_21_17_49_27_668,9.75,-3.29,14.5,0.0,0.0,0,0.01,3.5156,2845,0.003,3.51,1813.07829,795.53,7.0985461287858085,2.59645,4.92802,6,True,1
341,2534,02_21_17_49_27_828,9.86,-2.95,14.5,0.0,0.0,0,0.01,3.5156,2845,0.003,3.5,1813.07829,885.918,7.097028454923934,2.59645,4.92802,6,True,1
342,2535,02_21_17_49_27_896,9.9,-2.82,14.5,0.0,0.0,0,0.01,3.5156,2845,0.003,3.48,1813.07829,699.964,7.033426609057636,2.59645,4.92802,6,True,1
343,2536,02_21_17_49_27_954,9.95,-2.69,14.5,0.0,0.0,0,0.01,3.5156,2845,0.00193,3.46,1813.07829,1112.291,6.975849071080882,2.59645,4.92802,6,True,1
344,2537,02_21_17_49_28_006,9.97,-2.63,14.5,0.0,0.0,0,0.01,3.5156,2845,0.00193,3.47,1813.07829,975.013,6.975849071080882,2.59645,4.92802,6,True,1
345,2538,02_21_17_49_28_054,9.99,-2.57,14.5,0.0,0.0,0,0.01,3.5156,2845,5e-05,3.48,1813.07829,655.446,6.975849071080882,2.59645,4.92802,6,True,1
346,2651,02_21_17_49_38_535,10.61,-0.71,15.5,0.0,0.0,0,0.01,3.5156,0,0.0,0.0,893.8687,0.0,0.0,2.59,0.82616,6,True,1
347,2652,02_21_17_49_38_707,10.6,-0.58,15.5,0.0,0.0,0,0.01,3.5156,2840,0.003,1.93,1829.59413,335.607,0.0,2.58483,4.92157,6,True,1
348,2653,02_21_17_49_38_823,10.61,-0.23,15.5,0.0,0.0,0,0.01,3.5156,2842,0.003,3.54,1869.0773,426.071,0.0,2.58741,4.92544,6,True,1
349,2654,02_21_17_49_38_910,10.57,0.65,15.5,0.0,0.0,0,0.01,3.5156,2840,0.003,3.52,1871.6579,492.136,0.0,2.58096,4.92286,6,True,1
350,2655,02_21_17_49_39_431,10.53,1.53,15.5,-0.0,0.0,0,0.01,3.5156,2842,0.00299,3.49,1863.39998,756.147,0.0,2.58741,4.92028,6,True,1
351,2656,02_21_17_49_39_505,10.49,1.84,15.5,0.0,0.0,0,0.01,3.5156,2842,0.003,3.49,1835.27145,839.4,3.185828671633175,2.58612,4.92028,6,True,1
352,2657,02_21_17_49_39_588,10.44,2.1,15.49,0.0,0.0,0,0.01,3.5156,2844,0.003,3.51,1819.52979,921.882,3.348360411455135,2.59129,4.92157,6,True,1
353,2658,02_21_17_49_39_643,10.4,2.26,15.49,0.0,0.0,0,0.01,3.5156,2844,0.003,3.52,1821.59427,1068.458,4.086640481495772,2.61193,4.91254,6,True,1
354,2659,02_21_17_49_39_680,10.36,2.42,15.49,0.0,0.0,0,0.01,3.5156,2844,0.003,3.53,1825.72323,913.494,4.170797835246873,2.59645,4.92286,6,True,1
355,2660,02_21_17_49_39_843,10.28,2.7,15.5,0.0,0.0,0,0.01,3.5156,2845,0.003,3.52,1837.85205,974.683,4.477593585844968,2.58871,4.92415,6,True,1
356,2661,02_21_17_49_39_918,10.21,2.95,15.5,-0.0,0.0,0,0.01,3.5156,2845,0.003,3.48,1801.72365,1158.504,5.099252775897661,2.58612,4.9177,6,True,1
357,2662,02_21_17_49_40_022,10.09,3.35,15.5,0.0,0.0,0,0.01,3.5156,2846,0.003,3.46,1803.27201,1265.873,5.687729238017576,2.58612,4.92157,6,True,1
358,2663,02_21_17_49_40_139,10.0,3.62,15.5,-0.0,0.0,0,0.01,3.5156,2846,0.003,3.46,1792.17543,1234.046,5.979002325848351,2.58483,4.92931,6,True,1
359,2664,02_21_17_49_41_533,7.86,7.17,15.5,0.0,0.0,0,0.01,3.5156,2850,0.003,3.49,1791.40125,1068.884,7.963238758821689,2.58483,4.92673,6,True,1
360,2665,02_21_17_49_41_806,7.36,7.69,15.5,0.0,0.0,0,0.01,3.5156,2849,0.003,3.51,1788.30453,1443.419,8.178738686374569,2.58741,4.92415,6,True,1
361,2666,02_21_17_49_42_296,6.29,8.59,15.5,0.0,0.0,0,0.01,3.5156,2849,0.003,3.46,1769.46616,1195.641,8.124116612284686,2.58483,4.92286,6,True,1
362,2667,02_21_17_49_42_474,5.72,8.96,15.5,0.0,0.0,0,0.01,3.5156,2849,0.003,3.49,1765.85332,1166.933,8.066376599812335,2.58354,4.92544,6,True,1
363,2668,02_21_17_49_42_531,5.52,9.08,15.5,0.0,0.0,0,0.01,3.5156,2849,0.003,3.5,1776.43378,1179.4,8.117299514000946,2.58354,4.92286,6,True,1
364,2669,02_21_17_49_42_606,5.32,9.2,15.5,0.0,0.0,0,0.01,3.5156,2849,0.003,3.51,1776.17572,1240.155,8.067003236177607,2.58871,4.92028,6,True,1
365,2670,02_21_17_49_42_682,5.13,9.31,15.5,0.0,0.0,0,0.01,3.5156,2849,0.003,3.51,1773.33706,1179.488,8.122013709973654,2.58483,4.92415,6,True,1
366,2671,02_21_17_49_42_803,4.93,9.43,15.5,0.0,0.0,0,0.01,3.5156,2849,0.00299,3.52,1758.36958,1555.755,8.062490367281066,2.58612,4.92415,6,True,1
367,2672,02_21_17_49_43_438,2.99,10.19,15.5,0.0,0.0,0,0.01,3.5156,2848,0.003,3.52,1749.07942,1270.565,8.02376348012577,2.58483,4.92028,6,True,1
368,2673,02_21_17_49_43_666,2.42,10.35,15.5,0.0,0.0,0,0.01,3.5156,2848,0.003,3.51,1737.20866,992.126,8.01887414619409,2.58483,4.92415,6,True,1
369,2674,02_21_17_49_43_782,2.14,10.42,15.5,0.0,0.0,0,0.01,3.5156,2848,0.003,3.49,1762.49854,1116.441,7.959915335762058,2.58871,4.92286,6,True,1
370,2675,02_21_17_49_44_310,0.6,10.61,15.5,0.0,0.0,0,0.01,3.5156,2848,0.003,3.51,1775.14348,1103.131,7.912809113235324,2.58612,4.92673,6,True,1
371,2676,02_21_17_49_45_080,-1.77,10.49,15.51,0.0,0.0,0,0.01,3.5156,2846,0.003,3.52,1776.43378,1188.76,7.741967623608355,2.58871,4.92286,6,True,1
372,2677,02_21_17_49_45_945,-4.08,9.84,15.51,0.0,0.0,0,0.01,3.5156,2846,0.003,3.51,1804.56231,862.53,7.404534053200106,2.59774,4.92157,6,True,1
373,2678,02_21_17_49_46_077,-4.49,9.65,15.5,0.0,0.0,0,0.01,3.5156,2846,0.003,3.48,1789.85289,1160.612,7.407937223849835,2.58741,4.92157,6,True,1
374,2679,02_21_17_49_46_561,-5.79,8.92,15.5,0.0,0.0,0,0.01,3.5156,2846,0.003,3.49,1765.85332,939.717,7.400592328489659,2.57838,4.92415,6,True,1
375,2680,02_21_17_49_46_698,-6.36,8.53,15.5,0.0,0.0,0,0.01,3.5156,2846,0.003,3.52,1793.20767,842.999,7.403851347947229,2.59129,4.92157,6,True,1
376,2681,02_21_17_49_46_774,-6.84,8.12,15.5,0.0,0.0,0,0.01,3.5156,2846,0.003,3.5,1776.43378,1128.306,7.463185904993925,2.58483,4.92544,6,True,1
377,2682,02_21_17_49_47_150,-7.31,7.71,15.5,0.0,0.0,0,0.01,3.5156,2846,0.003,3.49,1789.85289,875.234,7.341777564221079,2.58483,4.92157,6,True,1
378,2683,02_21_17_49_47_364,-7.69,7.31,15.5,0.0,0.0,0,0.01,3.5156,2846,0.003,3.52,1776.17572,1180.343,7.400229603194754,2.58354,4.92028,6,True,1
379,2684,02_21_17_49_47_807,-8.53,6.34,15.5,0.0,0.0,0,0.01,3.5156,2846,0.003,3.51,1809.72351,1048.489,7.341948502441296,2.58225,4.92415,6,True,1
380,2685,02_21_17_49_47_856,-8.61,6.24,15.5,0.0,0.0,0,0.01,3.5156,2846,0.003,3.51,1807.91709,1082.481,7.287981217216466,2.59645,4.92157,6,True,1
381,2686,02_21_17_49_47_958,-8.88,5.84,15.5,0.0,0.0,0,0.01,3.5156,2845,0.003,3.52,1808.17515,871.101,7.282928206600694,2.56032,4.91254,6,True,1
382,2687,02_21_17_49_48_357,-9.45,4.87,15.5,0.0,0.0,0,0.01,3.5156,2846,0.003,3.47,1802.23977,1117.247,7.225954144782541,2.58741,4.92028,6,True,1
383,2688,02_21_17_49_48_412,-9.7,0.59,15.5,0.0,0.0,0,0.01,3.5156,2846,0.003,3.5,1807.40097,885.668,7.163020136262357,2.58612,4.92028,6,True,1
384,2689,02_21_17_49_49_622,-9.95,-3.69,15.51,0.0,0.0,0,0.01,3.5156,2845,0.01,3.53,1787.27229,472.213,3.4370064667527176,2.58741,4.92931,6,True,1
385,2690,02_21_17_49_49_681,-9.59,-4.58,15.51,0.0,0.0,0,0.01,3.5156,2845,0.00996,3.49,1777.46602,466.673,5.17690572494806,2.55258,4.91899,6,True,1
386,2691,02_21_17_49_49_732,-9.36,-5.0,15.5,0.0,0.0,0,0.01,3.5156,2845,0.00996,3.46,1781.59497,421.404,2.939306745220716,2.51903,4.92415,6,True,1
387,2692,02_21_17_49_49_824,-9.12,-5.42,15.49,0.0,0.0,0,0.01,3.5156,2845,0.00996,3.43,1766.88556,397.473,5.175653050582119,2.47774,4.92286,6,True,1
388,2693,02_21_17_49_49_886,-8.55,-6.24,15.49,-0.0,0.0,0,0.01,3.5156,2845,0.01,3.39,1781.07885,364.457,1.575474849053453,2.47,4.92415,6,True,1
389,2694,02_21_17_49_50_263,-6.61,-8.33,15.49,0.0,0.0,0,0.01,3.4375,2845,0.00999,3.48,1749.59554,392.066,4.484579704387024,2.4558,4.92286,6,True,1
390,2695,02_21_17_49_50_467,-5.04,-9.35,15.49,0.0,0.0,0,0.01,3.5156,2845,0.00999,3.48,1755.53092,431.958,4.565434564474668,2.52161,4.92415,6,True,1
391,2696,02_21_17_49_50_574,-3.73,-9.96,15.49,0.0,0.0,0,0.01,3.5156,2845,0.00998,3.42,1764.56302,535.177,4.16170232296833,2.55258,4.92931,6,True,1
392,2697,02_21_17_49_50_633,-2.82,-10.24,15.5,0.0,0.0,0,0.01,3.5156,2845,0.00999,3.42,1769.98228,453.989,4.085744676616492,2.50355,4.92802,6,True,1
393,2698,02_21_17_49_50_684,-2.21,-10.39,15.5,0.0,0.0,0,0.01,3.5156,2845,0.00999,3.49,1767.40168,452.674,4.481718113067799,2.50871,4.92157,6,True,1
394,2699,02_21_17_49_50_759,-1.52,-10.48,15.5,0.0,0.0,0,0.01,3.5156,2845,0.00999,3.48,1775.91766,558.644,4.63582194060557,2.59129,4.91512,6,True,1
395,2700,02_21_17_49_50_802,-0.82,-10.57,15.49,0.0,0.0,0,0.01,3.5156,2845,0.00998,3.46,1761.4663,609.358,4.554571010534362,2.52935,4.92028,6,True,1
396,2701,02_21_17_49_50_951,-0.23,-10.59,15.5,0.0,0.0,0,0.01,3.5156,2845,0.00999,3.5,1780.82079,611.136,4.864632891596241,2.58354,4.9306,6,True,1
397,2702,02_21_17_49_51_058,1.22,-10.53,15.49,0.0,0.0,0,0.01,3.5156,2845,0.00998,3.52,1795.78827,725.181,4.711797793836233,2.58354,4.92673,6,True,1
398,2703,02_21_17_49_51_107,2.09,-10.41,15.5,0.0,0.0,0,0.01,3.5156,2845,0.00999,3.52,1801.46559,461.947,4.715687912171457,2.59516,4.92286,6,True,1
399,2704,02_21_17_49_51_164,2.55,-10.31,15.5,0.0,0.0,0,0.01,3.5156,2845,0.00999,3.51,1793.46573,477.971,4.794979775244104,2.59129,4.92157,6,True,1
400,2705,02_21_17_49_51_230,3.02,-10.21,15.5,0.0,0.0,0,0.01,3.5156,2845,0.00998,3.5,1784.17557,632.867,4.796193772409534,2.57967,4.92544,6,True,1
401,2706,02_21_17_49_51_288,3.9,-9.92,15.49,0.0,0.0,0,0.01,3.5156,2845,0.00998,3.5,1799.14305,590.971,4.876578721039987,2.58225,4.91899,6,True,1
402,2707,02_21_17_49_51_351,4.49,-9.64,15.5,0.0,0.0,0,0.01,3.5156,2845,0.00998,3.49,1796.04633,666.359,4.796193772409534,2.58612,4.92415,6,True,1
403,2708,02_21_17_49_51_427,5.07,-9.35,15.5,0.0,0.0,0,0.01,3.5156,2845,0.00999,3.49,1783.40139,796.41,4.868937912163186,2.58096,4.92286,6,True,1
404,2709,02_21_17_49_51_582,5.9,-8.84,15.5,0.0,0.0,0,0.01,3.5156,2845,0.00998,3.49,1813.07829,759.115,4.943157685629703,2.58096,4.92415,6,True,1
405,2710,02_21_17_49_51_627,6.58,-8.34,15.49,0.0,0.0,0,0.01,3.5156,2845,0.00999,3.49,1819.01367,489.247,4.940441755804839,2.58354,4.92544,6,True,1
406,2711,02_21_17_49_51_720,7.38,-7.62,15.5,0.0,0.0,0,0.01,3.5156,2845,0.00998,3.51,1811.52993,761.77,9.962533333695802,2.59129,4.92028,6,True,1
407,2712,02_21_17_49_51_775,8.74,-5.46,15.5,0.0,0.0,0,0.01,3.5156,2845,0.00998,3.49,1809.46545,587.539,4.938232639315406,2.58225,4.92415,6,True,1
408,2713,02_21_17_49_52_238,10.09,-3.31,15.5,-0.0,0.0,0,0.01,3.5156,2845,0.00691,3.46,1709.08013,530.496,5.325807784740264,2.56419,4.92802,6,True,1
409,2772,02_21_17_50_00_360,10.98,-0.21,16.5,0.0,0.0,0,0.01,3.5156,1839,0.00256,0.0,1393.73085,299.009,0.0,2.58741,0.32294,6,True,1
410,2773,02_21_17_50_00_515,10.95,0.1,16.51,0.0,0.0,0,0.01,3.5156,2692,0.00892,3.46,1782.62721,474.042,0.0,2.48419,4.92415,6,True,1
411,2774,02_21_17_50_01_182,8.76,6.59,16.5,0.0,0.0,0,0.01,3.2812,2694,0.00998,3.17,1758.11152,580.955,5.971657071952475,2.27903,4.92028,6,True,1
412,2775,02_21_17_50_01_266,7.84,7.65,16.52,0.0,0.0,0,0.01,3.0469,2694,0.00998,3.17,1739.5312,521.758,5.980185823199811,2.23645,4.92415,6,True,1
413,2776,02_21_17_50_01_591,5.57,9.43,16.5,0.0,0.0,0,0.01,3.125,2696,0.00999,2.96,1734.37,782.754,6.252834374305784,2.32935,4.92286,6,True,1
414,2777,02_21_17_50_02_160,-0.26,10.95,16.5,0.0,0.0,0,0.01,3.3594,2698,0.00999,3.22,1734.37,605.028,5.538794870050705,2.38097,4.92286,6,True,1
415,2778,02_21_17_50_02_227,-1.22,10.86,16.51,0.0,0.0,0,0.01,3.3594,2698,0.00999,3.31,1724.82178,605.525,5.684902973006664,2.4171,4.91899,6,True,1
416,2779,02_21_17_50_02_444,-2.18,10.76,16.51,0.0,0.0,0,0.01,3.3594,2698,0.00999,3.4,1732.30552,533.001,5.688060205377576,2.36548,4.92802,6,True,1
417,2780,02_21_17_50_02_509,-3.1,10.53,16.5,0.0,0.0,0,0.01,3.3594,2698,0.00998,3.4,1723.53148,639.334,5.758764423033816,2.38484,4.92415,6,True,1
418,2781,02_21_17_50_02_548,-3.74,10.3,16.5,0.0,0.0,0,0.01,3.4375,2698,0.00998,3.37,1714.24132,414.895,5.760997767965199,2.43258,4.92286,6,True,1
419,2782,02_21_17_50_02_635,-4.37,10.07,16.5,0.0,0.0,0,0.01,3.4375,2698,0.00998,3.34,1721.20894,376.577,5.7566392176772725,2.48935,4.9177,6,True,1
420,2783,02_21_17_50_02_794,-5.95,9.19,16.5,0.0,0.0,0,0.01,3.5156,2699,0.00997,3.42,1727.9185,479.971,5.623475486298486,2.42097,4.9177,6,True,1
421,2784,02_21_17_50_03_063,-8.1,7.34,16.51,0.0,0.0,0,0.01,3.5156,2699,0.00998,3.43,1741.59568,468.276,5.317737342140923,2.45968,4.92028,6,True,1
422,2785,02_21_17_50_03_102,-8.4,6.96,16.51,0.0,0.0,0,0.01,3.5156,2699,0.00998,3.46,1752.4342,407.142,5.247428601229368,2.52806,4.92673,6,True,1
423,2786,02_21_17_50_03_166,-8.7,6.59,16.51,0.0,0.0,0,0.01,3.5156,2699,0.00998,3.49,1753.46644,520.201,5.394494219340679,2.45968,4.92415,6,True,1
424,2787,02_21_17_50_03_210,-9.0,6.21,16.51,0.0,0.0,0,0.01,3.5156,2699,0.00999,3.52,1749.8536,519.825,5.321990261405971,2.47387,4.9177,6,True,1
425,2788,02_21_17_50_03_280,-9.47,5.47,16.51,-0.0,0.0,0,0.01,3.5156,2699,0.00998,3.45,1744.6924,417.454,5.180372570819594,2.49838,4.92544,6,True,1
426,2789,02_21_17_50_03_918,-10.94,-0.02,16.5,-0.0,0.0,0,0.01,3.5156,2699,0.00999,3.49,1733.0797,407.405,5.393253300420813,2.52548,4.92544,6,True,1
427,2790,02_21_17_50_04_002,-10.86,-1.42,16.49,0.0,0.0,0,0.01,3.5156,2699,0.00998,3.49,1733.59582,385.156,5.247315660649738,2.5229,4.92286,6,True,1
428,2791,02_21_17_50_04_041,-10.7,-2.29,16.5,0.0,0.0,0,0.01,3.5156,2699,0.00998,3.49,1738.75702,341.06,5.013853434734606,2.5758,4.92286,6,True,1
429,2792,02_21_17_50_04_232,-10.53,-3.16,16.51,0.0,0.0,0,0.01,3.5156,2699,0.00999,3.49,1753.20838,346.037,4.558610596442736,2.58096,4.92157,6,True,1
430,2793,02_21_17_50_04_285,-10.2,-4.07,16.51,0.0,0.0,0,0.01,3.5156,2699,0.00999,3.46,1743.4021,413.204,2.685080094243,2.57967,4.91899,6,True,1
431,2794,02_21_17_50_04_354,-10.0,-4.51,16.51,0.0,0.0,0,0.01,3.5156,2699,0.00999,3.46,1755.0148,320.214,4.639730678067424,2.57838,4.92157,6,True,1
432,2795,02_21_17_50_04_394,-9.81,-4.94,16.5,0.0,0.0,0,0.01,3.5156,2699,0.00998,3.47,1764.56302,321.212,4.09098874356799,2.57709,4.92286,6,True,1
433,2796,02_21_17_50_04_531,-9.39,-5.67,16.5,0.0,0.0,0,0.01,3.5156,2699,0.00999,3.52,1764.56302,348.796,4.164197825512136,2.51258,4.91899,6,True,1
434,2797,02_21_17_50_04_576,-8.69,-6.6,16.49,0.0,0.0,0,0.01,3.5156,2699,0.00999,3.49,1763.53078,332.635,1.1375630092438838,2.43258,4.92157,6,True,1
435,2798,02_21_17_50_04_685,-7.99,-7.52,16.49,0.0,0.0,0,0.01,3.5156,2699,0.00999,3.47,1773.33706,355.514,4.3235909751039125,2.54871,4.92415,6,True,1
436,2799,02_21_17_50_04_785,-7.34,-8.15,16.5,0.0,0.0,0,0.01,3.5156,2699,0.00998,3.55,1757.07928,397.189,1.6556599318700684,2.45064,4.92028,6,True,1
437,2800,02_21_17_50_04_862,-7.0,-8.44,16.5,0.0,0.0,0,0.01,3.3594,2699,0.00998,3.49,1756.3051,389.945,4.32533223926209,2.48935,4.92157,6,True,1
438,2801,02_21_17_50_04_972,-6.67,-8.72,16.5,0.0,0.0,0,0.01,3.5156,2699,0.00999,3.44,1752.4342,416.999,3.595593770505784,2.51,4.92157,6,True,1
439,2802,02_21_17_50_05_056,-5.9,-9.24,16.49,0.0,0.0,0,0.01,3.4375,2699,0.00999,3.41,1764.30496,357.263,3.439247319545368,2.54354,4.92286,6,True,1
440,2803,02_21_17_50_05_109,-4.65,-9.93,16.5,0.0,0.0,0,0.01,3.5156,2699,0.00999,3.41,1779.27243,417.592,4.403586074155926,2.52677,4.91899,6,True,1
441,2804,02_21_17_50_05_179,-3.34,-10.35,16.49,0.0,0.0,0,0.01,3.5156,2699,0.00999,3.46,1769.2081,367.291,4.087075515879294,2.52032,4.92415,6,True,1
442,2805,02_21_17_50_05_441,-2.03,-10.77,16.49,0.0,0.0,0,0.01,3.5156,2699,0.00998,3.5,1749.07942,445.748,4.325791622639722,2.53709,4.92544,6,True,1
443,2806,02_21_17_50_05_576,-1.09,-10.9,16.5,0.0,0.0,0,0.01,3.5156,2699,0.00998,3.46,1770.24034,422.514,4.40466259462629,2.58483,4.92286,6,True,1
444,2807,02_21_17_50_05_646,-0.14,-10.95,16.5,0.0,0.0,0,0.01,3.5156,2699,0.00999,3.5,1763.78884,441.798,4.323728044465795,2.56548,4.92544,6,True,1
445,2808,02_21_17_50_05_700,0.82,-10.91,16.5,-0.0,0.0,0,0.01,3.5156,2699,0.00998,3.5,1770.75646,383.536,4.404955425994683,2.57193,4.92157,6,True,1
446,2809,02_21_17_50_05_778,2.83,-10.38,16.5,0.0,0.0,0,0.01,3.5156,2699,0.00998,3.5,1771.01452,470.898,4.403736486212589,2.55903,4.92028,6,True,1
447,2810,02_21_17_50_06_098,4.85,-9.84,16.5,0.0,0.0,0,0.01,3.5156,2698,0.00998,3.5,1789.33677,528.05,4.32495341275487,2.58096,4.92286,6,True,1
448,2811,02_21_17_50_06_159,5.27,-9.6,16.5,0.0,0.0,0,0.01,3.5156,2698,0.00998,3.5,1795.01409,404.353,4.403736486212589,2.57838,4.92673,6,True,1
449,2812,02_21_17_50_06_283,5.69,-9.36,16.5,0.0,0.0,0,0.01,3.5156,2698,0.00999,3.5,1807.91709,372.861,4.406838578845384,2.5758,4.91899,6,True,1
450,2813,02_21_17_50_06_352,6.8,-8.58,16.5,0.0,0.0,0,0.01,3.5156,2698,0.00998,3.5,1799.14305,499.0,4.478543341869094,2.6029,4.91512,6,True,1
451,2814,02_21_17_50_06_429,7.49,-7.97,16.5,-0.0,0.0,0,0.01,3.5156,2699,0.00999,3.47,1801.98171,420.201,4.408744649273759,2.57967,4.92157,6,True,1
452,2815,02_21_17_50_06_604,8.7,-6.63,16.49,0.0,0.0,0,0.01,3.5156,2698,0.00998,3.46,1782.88527,483.841,9.982958428867668,2.56935,4.92673,6,True,1
453,2816,02_21_17_50_06_687,8.97,-6.24,16.49,0.0,0.0,0,0.01,3.5156,2696,0.00998,3.47,1772.82094,561.646,4.400735189999507,2.58225,4.92673,6,True,1
454,2817,02_21_17_50_06_732,9.24,-5.84,16.5,-0.0,0.0,0,0.01,3.5156,2696,0.00999,3.48,1784.17557,646.929,4.642509891211865,2.57838,4.92157,6,True,1
455,2818,02_21_17_50_06_842,9.87,-4.69,16.5,0.0,0.0,0,0.01,3.5156,2698,0.00999,3.51,1762.24048,554.858,4.635754260365836,2.57838,4.92544,6,True,1
456,2819,02_21_17_50_07_066,10.51,-3.01,16.51,0.0,0.0,0,0.01,3.5156,2696,0.00826,3.54,1677.59681,428.234,4.407194546704287,2.44677,4.92157,6,True,1
457,2865,02_21_17_50_14_675,11.32,-0.15,17.5,0.0,0.0,0,0.01,3.5156,2537,0.00529,0.0,1523.53501,300.003,0.0,2.54096,4.91641,6,True,1
458,2866,02_21_17_50_14_728,11.28,0.14,17.51,0.0,0.0,0,0.01,3.5156,2537,0.00529,0.9,1706.75759,370.686,0.0,2.39258,4.92028,6,True,1
459,2867,02_21_17_50_14_777,11.25,0.44,17.52,0.0,0.0,0,0.01,3.5156,2536,0.00998,1.8,1745.9827,449.664,0.0,2.35387,4.92286,6,True,1
460,2868,02_21_17_50_14_855,11.19,1.33,17.51,-0.0,0.0,0,0.01,3.5156,2536,0.00999,3.24,1767.65974,554.782,0.0,2.30871,4.91899,6,True,1
461,2869,02_21_17_50_14_958,10.98,2.76,17.49,-0.0,0.0,0,0.01,3.5156,2534,0.00998,3.09,1744.95046,517.738,0.0,2.34097,4.92157,6,True,1
462,2870,02_21_17_50_15_040,10.69,3.67,17.49,0.0,0.0,0,0.01,3.5156,2534,0.00998,2.81,1743.66016,621.169,3.264433541213544,2.40935,4.92286,6,True,1
463,2871,02_21_17_50_15_116,10.52,4.11,17.48,0.0,0.0,0,0.01,3.2031,2533,0.00998,2.7,1763.01466,599.067,3.847275525615497,2.44677,4.9177,6,True,1
464,2872,02_21_17_50_15_181,10.34,4.55,17.48,0.0,0.0,0,0.01,3.2812,2536,0.00999,2.58,1741.33762,692.077,4.402754756967505,2.35903,4.92028,6,True,1
465,2873,02_21_17_50_15_267,9.95,5.34,17.49,0.0,0.0,0,0.01,3.0469,2536,0.00999,2.83,1729.2088,643.689,5.013853434734606,2.28936,4.92157,6,True,1
466,2874,02_21_17_50_15_408,9.47,6.13,17.51,0.0,0.0,0,0.01,2.9688,2536,0.00999,2.76,1714.24132,497.856,5.47120648212074,2.15774,4.92286,6,True,1
467,2875,02_21_17_50_15_477,8.92,6.92,17.51,0.0,0.0,0,0.01,2.9688,2536,0.00998,2.85,1706.24147,605.074,5.396432583892807,2.17065,4.92028,6,True,1
468,2876,02_21_17_50_15_887,5.78,9.7,17.5,0.0,0.0,0,0.01,2.9688,2538,0.00998,2.76,1703.66087,381.9,5.172863750863732,2.31774,4.92931,6,True,1
469,2877,02_21_17_50_16_095,4.2,10.47,17.5,0.0,0.0,0,0.01,3.125,2540,0.00998,2.8,1699.53191,466.64,5.395844686886382,2.27516,4.92286,6,True,1
470,2878,02_21_17_50_16_175,3.3,10.79,17.51,0.0,0.0,0,0.01,3.0469,2540,0.00998,2.99,1693.33847,355.368,5.17340286320329,2.34355,4.92286,6,True,1
471,2879,02_21_17_50_16_294,1.95,11.12,17.5,0.0,0.0,0,0.01,3.3594,2540,0.00998,2.83,1692.04817,571.127,4.867362472890219,2.33194,4.93318,6,True,1
472,2880,02_21_17_50_16_461,-0.03,11.29,17.5,0.0,0.0,0,0.01,3.2812,2540,0.00999,2.82,1681.98383,443.636,5.017231447720944,2.36161,4.9306,6,True,1
473,2881,02_21_17_50_16_554,-0.95,11.25,17.5,0.0,0.0,0,0.01,3.2031,2540,0.00999,3.23,1670.11307,350.992,5.023182614886702,2.41451,4.92028,6,True,1
474,2882,02_21_17_50_16_653,-1.91,11.14,17.51,0.0,0.0,0,0.01,3.2812,2541,0.00998,3.19,1693.59653,351.831,5.019211323753962,2.32032,4.92286,6,True,1
475,2883,02_21_17_50_16_822,-2.84,10.95,17.5,0.0,0.0,0,0.01,3.2812,2541,0.00998,3.21,1704.69311,350.153,4.95043043835584,2.38226,4.92286,6,True,1
476,2884,02_21_17_50_18_139,-11.15,1.65,17.49,0.0,0.0,0,0.01,3.5156,2541,0.00998,3.44,1709.59624,371.633,1.2274784010319693,2.39903,4.92673,6,True,1
477,2885,02_21_17_50_18_242,-11.25,0.7,17.49,0.0,0.0,0,0.01,3.5156,2541,0.00998,3.42,1691.79011,320.945,0.9654636722839446,2.46097,4.92415,6,True,1
478,2886,02_21_17_50_18_343,-11.27,-0.27,17.5,0.0,0.0,0,0.01,3.5156,2541,0.00999,3.44,1699.53191,332.877,4.6425399276689046,2.47258,4.92286,6,True,1
479,2887,02_21_17_50_18_586,-10.78,-3.45,17.5,0.0,0.0,0,0.01,3.5156,2541,0.00999,3.48,1718.37028,238.238,0.4416037052607235,2.44548,4.9177,6,True,1
480,2888,02_21_17_50_18_662,-10.61,-3.9,17.51,0.0,0.0,0,0.01,3.5156,2541,0.00999,3.46,1725.85402,298.98,0.0,2.41064,4.92157,6,True,1
481,2889,02_21_17_50_18_743,-10.45,-4.35,17.51,0.0,0.0,0,0.01,3.5156,2541,0.00998,3.45,1710.62848,322.009,0.4354827206675369,2.41193,4.92544,6,True,1
482,2890,02_21_17_50_18_974,-8.92,-6.92,17.5,0.0,0.0,0,0.01,3.5156,2541,0.00999,3.42,1729.2088,325.742,4.164197825512136,2.36161,4.92286,6,True,1
483,2891,02_21_17_50_19_027,-8.61,-7.28,17.49,0.0,0.0,0,0.01,3.3594,2541,0.00999,3.42,1733.0797,303.109,4.324437510532439,2.48806,4.92157,6,True,1
484,2892,02_21_17_50_19_124,-8.3,-7.65,17.48,0.0,0.0,0,0.01,3.4375,2541,0.00998,3.43,1732.30552,368.469,0.8690420703280135,2.32032,4.92415,6,True,1
485,2893,02_21_17_50_19_230,-7.63,-8.33,17.5,0.0,0.0,0,0.01,3.5156,2541,0.00998,3.45,1731.7894,394.746,4.16471683611263,2.48548,4.92028,6,True,1
486,2894,02_21_17_50_19_493,-4.94,-10.17,17.5,0.0,0.0,0,0.01,3.4375,2541,0.00998,3.47,1739.5312,330.263,3.92448223400234,2.36548,4.92673,6,True,1
487,2895,02_21_17_50_19_548,-4.52,-10.34,17.5,0.0,0.0,0,0.01,3.3594,2541,0.00998,3.4,1752.95032,305.163,4.003161037230454,2.40548,4.92931,6,True,1
488,2896,02_21_17_50_19_595,-4.09,-10.52,17.5,0.0,0.0,0,0.01,3.4375,2541,0.00999,3.33,1748.82136,389.887,3.840019657501768,2.50096,4.92028,6,True,1
489,2897,02_21_17_50_19_646,-2.7,-10.86,17.5,0.0,0.0,0,0.01,3.5156,2541,0.00999,3.4,1748.5633,327.925,4.245849789205925,2.46097,4.92157,6,True,1
490,2898,02_21_17_50_19_888,-1.32,-11.21,17.5,0.0,0.0,0,0.01,3.5156,2541,0.00998,3.47,1769.98228,301.393,3.928415440416148,2.42742,4.92157,6,True,1
491,2899,02_21_17_50_20_055,-0.36,-11.27,17.5,0.0,0.0,0,0.01,3.5156,2541,0.00998,3.5,1742.1118,377.224,3.924215734385662,2.50484,4.92157,6,True,1
492,2900,02_21_17_50_20_094,0.6,-11.26,17.5,0.0,0.0,0,0.01,3.5156,2541,0.00998,3.5,1741.85374,313.634,4.165344585085368,2.53709,4.92415,6,True,1
493,2901,02_21_17_50_20_183,1.91,-11.11,17.49,0.0,0.0,0,0.01,3.5156,2541,0.00999,3.54,1752.17614,456.131,4.1663069498057865,2.56677,4.92415,6,True,1
494,2902,02_21_17_50_20_371,2.81,-10.95,17.49,0.0,0.0,0,0.01,3.5156,2541,0.00998,3.48,1754.49868,391.185,4.168557178749021,2.55129,4.92802,6,True,1
495,2903,02_21_17_50_20_415,3.66,-10.7,17.49,0.0,0.0,0,0.01,3.5156,2541,0.00999,3.48,1763.01466,544.132,4.169359940386533,2.57322,4.92544,6,True,1
496,2904,02_21_17_50_20_491,4.55,-10.34,17.49,0.0,0.0,0,0.01,3.5156,2541,0.00999,3.47,1764.82108,298.93,4.169359940386533,2.5758,4.92931,6,True,1
497,2905,02_21_17_50_20_587,5.4,-9.91,17.5,0.0,0.0,0,0.01,3.5156,2541,0.00998,3.49,1757.07928,430.326,4.00551162337597,2.56677,4.9177,6,True,1
498,2906,02_21_17_50_20_962,8.02,-7.92,17.49,0.0,0.0,0,0.01,3.5156,2541,0.00998,3.52,1769.98228,398.22,4.239013011598336,2.58354,4.92028,6,True,1
499,2907,02_21_17_50_21_019,8.63,-7.23,17.49,0.0,0.0,0,0.01,3.5156,2541,0.00999,3.52,1768.43392,331.541,4.08418294705318,2.57709,4.92157,6,True,1
500,2908,02_21_17_50_21_093,9.21,-6.47,17.49,0.0,0.0,0,0.01,3.5156,2540,0.00999,3.5,1764.30496,316.695,4.0832951405696845,2.58096,4.92415,6,True,1
501,2909,02_21_17_50_21_140,10.07,-4.65,17.5,0.0,0.0,0,0.01,3.5156,2540,0.00999,3.49,1754.75674,317.237,4.090179123522587,2.58096,4.91899,6,True,1
502,2910,02_21_17_50_21_486,10.92,-2.84,17.51,0.0,0.0,0,0.01,3.5156,2540,0.0036,3.48,1657.98425,287.453,4.084985221515495,2.47645,4.92931,6,True,1
503,2911,02_21_17_50_21_556,11.28,-1.61,18.01,0.0,0.0,0,0.01,3.5156,2540,0.0036,2.29,1649.21021,300.542,4.162506406601676,2.40419,4.92286,6,True,1
504,2992,02_21_17_50_29_107,11.64,-0.38,18.5,0.0,0.0,0,0.01,3.5156,1036,0.00074,1.1,1472.95526,219.676,0.0,2.14097,4.91899,6,True,1
505,2993,02_21_17_50_29_162,11.63,-0.19,18.5,0.0,0.0,0,0.01,3.5156,2505,0.00711,1.1,1633.2105,254.512,0.0,2.37452,4.92415,6,True,1
506,2994,02_21_17_50_29_231,11.24,2.0,18.5,0.0,0.0,0,0.01,3.5156,2505,0.00711,2.15,1758.36958,443.644,0.0,2.36806,4.92415,6,True,1
507,2995,02_21_17_50_29_652,10.86,4.19,18.5,0.0,0.0,0,0.01,3.5156,2503,0.00999,3.19,1726.6282,499.476,4.006547184609212,2.05968,4.92157,6,True,1
508,2996,02_21_17_50_29_810,10.22,5.6,18.49,0.0,0.0,0,0.01,3.5156,2502,0.00999,3.04,1741.59568,447.573,5.255660075099987,2.20936,4.92544,6,True,1
509,2997,02_21_17_50_29_872,9.84,6.21,18.5,0.0,0.0,0,0.01,3.5156,2503,0.00999,3.04,1738.49896,330.355,5.021398699565689,2.12678,4.92286,6,True,1
510,2998,02_21_17_50_29_960,9.3,7.01,18.51,0.0,0.0,0,0.01,3.5156,2503,0.00999,2.92,1738.49896,424.439,5.393253300420813,2.22226,4.92157,6,True,1
511,2999,02_21_17_50_30_001,8.83,7.55,18.51,0.0,0.0,0,0.01,3.5156,2503,0.00999,2.94,1724.56372,410.194,5.319860950250486,2.17839,4.92286,6,True,1
512,3000,02_21_17_50_30_053,8.36,8.09,18.51,0.0,0.0,0,0.01,3.5156,2503,0.00998,2.96,1711.66072,468.756,5.325081160179627,2.22097,4.92157,6,True,1
513,3001,02_21_17_50_30_414,6.3,9.78,18.5,0.0,0.0,0,0.01,3.5156,2506,0.00999,2.93,1713.98326,371.746,4.636265597709001,2.29065,4.92415,6,True,1
514,3002,02_21_17_50_30_497,5.5,10.24,18.51,0.0,0.0,0,0.01,3.5156,2506,0.00999,3.05,1701.85445,406.236,5.247853767493908,2.25968,4.92802,6,True,1
515,3003,02_21_17_50_30_566,4.27,10.81,18.51,0.0,0.0,0,0.01,3.5156,2506,0.00999,3.05,1702.62863,353.0,5.167091727945228,2.2829,4.9177,6,True,1
516,3004,02_21_17_50_30_730,2.56,11.34,18.5,-0.0,0.0,0,0.01,3.5156,2506,0.00999,3.46,1708.04789,491.552,5.17340286320329,2.21581,4.92544,6,True,1
517,3005,02_21_17_50_30_802,-0.4,11.25,18.5,0.0,0.0,0,0.01,3.5156,2507,0.00999,3.42,1714.75744,306.95,5.028371109265902,2.20807,4.92673,6,True,1
518,3006,02_21_17_50_31_343,-3.36,11.16,18.5,-0.0,0.0,0,0.01,3.5156,2507,0.00999,3.38,1692.56429,323.629,4.714031676283052,2.33194,4.92157,6,True,1
519,3007,02_21_17_50_31_738,-7.04,9.23,18.5,0.0,0.0,0,0.01,3.5156,2507,0.00999,3.46,1688.43533,296.438,4.713336475364347,2.39645,4.92286,6,True,1
520,3008,02_21_17_50_32_038,-8.49,7.91,18.5,0.0,0.0,0,0.01,3.5156,2507,0.00999,3.44,1701.33833,293.477,4.567152321195342,2.39129,4.92415,6,True,1
521,3009,02_21_17_50_32_097,-9.1,7.23,18.51,0.0,0.0,0,0.01,3.5156,2507,0.00999,3.47,1705.72535,294.5,4.5636321337833525,2.43516,4.92157,6,True,1
522,3010,02_21_17_50_32_421,-10.73,4.45,18.51,0.0,0.0,0,0.01,3.5156,2507,0.00999,3.44,1704.43505,263.25,1.7493798022442124,2.49838,4.92286,6,True,1
523,3011,02_21_17_50_32_470,-11.05,3.54,18.49,0.0,0.0,0,0.01,3.5156,2507,0.00999,3.44,1707.53177,291.482,1.7413303893862302,2.43,4.92286,6,True,1
524,3012,02_21_17_50_32_620,-11.3,2.7,18.5,0.0,0.0,0,0.01,3.5156,2507,0.00999,3.49,1696.17713,320.678,4.558580006975856,2.50096,4.92931,6,True,1
525,3013,02_21_17_50_32_687,-11.47,1.8,18.49,0.0,0.0,0,0.01,3.5156,2507,0.00999,3.44,1692.04817,310.95,1.65831084088599,2.46871,4.92673,6,True,1
526,3014,02_21_17_50_32_842,-11.6,0.45,18.49,0.0,0.0,0,0.01,3.5156,2507,0.00999,3.46,1681.98383,297.072,4.638934164223502,2.4029,4.92415,6,True,1
527,3015,02_21_17_50_32_938,-11.56,-0.49,18.49,0.0,0.0,0,0.01,3.5156,2507,0.00999,3.48,1688.95145,266.753,4.48593987504291,2.44032,4.92028,6,True,1
528,3016,02_21_17_50_32_987,-11.53,-1.43,18.49,0.0,0.0,0,0.01,3.5156,2507,0.00999,3.5,1711.40266,267.981,1.6500284550576696,2.45709,4.92931,6,True,1
529,3017,02_21_17_50_33_130,-11.42,-2.33,18.51,0.0,0.0,0,0.01,3.5156,2507,0.00999,3.47,1703.14475,408.436,3.1860256323513783,2.40677,4.92286,6,True,1
530,3018,02_21_17_50_33_440,-10.53,-4.97,18.51,0.0,0.0,0,0.01,3.5156,2507,0.00999,3.42,1728.95074,275.137,0.0,2.5629,4.93189,6,True,1
531,3019,02_21_17_50_34_005,-6.51,-9.64,18.5,-0.0,0.0,0,0.01,3.5156,2507,0.00998,3.52,1763.27272,316.478,0.7018471788787072,2.56032,4.92931,6,True,1
532,3020,02_21_17_50_34_093,-5.73,-10.13,18.5,-0.0,0.0,0,0.01,3.5156,2507,0.00999,3.46,1738.75702,369.792,3.348183412314803,2.42742,4.92286,6,True,1
533,3021,02_21_17_50_34_140,-5.29,-10.35,18.5,0.0,0.0,0,0.01,3.5156,2507,0.00999,3.44,1754.24062,265.63,0.6125167528321164,2.40806,4.92802,6,True,1
534,3022,02_21_17_50_34_246,-4.85,-10.57,18.5,0.0,0.0,0,0.01,3.5156,2507,0.00999,3.43,1756.3051,325.462,4.012346601429144,2.53322,4.92802,6,True,1
535,3023,02_21_17_50_34_354,-3.96,-10.94,18.5,0.0,0.0,0,0.01,3.5156,2507,0.00998,3.45,1754.75674,315.835,3.3557651683334457,2.50225,4.92415,6,True,1
536,3024,02_21_17_50_34_523,-1.64,-11.5,18.5,0.0,0.0,0,0.01,3.5156,2507,0.00999,3.47,1751.40196,270.436,3.4329062851321765,2.48677,4.92157,6,True,1
537,3025,02_21_17_50_34_607,-0.68,-11.6,18.5,0.0,0.0,0,0.01,3.5156,2507,0.00999,3.47,1747.78912,326.581,3.923220642533376,2.44935,4.92415,6,True,1
538,3026,02_21_17_50_34_829,1.23,-11.56,18.5,0.0,0.0,0,0.01,3.5156,2507,0.00998,3.48,1751.91808,268.674,3.7582514248650254,2.55,4.92415,6,True,1
539,3027,02_21_17_50_35_092,4.3,-10.83,18.49,0.0,0.0,0,0.01,3.5156,2507,0.00998,3.5,1745.9827,276.055,3.926000936385522,2.57193,4.91899,6,True,1
540,3028,02_21_17_50_35_187,5.13,-10.45,18.5,0.0,0.0,0,0.01,3.5156,2507,0.00999,3.51,1736.69254,511.041,4.087791942173672,2.56032,4.91512,6,True,1
541,3029,02_21_17_50_35_231,6.31,-9.66,18.5,0.0,0.0,0,0.01,3.5156,2507,0.00999,3.52,1743.14404,400.633,4.084951085386457,2.57709,4.92673,6,True,1
542,3030,02_21_17_50_35_458,7.49,-8.87,18.5,-0.0,0.0,0,0.01,3.5156,2507,0.00999,3.54,1740.04732,249.001,4.011173483221587,2.57967,4.91899,6,True,1
543,3031,02_21_17_50_35_509,8.14,-8.22,18.49,0.0,0.0,0,0.01,3.5156,2507,0.00999,3.51,1739.01508,250.496,3.921416394939461,2.58225,4.92415,6,True,1
544,3032,02_21_17_50_35_699,8.8,-7.57,18.49,0.0,0.0,0,0.01,3.5156,2507,0.00999,3.47,1729.98298,243.87,3.926684604726995,2.58225,4.92157,6,True,1
545,3033,02_21_17_50_35_768,9.67,-6.42,18.5,0.0,0.0,0,0.01,3.5156,2507,0.00999,3.47,1723.01536,268.093,9.95583704579881,2.58354,4.92286,6,True,1
546,3034,02_21_17_50_35_821,9.84,-6.15,18.49,0.0,0.0,0,0.01,3.5156,2507,0.00999,3.47,1729.72492,326.731,9.888674126115188,2.58096,4.92931,6,True,1
547,3035,02_21_17_50_35_904,10.01,-5.88,18.49,0.0,0.0,0,0.01,3.5156,2507,0.00999,3.47,1712.4349,298.145,3.927590060075008,2.57322,4.92028,6,True,1
548,3036,02_21_17_50_36_024,10.64,-4.64,18.5,0.0,0.0,0,0.01,3.5156,2507,0.00999,3.49,1666.24217,252.955,3.921923090143405,2.52677,4.92028,6,True,1
549,3037,02_21_17_50_36_093,10.98,-3.79,18.5,0.0,0.0,0,0.01,3.5156,2507,0.00999,3.5,1652.30693,254.007,1.3911460859665314,2.56806,4.92415,6,True,1
550,3094,02_21_17_50_43_612,11.96,-0.45,19.5,0.0,0.0,0,0.01,3.5156,1518,0.00165,1.1,1410.24669,197.862,0.0,2.19258,4.92673,6,True,1
551,3095,02_21_17_50_43_683,11.94,-0.14,19.51,0.0,0.0,0,0.01,3.5156,2400,0.00892,1.1,1670.62919,297.565,0.0,2.2571,4.92802,6,True,1
552,3096,02_21_17_50_43_786,11.93,0.73,19.5,0.0,0.0,0,0.01,3.5156,2398,0.00998,3.25,1760.69212,462.966,0.0,2.34355,4.91899,6,True,1
553,3097,02_21_17_50_44_147,10.92,4.89,19.5,0.0,0.0,0,0.01,3.5156,2398,0.00999,2.58,1705.20923,702.84,4.56195126042574,2.2971,4.91641,6,True,1
554,3098,02_21_17_50_44_282,10.5,5.76,19.5,-0.0,0.0,0,0.01,3.5156,2398,0.00999,2.53,1686.37085,486.609,5.17272222456416,2.13839,4.92157,6,True,1
555,3099,02_21_17_50_44_382,10.0,6.58,19.5,0.0,0.0,0,0.01,3.5156,2398,0.00998,2.9,1720.1767,406.269,5.318065114776238,2.08162,4.92028,6,True,1
556,3100,02_21_17_50_44_598,8.83,8.09,19.5,0.0,0.0,0,0.01,3.5156,2399,0.00998,2.78,1706.49953,316.169,5.326357596894898,2.1371,4.92673,6,True,1
557,3101,02_21_17_50_44_805,7.41,9.38,19.51,0.0,0.0,0,0.01,3.5156,2400,0.00999,3.03,1700.30609,354.182,5.17466281920861,2.23129,4.92157,6,True,1
558,3102,02_21_17_50_44_990,5.79,10.46,19.51,0.0,0.0,0,0.01,3.5156,2400,0.00998,3.07,1674.24203,360.227,5.103318896561334,2.2171,4.93189,6,True,1
559,3103,02_21_17_50_45_299,2.86,11.61,19.51,0.0,0.0,0,0.01,3.5156,2402,0.00999,2.98,1683.27413,326.097,4.945301158170248,2.38484,4.92415,6,True,1
560,3104,02_21_17_50_45_396,2.24,11.72,19.51,0.0,0.0,0,0.01,3.5156,2402,0.00999,3.2,1683.53219,266.519,4.478099628469648,2.33968,4.92157,6,True,1
561,3105,02_21_17_50_45_447,1.61,11.84,19.51,0.0,0.0,0,0.01,3.5156,2402,0.00998,3.42,1702.11251,266.44,4.638580949223587,2.31129,4.92157,6,True,1
562,3106,02_21_17_50_45_678,-1.17,11.89,19.5,0.0,0.0,0,0.01,3.5156,2402,0.00999,3.44,1691.79011,291.269,4.633971658307806,2.27774,4.92028,6,True,1
563,3107,02_21_17_50_45_737,-2.17,11.77,19.51,0.0,0.0,0,0.01,3.5156,2402,0.00999,3.44,1684.04831,301.372,4.716626680425322,2.31645,4.92028,6,True,1
564,3108,02_21_17_50_45_901,-3.11,11.58,19.5,0.0,0.0,0,0.01,3.5156,2403,0.00998,3.42,1702.37057,333.908,4.631601315150085,2.28032,4.9306,6,True,1
565,3109,02_21_17_50_46_285,-6.49,10.04,19.51,0.0,0.0,0,0.01,3.5156,2402,0.00999,3.33,1686.37085,280.072,4.636446056248255,2.43129,4.92028,6,True,1
566,3110,02_21_17_50_46_349,-7.4,9.32,19.52,0.0,0.0,0,0.01,3.5156,2402,0.00999,3.35,1695.40295,296.809,4.637821821717605,2.4158,4.92673,6,True,1
567,3111,02_21_17_50_46_442,-8.3,8.59,19.52,-0.0,0.0,0,0.01,3.5156,2402,0.00999,3.37,1679.66129,314.436,4.642014261611009,2.38871,4.92673,6,True,1
568,3112,02_21_17_50_46_514,-9.66,6.57,19.5,0.0,0.0,0,0.01,3.5156,2403,0.00999,3.43,1691.27399,282.259,4.476885030073924,2.38355,4.91899,6,True,1
569,3113,02_21_17_50_46_963,-11.03,4.56,19.49,0.0,0.0,0,0.01,3.5156,2403,0.00999,3.49,1704.43505,345.886,4.639001798070356,2.38871,4.92415,6,True,1
570,3114,02_21_17_50_47_423,-11.91,0.89,19.49,-0.0,0.0,0,0.01,3.5156,2402,0.00999,3.41,1690.49981,284.23,0.3496048376381539,2.38484,4.92415,6,True,1
571,3115,02_21_17_50_47_627,-11.87,-1.51,19.5,-0.0,0.0,0,0.01,3.5156,2403,0.00998,3.49,1693.33847,260.474,0.0903190594503729,2.43774,4.91899,6,True,1
572,3116,02_21_17_50_47_719,-11.75,-2.37,19.5,0.0,0.0,0,0.01,3.5156,2403,0.00999,3.46,1713.98326,289.699,0.0,2.42097,4.92286,6,True,1
573,3117,02_21_17_50_47_771,-11.52,-3.27,19.5,0.0,0.0,0,0.01,3.5156,2403,0.00998,3.46,1710.11236,238.752,0.0,2.37323,4.92544,6,True,1
574,3118,02_21_17_50_47_837,-11.06,-4.38,19.5,0.0,0.0,0,0.01,3.5156,2403,0.00998,3.46,1700.82221,266.248,2.3512330860635657,2.34097,4.92157,6,True,1
575,3119,02_21_17_50_47_969,-10.61,-5.48,19.5,0.0,0.0,0,0.01,3.5156,2403,0.00997,3.46,1720.1767,309.889,1.9182659832515403,2.32935,4.92931,6,True,1
576,3120,02_21_17_50_48_036,-9.81,-6.67,19.49,0.0,0.0,0,0.01,3.5156,2403,0.00997,3.46,1727.40238,325.512,0.9638735977813688,2.40935,4.92673,6,True,1
577,3121,02_21_17_50_48_329,-9.01,-7.86,19.49,-0.0,0.0,0,0.01,3.5156,2403,0.00999,3.45,1724.56372,274.097,1.2191,2.35258,4.92157,6,True,1
578,3122,02_21_17_50_48_387,-8.35,-8.55,19.49,0.0,0.0,0,0.01,3.5156,2403,0.00999,3.45,1731.7894,243.06,0.0,2.47,4.92286,6,True,1
579,3123,02_21_17_50_48_730,-5.77,-10.48,19.49,0.0,0.0,0,0.01,3.5156,2402,0.00999,3.46,1744.95046,303.748,3.9283178238273946,2.40677,4.92028,6,True,1
580,3124,02_21_17_50_48_999,-3.1,-11.54,19.49,-0.0,0.0,0,0.01,3.5156,2402,0.00999,3.53,1742.1118,229.429,1.9166478758499168,2.47258,4.92286,6,True,1
581,3125,02_21_17_50_49_590,2.94,-11.62,19.5,0.0,0.0,0,0.01,3.5156,2402,0.00999,3.47,1747.53106,261.777,3.9253881973634144,2.57193,4.92544,6,True,1
582,3126,02_21_17_50_49_651,3.42,-11.48,19.49,0.0,0.0,0,0.01,3.5156,2402,0.00999,3.49,1735.14418,285.015,3.839592948803297,2.56032,4.92157,6,True,1
583,3127,02_21_17_50_49_715,3.9,-11.35,19.49,0.0,0.0,0,0.01,3.5156,2403,0.00998,3.51,1738.49896,356.19,3.837885639580732,2.57838,4.92157,6,True,1
584,3128,02_21_17_50_49_785,4.75,-11.01,19.5,0.0,0.0,0,0.01,3.5156,2402,0.00999,3.52,1734.11194,216.369,3.924722068185211,2.57322,4.92286,6,True,1
585,3129,02_21_17_50_50_044,6.54,-10.01,19.49,0.0,0.0,0,0.01,3.4375,2403,0.00999,3.52,1731.27328,280.794,3.8463149097545295,2.57451,4.92415,6,True,1
586,3130,02_21_17_50_50_124,7.28,-9.47,19.5,0.0,0.0,0,0.01,3.4375,2402,0.00999,3.49,1725.59596,221.981,3.92448223400234,2.57838,4.92415,6,True,1
587,3131,02_21_17_50_50_362,8.74,-8.15,19.49,0.0,0.0,0,0.01,3.4375,2403,0.00999,3.44,1703.91893,268.498,3.674550299696549,2.58483,4.92415,6,True,1
588,3132,02_21_17_50_50_463,9.57,-7.13,19.5,0.0,0.0,0,0.01,3.4375,2403,0.00998,3.47,1689.98369,392.129,9.942013680336595,2.57838,4.92544,6,True,1
589,3133,02_21_17_50_50_558,10.1,-6.37,19.49,0.0,0.0,0,0.01,3.4375,2403,0.00999,3.46,1693.33847,226.644,3.6004866927958505,2.57709,4.92157,6,True,1
590,3134,02_21_17_50_50_734,10.98,-4.68,19.5,0.0,0.0,0,0.01,3.4375,2402,0.00999,3.5,1670.62919,252.834,3.525490244278092,2.57967,4.92931,6,True,1
591,3135,02_21_17_50_50_780,11.28,-3.82,19.51,0.0,0.0,0,0.01,3.4375,2403,0.00999,3.46,1656.95201,200.726,3.268435754684494,2.56419,4.92544,6,True,1
592,3136,02_21_17_50_50_925,11.59,-2.97,19.52,0.0,0.0,0,0.01,3.4375,2403,0.00428,3.42,1628.82348,232.151,3.2679344125915377,2.48548,4.92286,6,True,1
593,3200,02_21_17_50_58_762,12.32,-0.19,20.5,0.0,0.0,0,0.01,3.4375,0,0.0,0.0,929.9971,0.0,0.0,2.55516,4.92157,6,True,1
594,3201,02_21_17_50_58_828,12.28,0.29,20.51,0.0,0.0,0,0.01,3.4375,749,0.00256,1.05,1212.05664,79.546,0.0,2.45322,4.92415,6,True,1
595,3202,02_21_17_50_58_867,12.24,0.76,20.51,0.0,0.0,0,0.01,3.4375,749,0.00256,2.11,1539.01861,238.159,0.0,2.33452,4.92028,6,True,1
596,3203,02_21_17_50_59_016,12.2,1.24,20.52,0.0,0.0,0,0.01,3.4375,2367,0.00999,3.16,1727.40238,406.724,0.0,2.15774,4.91641,6,True,1
597,3204,02_21_17_50_59_089,12.11,2.15,20.51,0.0,0.0,0,0.01,3.4375,2367,0.00999,2.91,1749.8536,472.597,0.0,2.18355,4.93189,6,True,1
598,3205,02_21_17_50_59_135,12.02,2.64,20.49,0.0,0.0,0,0.01,3.4375,2367,0.00999,2.86,1737.72478,538.304,0.0,2.24032,4.92286,6,True,1
599,3206,02_21_17_50_59_274,11.94,3.13,20.47,-0.0,0.0,0,0.01,2.9688,2366,0.00999,2.81,1712.4349,479.461,3.4405749188907366,2.16936,4.92802,6,True,1
600,3207,02_21_17_50_59_375,11.66,3.97,20.49,0.0,0.0,0,0.01,2.9688,2367,0.00999,2.67,1695.66101,594.244,4.166072655391406,2.38742,4.92673,6,True,1
601,3208,02_21_17_50_59_509,10.94,5.65,20.5,0.0,0.0,0,0.01,3.125,2367,0.00999,2.24,1683.01607,309.397,5.020461369485877,2.27516,4.92286,6,True,1
602,3209,02_21_17_50_59_824,8.98,8.41,20.5,0.0,0.0,0,0.01,2.9688,2367,0.00998,2.81,1702.88669,324.435,5.325441211768279,2.2042,4.92415,6,True,1
603,3210,02_21_17_50_59_968,8.32,9.05,20.51,0.0,0.0,0,0.01,2.8906,2367,0.00999,2.8,1699.53191,331.395,5.171023606840332,2.22484,4.91899,6,True,1
604,3211,02_21_17_51_00_018,7.57,9.7,20.5,0.0,0.0,0,0.01,2.8906,2367,0.00999,2.85,1680.43547,361.593,5.250457159619532,2.16807,4.92931,6,True,1
605,3212,02_21_17_51_00_261,5.97,10.75,20.5,0.0,0.0,0,0.01,3.2031,2368,0.00998,2.91,1684.56443,340.776,4.558702363611821,2.35258,4.92157,6,True,1
606,3213,02_21_17_51_00_379,5.11,11.17,20.51,0.0,0.0,0,0.01,3.2031,2370,0.01,3.09,1693.59653,348.587,4.940385305064778,2.36806,4.92544,6,True,1
607,3214,02_21_17_51_00_480,4.22,11.54,20.5,0.0,0.0,0,0.01,3.2031,2370,0.00998,3.12,1684.56443,298.588,4.797945166943865,2.34226,4.92544,6,True,1
608,3215,02_21_17_51_00_680,2.04,12.13,20.5,0.0,0.0,0,0.01,3.2812,2370,0.00998,3.14,1679.40323,309.935,4.332354671538331,2.43903,4.92157,6,True,1
609,3216,02_21_17_51_00_745,1.19,12.18,20.5,0.0,0.0,0,0.01,3.2812,2370,0.00998,3.17,1673.98397,308.754,4.709614667093264,2.36935,4.92415,6,True,1
610,3217,02_21_17_51_00_797,0.33,12.22,20.51,0.0,0.0,0,0.01,3.2812,2370,0.00998,3.2,1668.30665,253.965,4.638107448626001,2.46742,4.92157,6,True,1
611,3218,02_21_17_51_00_839,-0.52,12.27,20.51,0.0,0.0,0,0.01,3.4375,2370,0.00999,3.23,1670.11307,269.576,4.558679421992733,2.39258,4.92157,6,True,1
612,3219,02_21_17_51_00_901,-0.76,12.26,20.51,0.0,0.0,0,0.01,3.3594,2370,0.00999,3.26,1669.85501,251.406,4.642014261611009,2.42097,4.92673,6,True,1
613,3220,02_21_17_51_00_935,-0.99,12.24,20.5,0.0,0.0,0,0.01,3.3594,2370,0.00999,3.3,1680.69353,401.063,4.639993647894358,2.44032,4.92544,6,True,1
614,3221,02_21_17_51_01_031,-2.26,12.1,20.5,0.0,0.0,0,0.01,3.3594,2370,0.00999,3.32,1669.08083,263.964,4.637821821717605,2.42226,4.92286,6,True,1
615,3222,02_21_17_51_01_070,-2.72,12.0,20.5,0.0,0.0,0,0.01,3.3594,2370,0.00999,3.35,1677.85487,266.023,4.56127109477172,2.51258,4.92157,6,True,1
616,3223,02_21_17_51_01_169,-3.19,11.89,20.5,0.0,0.0,0,0.01,3.4375,2370,0.00999,3.39,1669.33889,248.392,4.631601315150085,2.52161,4.92286,6,True,1
617,3224,02_21_17_51_01_332,-4.12,11.61,20.51,0.0,0.0,0,0.01,3.3594,2370,0.00999,3.33,1666.50023,244.513,4.638580949223587,2.37581,4.92673,6,True,1
618,3225,02_21_17_51_01_567,-6.98,10.1,20.5,0.0,0.0,0,0.01,3.3594,2370,0.00999,3.3,1672.43561,286.58,4.636446056248255,2.42226,4.92286,6,True,1
619,3226,02_21_17_51_01_737,-7.68,9.57,20.5,0.0,0.0,0,0.01,3.4375,2370,0.00998,3.34,1692.30623,322.235,4.642014261611009,2.44419,4.9177,6,True,1
620,3227,02_21_17_51_01_801,-8.73,8.63,20.51,0.0,0.0,0,0.01,3.3594,2370,0.00999,3.29,1713.7252,314.49,4.554364344505169,2.4171,4.92415,6,True,1
621,3228,02_21_17_51_01_844,-9.34,7.92,20.51,0.0,0.0,0,0.01,3.3594,2370,0.00999,3.28,1694.62877,245.127,4.483327982927414,2.43,4.92157,6,True,1
622,3229,02_21_17_51_02_028,-9.94,7.2,20.51,0.0,0.0,0,0.01,3.4375,2370,0.00999,3.28,1697.46743,361.831,2.342126626060171,2.39903,4.92028,6,True,1
623,3230,02_21_17_51_02_166,-10.98,5.5,20.5,0.0,0.0,0,0.01,3.3594,2370,0.00999,3.31,1692.04817,282.05,1.486604884459889,2.39387,4.92286,6,True,1
624,3231,02_21_17_51_02_441,-11.7,3.73,20.49,0.0,0.0,0,0.01,3.4375,2370,0.00999,3.39,1697.72549,284.952,1.397671279307119,2.45968,4.92802,6,True,1
625,3232,02_21_17_51_02_980,-12.08,-2.51,20.5,0.0,0.0,0,0.01,3.4375,2370,0.00998,3.29,1694.62877,299.084,0.0,2.50355,4.93318,6,True,1
626,3233,02_21_17_51_03_048,-11.96,-2.97,20.51,0.0,0.0,0,0.01,3.4375,2370,0.00998,3.33,1705.72535,331.14,1.4836942045111587,2.52419,4.92544,6,True,1
627,3234,02_21_17_51_03_153,-11.85,-3.44,20.51,0.0,0.0,0,0.01,3.4375,2370,0.00999,3.37,1702.37057,309.614,4.167687345819021,2.43387,4.92802,6,True,1
628,3235,02_21_17_51_03_217,-11.54,-4.35,20.51,0.0,0.0,0,0.01,3.4375,2371,0.00999,3.37,1713.46714,266.14,1.915920191448485,2.49064,4.92028,6,True,1
629,3236,02_21_17_51_03_267,-11.34,-4.79,20.51,0.0,0.0,0,0.01,3.4375,2371,0.00999,3.4,1704.95117,227.771,0.0,2.41839,4.91899,6,True,1
630,3237,02_21_17_51_03_321,-11.15,-5.23,20.5,0.0,0.0,0,0.01,3.3594,2371,0.00999,3.44,1706.49953,293.21,1.3981451042363235,2.36935,4.92673,6,True,1
631,3238,02_21_17_51_03_438,-10.69,-6.08,20.49,0.0,0.0,0,0.01,3.3594,2370,0.00999,3.4,1713.46714,256.583,1.3186127957061542,2.39129,4.92802,6,True,1
632,3239,02_21_17_51_03_559,-10.21,-6.85,20.49,0.0,0.0,0,0.01,3.4375,2370,0.00999,3.36,1721.20894,300.233,1.311056365111737,2.4558,4.9177,6,True,1
633,3240,02_21_17_51_03_651,-9.62,-7.67,20.49,0.0,0.0,0,0.01,3.3594,2371,0.00999,3.32,1717.07998,326.472,2.0891693325338663,2.34871,4.92157,6,True,1
634,3241,02_21_17_51_03_737,-9.03,-8.35,20.5,0.0,0.0,0,0.01,3.4375,2370,0.00999,3.32,1720.69282,314.006,1.0521,2.43645,4.9177,6,True,1
635,3242,02_21_17_51_03_799,-8.04,-9.3,20.48,0.0,0.0,0,0.01,3.4375,2371,0.00999,3.32,1706.75759,319.388,0.3507,2.39,4.92028,6,True,1
636,3243,02_21_17_51_04_021,-6.51,-10.45,20.5,-0.0,0.0,0,0.01,3.3594,2370,0.00999,3.37,1731.27328,295.122,4.084985221515495,2.46097,4.92286,6,True,1
637,3244,02_21_17_51_04_140,-5.75,-10.88,20.5,0.0,0.0,0,0.01,3.4375,2370,0.00999,3.39,1736.69254,339.528,0.7020458336177204,2.46484,4.92157,6,True,1
638,3245,02_21_17_51_04_679,-0.07,-12.27,20.5,0.0,0.0,0,0.01,3.4375,2370,0.00998,3.43,1753.98256,317.417,4.085676416763814,2.57838,4.92028,6,True,1
639,3246,02_21_17_51_04_875,2.2,-12.09,20.5,0.0,0.0,0,0.01,3.4375,2370,0.00999,3.46,1732.56358,416.289,3.923966985080277,2.57451,4.91899,6,True,1
640,3247,02_21_17_51_04_941,3.15,-11.86,20.49,0.0,0.0,0,0.01,3.4375,2370,0.00999,3.42,1748.5633,291.002,3.9252638618314566,2.5758,4.92415,6,True,1
641,3248,02_21_17_51_05_154,4.1,-11.62,20.49,0.0,0.0,0,0.01,3.4375,2370,0.00999,3.38,1743.4021,250.199,3.765998112386675,2.57451,4.92802,6,True,1
642,3249,02_21_17_51_05_291,5.76,-10.87,20.5,-0.0,0.0,0,0.01,3.4375,2370,0.00999,3.39,1726.6282,241.549,3.844918870405461,2.5758,4.92028,6,True,1
643,3250,02_21_17_51_05_403,6.57,-10.39,20.49,0.0,0.0,0,0.01,3.4375,2370,0.00998,3.42,1708.56401,236.034,3.7628772634780425,2.5758,4.92544,6,True,1
644,3251,02_21_17_51_05_448,7.12,-9.99,20.49,0.0,0.0,0,0.01,3.4375,2370,0.00998,3.41,1700.30609,250.968,3.8463149097545295,2.57193,4.92028,6,True,1
645,3252,02_21_17_51_05_544,7.66,-9.59,20.5,0.0,0.0,0,0.01,3.4375,2370,0.00999,3.4,1717.33804,214.837,3.842134343369581,2.59129,4.91899,6,True,1
646,3253,02_21_17_51_05_686,8.36,-8.99,20.49,0.0,0.0,0,0.01,3.4375,2370,0.00999,3.45,1706.24147,322.636,3.685841711875321,2.57838,4.92415,6,True,1
647,3254,02_21_17_51_05_812,9.66,-7.56,20.49,0.0,0.0,0,0.01,3.4375,2370,0.00999,3.41,1709.33819,155.268,3.517887801294976,2.57709,4.92544,6,True,1
648,3255,02_21_17_51_05_883,10.17,-6.85,20.49,0.0,0.0,0,0.01,3.4375,2370,0.00999,3.43,1703.66087,243.979,3.603873929537491,2.57193,4.92286,6,True,1
649,3256,02_21_17_51_06_236,11.51,-4.24,20.51,0.0,0.0,0,0.01,3.4375,2370,0.00999,3.42,1647.14573,209.606,3.3495158818103845,2.57322,4.9177,6,True,1
650,3257,02_21_17_51_06_411,12.07,-2.49,20.51,-0.0,0.0,0,0.01,3.4375,2370,2e-05,3.38,1654.88753,296.479,1.135170139230239,2.57322,4.92157,6,True,1
651,3302,02_21_17_51_13_881,12.65,-0.31,21.5,0.0,0.0,0,0.01,3.4375,760,0.0,0.0,982.89939,81.396,0.0,1.99904,4.92415,6,True,1
652,3303,02_21_17_51_13_957,12.64,-0.16,21.5,0.0,0.0,0,0.01,3.4375,760,0.00711,1.26,1409.98863,166.528,0.0,2.06742,4.91899,6,True,1
653,3304,02_21_17_51_14_038,12.61,0.41,21.5,0.0,0.0,0,0.01,3.4375,2345,0.00711,2.28,1700.04803,304.428,0.0,2.21323,4.92028,6,True,1
654,3305,02_21_17_51_14_144,12.58,0.98,21.5,0.0,0.0,0,0.01,3.4375,2344,0.00999,3.31,1761.20824,479.77,0.0,2.2042,4.92028,6,True,1
655,3306,02_21_17_51_14_460,11.79,4.6,21.49,0.0,0.0,0,0.01,3.4375,2343,0.00999,2.61,1730.75716,494.8,4.246506591599736,2.16807,4.92286,6,True,1
656,3307,02_21_17_51_14_635,11.39,5.46,21.5,0.0,0.0,0,0.01,3.4375,2344,0.00999,2.62,1688.43533,334.601,3.2683077597588635,2.10742,4.9177,6,True,1
657,3308,02_21_17_51_15_318,6.56,10.81,21.49,0.0,0.0,0,0.01,3.4375,2345,0.00999,3.33,1685.08055,324.564,5.02603417517231,2.17194,4.92415,6,True,1
658,3309,02_21_17_51_15_603,3.95,11.99,21.5,0.0,0.0,0,0.01,3.4375,2345,0.00999,3.37,1684.04831,292.939,4.8708563951835,2.32548,4.92157,6,True,1
659,3310,02_21_17_51_16_075,-1.09,12.56,21.5,0.0,0.0,0,0.01,3.4375,2347,0.00999,3.29,1683.01607,304.808,4.565556737408922,2.48548,4.92286,6,True,1
660,3311,02_21_17_51_16_401,-3.65,12.11,21.5,0.0,0.0,0,0.01,3.4375,2347,0.00998,3.44,1686.88697,264.745,4.560147452933951,2.40677,4.92802,6,True,1
661,3312,02_21_17_51_16_832,-7.82,9.87,21.49,0.0,0.0,0,0.01,3.4375,2347,0.00999,3.36,1700.04803,291.098,4.560690198862448,2.41322,4.92286,6,True,1
662,3313,02_21_17_51_17_135,-10.07,7.59,21.51,0.0,0.0,0,0.01,3.4375,2347,0.00999,3.4,1693.59653,278.201,1.7440309809461527,2.41451,4.9177,6,True,1
663,3314,02_21_17_51_17_195,-10.78,6.4,21.5,0.0,0.0,0,0.01,3.4375,2345,0.00999,3.4,1696.95131,270.924,2.0866648329331663,2.40032,4.92157,6,True,1
664,3315,02_21_17_51_17_509,-11.49,5.2,21.49,0.0,0.0,0,0.01,3.4375,2347,0.00999,3.4,1705.20923,307.146,1.6582687960641362,2.41064,4.92157,6,True,1
665,3316,02_21_17_51_17_578,-11.86,4.31,21.5,-0.0,0.0,0,0.01,3.4375,2347,0.00998,3.36,1700.56415,414.306,2.427725703719429,2.41968,4.92415,6,True,1
666,3317,02_21_17_51_18_616,-11.44,-5.4,21.51,0.0,0.0,0,0.01,3.4375,2347,0.00999,3.44,1716.3058,263.079,1.8353672289217764,2.42871,4.92673,6,True,1
667,3318,02_21_17_51_18_739,-10.22,-7.44,21.5,-0.0,0.0,0,0.01,3.4375,2347,0.00998,3.4,1712.4349,236.739,0.0,2.4158,4.92028,6,True,1
668,3319,02_21_17_51_18_817,-9.93,-7.81,21.5,0.0,0.0,0,0.01,3.4375,2347,0.00998,3.41,1731.53134,261.522,1.1332952715422402,2.4429,4.92286,6,True,1
669,3320,02_21_17_51_18_912,-9.63,-8.18,21.5,-0.0,0.0,0,0.01,3.4375,2347,0.00999,3.41,1722.7573,340.166,4.405382766570914,2.47129,4.92544,6,True,1
670,3321,02_21_17_51_19_174,-7.6,-10.1,21.5,0.0,0.0,0,0.01,3.4375,2347,0.00999,3.41,1718.37028,277.157,0.6145622690175504,2.46226,4.92286,6,True,1
671,3322,02_21_17_51_19_698,-2.9,-12.29,21.5,0.0,0.0,0,0.01,3.4375,2347,0.00999,3.44,1761.20824,245.173,3.441304373707737,2.53322,4.92673,6,True,1
672,3323,02_21_17_51_19_954,0.23,-12.62,21.5,0.0,0.0,0,0.01,3.4375,2345,0.00999,3.4,1756.82122,268.21,3.999257757384487,2.56806,4.92415,6,True,1
673,3324,02_21_17_51_20_485,4.86,-11.68,21.5,-0.0,0.0,0,0.01,3.4375,2347,0.00999,3.43,1734.62806,388.016,3.923629371513064,2.5758,4.92544,6,True,1
674,3325,02_21_17_51_21_330,10.95,-6.25,21.49,0.0,0.0,0,0.01,3.4375,2347,0.00999,3.4,1671.40337,229.963,3.357738396599711,2.57967,4.92673,6,True,1
675,3326,02_21_17_51_21_451,11.38,-5.4,21.5,0.0,0.0,0,0.01,3.4375,2347,0.00999,3.4,1660.82291,214.8,3.3557443913385296,2.57709,4.92157,6,True,1
676,3383,02_21_17_51_29_752,12.78,2.36,22.5,-0.0,0.0,0,0.01,3.4375,2511,0.00999,3.25,1749.33748,510.256,0.0,2.23774,4.92673,6,True,1
677,3384,02_21_17_51_29_966,12.3,4.14,22.5,0.0,0.0,0,0.01,3.4375,2513,0.00999,2.99,1731.01522,522.894,4.32859522160481,2.28548,4.92673,6,True,1
678,3385,02_21_17_51_30_093,11.98,4.99,22.48,-0.0,0.0,0,0.01,3.4375,2513,0.00999,3.01,1731.53134,505.455,5.100216637065527,2.37193,4.92544,6,True,1
679,3386,02_21_17_51_30_224,11.11,6.7,22.5,0.0,0.0,0,0.01,3.4375,2513,0.00999,2.75,1717.07998,493.101,5.543576256578419,2.36935,4.91383,6,True,1
680,3387,02_21_17_51_30_291,9.75,8.28,22.51,0.0,0.0,0,0.01,3.4375,2513,0.00999,3.0,1702.37057,362.315,5.4764924947451545,2.35,4.92415,6,True,1
681,3388,02_21_17_51_30_668,8.4,9.87,22.51,0.0,0.0,0,0.01,3.4375,2515,0.00999,3.26,1723.01536,491.911,5.3929688829530615,2.26742,4.92544,6,True,1
682,3389,02_21_17_51_30_740,7.65,10.46,22.5,0.0,0.0,0,0.01,3.4375,2515,0.00999,3.26,1709.59624,341.423,5.396271080107077,2.25968,4.92544,6,True,1
683,3390,02_21_17_51_30_800,7.28,10.71,22.51,0.0,0.0,0,0.01,3.4375,2515,0.00999,3.27,1688.43533,439.586,5.397614644451751,2.27387,4.91383,6,True,1
684,3391,02_21_17_51_30_870,6.92,10.96,22.51,0.0,0.0,0,0.01,3.4375,2515,0.00999,3.27,1688.17727,376.51,5.250530195370749,2.38355,4.92028,6,True,1
685,3392,02_21_17_51_30_938,6.11,11.45,22.49,0.0,0.0,0,0.01,3.4375,2515,0.00999,3.33,1697.72549,361.505,5.248371892310986,2.30742,4.9177,6,True,1
686,3393,02_21_17_51_31_378,2.27,12.76,22.5,0.0,0.0,0,0.01,3.4375,2515,0.00999,3.37,1699.53191,292.972,4.564365411806991,2.54225,4.92286,6,True,1
687,3394,02_21_17_51_31_424,1.82,12.82,22.5,0.0,0.0,0,0.01,3.4375,2515,0.00999,3.38,1686.88697,351.276,4.636837025656606,2.46484,4.92544,6,True,1
688,3395,02_21_17_51_31_496,1.36,12.88,22.5,0.0,0.0,0,0.01,3.4375,2515,0.00999,3.4,1686.62891,322.928,2.6794133877585966,2.52806,4.92673,6,True,1
689,3396,02_21_17_51_32_145,-5.21,11.89,22.5,0.0,0.0,0,0.01,3.4375,2515,0.00999,3.42,1697.72549,297.899,4.642787721024945,2.55645,4.92028,6,True,1
690,3397,02_21_17_51_32_235,-6.18,11.4,22.51,0.0,0.0,0,0.01,3.4375,2517,0.00999,3.39,1710.11236,340.417,4.56004806992207,2.5358,4.92544,6,True,1
691,3398,02_21_17_51_32_289,-6.96,10.93,22.5,-0.0,0.0,0,0.01,3.4375,2517,0.00999,3.38,1712.95102,318.306,4.639122033585665,2.47645,4.92415,6,True,1
692,3399,02_21_17_51_32_338,-7.34,10.66,22.5,0.0,0.0,0,0.01,3.4375,2517,0.00999,3.38,1711.66072,292.254,4.631601315150085,2.55903,4.92286,6,True,1
693,3400,02_21_17_51_32_411,-7.71,10.39,22.5,0.0,0.0,0,0.01,3.4375,2517,0.00999,3.38,1701.85445,282.798,4.713336475364347,2.51,4.92157,6,True,1
694,3401,02_21_17_51_32_454,-8.1,10.09,22.51,0.0,0.0,0,0.01,3.4375,2517,0.00999,3.37,1694.62877,392.584,4.560690198862448,2.48032,4.92415,6,True,1
695,3402,02_21_17_51_32_525,-8.48,9.79,22.52,-0.0,0.0,0,0.01,3.4375,2517,0.00999,3.37,1697.72549,344.901,4.558855304788692,2.48806,4.92157,6,True,1
696,3403,02_21_17_51_32_591,-9.14,9.16,22.51,0.0,0.0,0,0.01,3.4375,2517,0.00999,3.37,1708.04789,277.433,4.63725803277109,2.48935,4.92802,6,True,1
697,3404,02_21_17_51_32_831,-10.67,7.32,22.51,0.0,0.0,0,0.01,3.4375,2517,0.00999,3.44,1692.82235,295.903,2.343376585719845,2.49322,4.92673,6,True,1
698,3405,02_21_17_51_32_898,-11.15,6.59,22.5,0.0,0.0,0,0.01,3.4375,2517,0.00998,3.44,1699.27385,344.701,4.638708710945321,2.59129,4.92415,6,True,1
699,3406,02_21_17_51_32_959,-11.36,6.18,22.49,0.0,0.0,0,0.01,3.4375,2517,0.00998,3.41,1717.33804,293.958,2.424161898986947,2.54871,4.92415,6,True,1
700,3407,02_21_17_51_33_071,-11.58,5.78,22.49,-0.0,0.0,0,0.01,3.4375,2517,0.00999,3.37,1708.04789,354.124,1.7443707590417812,2.48161,4.92286,6,True,1
701,3408,02_21_17_51_33_820,-12.78,-2.27,22.5,0.0,0.0,0,0.01,3.4375,2517,0.00999,3.38,1718.11222,300.888,2.178197971374503,2.55129,4.92028,6,True,1
702,3409,02_21_17_51_33_897,-12.59,-3.21,22.51,0.0,0.0,0,0.01,3.4375,2517,0.01,3.4,1709.08013,335.653,1.3973220423366977,2.47516,4.92415,6,True,1
703,3410,02_21_17_51_33_987,-12.3,-4.12,22.5,0.0,0.0,0,0.01,3.4375,2517,0.00999,3.38,1723.78954,322.899,1.3980453649649571,2.56161,4.92802,6,True,1
704,3411,02_21_17_51_34_062,-12.13,-4.57,22.5,0.0,0.0,0,0.01,3.4375,2517,0.00999,3.42,1736.9506,316.569,0.0,2.55903,4.92415,6,True,1
705,3412,02_21_17_51_34_160,-11.96,-5.02,22.5,-0.0,0.0,0,0.01,3.4375,2517,0.00999,3.45,1737.98284,311.793,4.48433094284978,2.5758,4.92931,6,True,1
706,3413,02_21_17_51_34_369,-11.11,-6.7,22.49,0.0,0.0,0,0.01,3.4375,2517,0.00999,3.44,1756.04704,310.436,1.9130431320281307,2.57451,4.92415,6,True,1
707,3414,02_21_17_51_34_425,-10.59,-7.46,22.49,-0.0,0.0,0,0.01,3.4375,2517,0.00999,3.44,1750.62778,285.023,1.135630698114488,2.5758,4.9177,6,True,1
708,3415,02_21_17_51_35_143,-5.02,-11.96,22.49,0.0,0.0,0,0.01,3.4375,2517,0.00999,3.44,1772.82094,293.594,3.6061367646000337,2.57451,4.92415,6,True,1
709,3416,02_21_17_51_35_196,-4.13,-12.3,22.5,0.0,0.0,0,0.01,3.4375,2517,0.00999,3.44,1766.6275,303.777,2.0925040023856583,2.57064,4.92157,6,True,1
710,3417,02_21_17_51_35_268,-3.71,-12.42,22.5,0.0,0.0,0,0.01,3.4375,2517,0.00999,3.41,1762.7566,361.033,3.518006715812237,2.59,4.9177,6,True,1
711,3418,02_21_17_51_35_337,-3.29,-12.54,22.5,0.0,0.0,0,0.01,3.4375,2517,0.00999,3.39,1760.69212,342.108,2.853074158254566,2.5758,4.92286,6,True,1
712,3419,02_21_17_51_35_385,-2.38,-12.73,22.49,0.0,0.0,0,0.01,3.4375,2517,0.01,3.4,1763.53078,413.776,3.435494840630677,2.57451,4.92286,6,True,1
713,3420,02_21_17_51_35_784,0.83,-12.92,22.5,0.0,0.0,0,0.01,3.4375,2517,0.00999,3.43,1772.04676,498.654,4.164465710028118,2.5758,4.93189,6,True,1
714,3421,02_21_17_51_35_832,1.79,-12.82,22.49,0.0,0.0,0,0.01,3.4375,2517,0.00999,3.44,1742.36986,468.928,4.003126203356572,2.5758,4.92157,6,True,1
715,3422,02_21_17_51_35_882,2.22,-12.76,22.49,0.0,0.0,0,0.01,3.4375,2517,0.00999,3.44,1744.17628,332.192,4.00551162337597,2.57451,4.92802,6,True,1
716,3423,02_21_17_51_35_979,2.66,-12.7,22.5,0.0,0.0,0,0.01,3.4375,2517,0.00999,3.43,1768.95004,377.028,4.164298284225087,2.57451,4.92157,6,True,1
717,3424,02_21_17_51_36_037,3.59,-12.48,22.5,0.0,0.0,0,0.01,3.4375,2517,0.00999,3.42,1755.27286,397.807,4.166181436579545,2.57967,4.92415,6,True,1
718,3425,02_21_17_51_36_105,4.87,-12.04,22.5,0.0,0.0,0,0.01,3.4375,2515,0.00999,3.42,1742.88598,440.379,4.241931494024862,2.57322,4.92028,6,True,1
719,3426,02_21_17_51_36_149,6.44,-11.11,22.5,0.0,0.0,0,0.01,3.4375,2515,0.00999,3.42,1724.30566,464.41,4.169359940386533,2.57967,4.92157,6,True,1
720,3427,02_21_17_51_36_546,8.0,-10.18,22.5,-0.0,0.0,0,0.01,3.4375,2517,0.00999,3.43,1703.14475,368.001,4.168331374183199,2.57709,4.92028,6,True,1
721,3428,02_21_17_51_36_612,9.02,-9.27,22.49,0.0,0.0,0,0.01,3.4375,2515,0.00999,3.44,1693.59653,297.602,4.248870239546037,2.57709,4.92415,6,True,1
722,3429,02_21_17_51_36_664,9.35,-8.93,22.49,0.0,0.0,0,0.01,3.4375,2515,0.00999,3.43,1681.20965,318.799,4.1678546354809445,2.56677,4.92415,6,True,1
723,3430,02_21_17_51_36_708,9.68,-8.58,22.49,0.0,0.0,0,0.01,3.4375,2515,0.00999,3.43,1681.20965,394.508,4.081518948259337,2.57709,4.92286,6,True,1
724,3431,02_21_17_51_37_063,11.26,-6.36,22.5,0.0,0.0,0,0.01,3.4375,2515,0.00999,3.4,1687.66115,496.579,3.926143007138176,2.57451,4.92673,6,True,1
725,3432,02_21_17_51_37_435,12.64,-2.95,22.51,0.0,0.0,0,0.01,3.4375,2515,0.0,3.44,1605.34002,243.173,3.266643369347196,2.57451,4.91899,6,True,1
726,3468,02_21_17_51_44_981,13.27,-0.37,23.5,0.0,0.0,0,0.01,3.4375,2261,0.00711,1.23,1544.17981,190.48,0.0,2.28677,4.92931,6,True,1
727,3469,02_21_17_51_45_065,13.22,0.74,23.5,0.0,0.0,0,0.01,3.4375,2260,0.00711,1.93,1673.72591,346.709,0.0,2.30871,4.92544,6,True,1
728,3470,02_21_17_51_45_208,13.16,1.85,23.5,-0.0,0.0,0,0.01,3.4375,2257,0.00999,2.63,1693.59653,371.959,0.0,2.19,4.92544,6,True,1
729,3471,02_21_17_51_45_649,12.16,5.4,23.5,0.0,0.0,0,0.01,2.8906,2258,0.00999,2.7,1726.37014,302.758,3.6837035494187096,2.18355,4.92544,6,True,1
730,3472,02_21_17_51_45_806,11.26,7.09,23.5,0.0,0.0,0,0.01,3.2031,2258,0.00999,2.63,1672.43561,319.413,5.395631477640036,2.1642,4.91899,6,True,1
731,3473,02_21_17_51_46_238,8.41,10.3,23.51,-0.0,0.0,0,0.01,3.2812,2260,0.00999,2.91,1667.27441,292.091,5.319585715542141,2.28807,4.92028,6,True,1
732,3474,02_21_17_51_46_384,6.91,11.36,23.5,0.0,0.0,0,0.01,3.3594,2260,0.00999,2.95,1671.91949,309.109,5.171913428558139,2.32677,4.92157,6,True,1
733,3475,02_21_17_51_46_619,4.92,12.36,23.5,0.0,0.0,0,0.01,3.4375,2261,0.00999,2.91,1675.27427,279.199,1.654585737427952,2.46613,4.92157,6,True,1
734,3476,02_21_17_51_46_721,4.09,12.65,23.5,0.0,0.0,0,0.01,3.4375,2261,0.00999,3.21,1675.01621,270.983,4.7144679734303,2.42226,4.92544,6,True,1
735,3477,02_21_17_51_46_797,3.2,12.9,23.51,0.0,0.0,0,0.01,3.4375,2260,0.00999,3.27,1678.88711,264.419,2.8563469296463277,2.36935,4.92931,6,True,1
736,3478,02_21_17_51_46_906,2.27,13.09,23.5,0.0,0.0,0,0.01,3.4375,2261,0.00999,3.35,1677.33875,247.281,4.636837025656606,2.35774,4.92286,6,True,1
737,3479,02_21_17_51_46_984,1.62,13.16,23.51,0.0,0.0,0,0.01,3.3594,2261,0.00999,3.34,1678.37099,284.743,4.406553783854227,2.38355,4.92157,6,True,1
738,3480,02_21_17_51_47_069,0.96,13.24,23.51,-0.0,0.0,0,0.01,3.4375,2261,0.00999,3.33,1680.17741,256.466,4.636806952257124,2.25839,4.92415,6,True,1
739,3481,02_21_17_51_47_424,-2.66,13.04,23.5,0.0,0.0,0,0.01,3.4375,2261,0.00999,3.3,1686.88697,288.171,4.631601315150085,2.35387,4.92286,6,True,1
740,3482,02_21_17_51_47_599,-3.1,12.93,23.5,0.0,0.0,0,0.01,3.4375,2261,0.00999,3.31,1682.49995,256.145,4.71231567544026,2.39387,4.92286,6,True,1
741,3483,02_21_17_51_47_660,-3.55,12.83,23.5,0.0,0.0,0,0.01,3.4375,2261,0.00999,3.33,1683.27413,333.724,4.718488880192471,2.42484,4.92028,6,True,1
742,3484,02_21_17_51_47_770,-5.94,11.9,23.51,0.0,0.0,0,0.01,3.4375,2261,0.00999,3.29,1668.04859,271.375,4.719552664448189,2.47387,4.92931,6,True,1
743,3485,02_21_17_51_47_837,-6.46,11.6,23.51,0.0,0.0,0,0.01,3.4375,2261,0.00999,3.32,1681.20965,253.756,4.560147452933951,2.52419,4.92286,6,True,1
744,3486,02_21_17_51_47_906,-6.98,11.31,23.5,0.0,0.0,0,0.01,3.4375,2261,0.00999,3.36,1684.56443,271.074,4.636446056248255,2.45968,4.92286,6,True,1
745,3487,02_21_17_51_48_066,-8.83,9.91,23.51,0.0,0.0,0,0.01,3.4375,2261,0.00999,3.37,1674.24203,299.698,4.633971658307806,2.44161,4.92286,6,True,1
746,3488,02_21_17_51_48_393,-10.78,7.74,23.5,0.0,0.0,0,0.01,3.4375,2261,0.00999,3.4,1689.46757,293.962,2.517729241300581,2.38097,4.92544,6,True,1
747,3489,02_21_17_51_48_520,-11.31,6.95,23.5,-0.0,0.0,0,0.01,3.4375,2260,0.00999,3.36,1691.27399,219.53,2.004643542503255,2.38742,4.92157,6,True,1
748,3490,02_21_17_51_48_607,-11.79,6.12,23.5,0.0,0.0,0,0.01,3.4375,2261,0.00999,3.33,1687.40309,285.587,1.9180478910861427,2.26613,4.92157,6,True,1
749,3491,02_21_17_51_48_676,-12.2,5.25,23.5,0.0,0.0,0,0.01,3.4375,2261,0.00999,3.33,1677.85487,364.774,2.603754406621331,2.35516,4.92931,6,True,1
750,3492,02_21_17_51_48_723,-12.44,4.58,23.49,0.0,0.0,0,0.01,3.4375,2261,0.00999,3.36,1694.88683,248.843,1.4008353802285265,2.41193,4.92286,6,True,1
751,3493,02_21_17_51_48_830,-12.69,3.9,23.49,0.0,0.0,0,0.01,3.4375,2261,0.00999,3.39,1688.69339,307.184,4.558350579431116,2.41839,4.92157,6,True,1
752,3494,02_21_17_51_48_907,-12.93,2.97,23.49,0.0,0.0,0,0.01,3.4375,2261,0.00999,3.39,1669.59695,304.245,4.558105843988267,2.36548,4.92544,6,True,1
753,3495,02_21_17_51_48_991,-13.11,2.03,23.49,0.0,0.0,0,0.01,3.4375,2262,0.00999,3.3,1673.98397,257.94,2.260676723903708,2.44032,4.92415,6,True,1
754,3496,02_21_17_51_49_271,-13.29,0.12,23.49,0.0,0.0,0,0.01,3.4375,2262,0.00998,3.4,1683.79025,382.292,2.603339319508696,2.39903,4.92286,6,True,1
755,3497,02_21_17_51_49_335,-13.26,-0.84,23.5,0.0,0.0,0,0.01,3.4375,2262,0.00999,3.4,1690.24175,254.232,0.0,2.45968,4.92157,6,True,1
756,3498,02_21_17_51_49_415,-13.18,-1.71,23.5,0.0,0.0,0,0.01,3.4375,2262,0.00999,3.41,1686.11279,349.535,2.5137799466142616,2.49064,4.92157,6,True,1
757,3499,02_21_17_51_49_473,-12.94,-2.86,23.51,0.0,0.0,0,0.01,3.4375,2262,0.00999,3.4,1673.46785,282.764,0.8784977817274213,2.46484,4.92286,6,True,1
758,3500,02_21_17_51_49_625,-12.7,-4.01,23.51,0.0,0.0,0,0.01,3.4375,2262,0.00999,3.4,1710.62848,284.672,1.3985190631521618,2.44032,4.92931,6,True,1
759,3501,02_21_17_51_49_706,-12.41,-4.84,23.51,0.0,0.0,0,0.01,3.4375,2262,0.00999,3.37,1692.56429,291.428,1.6528993201341695,2.36548,4.92157,6,True,1
760,3502,02_21_17_51_49_766,-12.22,-5.28,23.51,0.0,0.0,0,0.01,3.4375,2262,0.00999,3.35,1705.98341,271.438,1.917611632343734,2.36548,4.92286,6,True,1
761,3503,02_21_17_51_49_830,-12.02,-5.72,23.5,0.0,0.0,0,0.01,3.4375,2262,0.00999,3.33,1712.17684,245.323,0.7909614355327318,2.37968,4.92673,6,True,1
762,3504,02_21_17_51_50_030,-10.89,-7.65,23.5,0.0,0.0,0,0.01,3.4375,2262,0.00999,3.31,1723.27342,242.801,0.9694993669415158,2.40935,4.92415,6,True,1
763,3505,02_21_17_51_50_788,-4.73,-12.42,23.49,0.0,0.0,0,0.01,3.4375,2261,0.00999,3.45,1729.72492,199.782,0.5287600826461846,2.56677,4.92286,6,True,1
764,3506,02_21_17_51_51_048,-3.02,-12.94,23.5,0.0,0.0,0,0.01,3.4375,2262,0.00999,3.36,1737.46672,350.846,3.5178085227169484,2.57451,4.92415,6,True,1
765,3507,02_21_17_51_51_090,-1.36,-13.11,23.5,0.0,0.0,0,0.01,3.4375,2262,0.00999,3.4,1753.46644,230.03,3.2717725203626244,2.57709,4.92415,6,True,1
766,3508,02_21_17_51_51_392,0.31,-13.28,23.5,0.0,0.0,0,0.01,3.4375,2262,0.00999,3.44,1731.53134,230.389,3.924935241822468,2.55258,4.92931,6,True,1
767,3509,02_21_17_51_51_542,2.22,-13.1,23.49,0.0,0.0,0,0.01,3.4375,2262,0.00999,3.42,1703.14475,282.192,4.166106126828744,2.55129,4.92157,6,True,1
768,3510,02_21_17_51_51_748,4.12,-12.67,23.49,0.0,0.0,0,0.01,3.4375,2262,0.00999,3.4,1674.24203,219.613,4.246145362855587,2.57709,4.92415,6,True,1
769,3511,02_21_17_51_51_819,4.98,-12.34,23.5,0.0,0.0,0,0.01,3.4375,2262,0.00999,3.4,1669.33889,254.767,4.0845926388074485,2.57709,4.92157,6,True,1
770,3512,02_21_17_51_51_878,6.44,-11.51,23.5,0.0,0.0,0,0.01,3.4375,2262,0.00999,3.41,1665.46799,376.518,4.331614309931114,2.57709,4.92415,6,True,1
771,3513,02_21_17_51_52_159,7.9,-10.68,23.5,0.0,0.0,0,0.01,3.4375,2262,0.00999,3.43,1672.17755,280.33,4.40216086286042,2.57967,4.92544,6,True,1
772,3514,02_21_17_51_52_229,8.65,-10.07,23.5,0.0,0.0,0,0.01,3.4375,2262,0.00999,3.45,1688.95145,459.384,4.17207647640836,2.57967,4.92673,6,True,1
773,3515,02_21_17_51_52_340,9.33,-9.45,23.49,0.0,0.0,0,0.01,3.4375,2262,0.00999,3.45,1667.01635,206.763,4.169468635809604,2.5758,4.92286,6,True,1
774,3516,02_21_17_51_52_537,10.54,-8.08,23.5,0.0,0.0,0,0.01,3.4375,2262,0.00999,3.42,1665.46799,384.384,4.080382804652034,2.58096,4.92415,6,True,1
775,3517,02_21_17_51_52_764,11.56,-6.53,23.5,0.0,0.0,0,0.01,3.4375,2262,0.00999,3.4,1643.79095,254.662,4.012676750624201,2.5758,4.92673,6,True,1
776,3518,02_21_17_51_52_863,12.17,-5.28,23.5,0.0,0.0,0,0.01,3.4375,2262,0.00999,3.42,1649.46827,285.152,4.002577529854981,2.57709,4.91899,6,True,1
777,3519,02_21_17_51_52_917,12.5,-4.48,23.51,0.0,0.0,0,0.01,3.4375,2262,0.00999,3.42,1633.98468,215.731,3.840437241382809,2.57709,4.92028,6,True,1
778,3520,02_21_17_51_53_019,12.78,-3.6,23.51,0.0,0.0,0,0.01,3.4375,2262,0.00899,3.42,1590.37254,96.647,3.762580787172549,2.57967,4.92286,6,True,1
779,3521,02_21_17_51_53_097,12.88,-3.28,23.51,0.0,0.0,0,0.01,3.4375,2261,0.00899,3.41,1573.08252,163.877,3.7559131649307336,2.57838,4.92415,6,True,1
780,3522,02_21_17_51_53_175,12.98,-2.95,23.51,0.0,0.0,0,0.01,3.4375,2261,0.00172,3.41,1557.59893,162.374,3.838212629922944,2.58096,4.92544,6,True,1
781,3572,02_21_17_52_00_743,13.63,-0.04,24.48,0.0,0.0,0,0.01,3.4375,2240,0.00983,0.3,1636.82334,318.845,0.0,2.3371,4.92286,6,True,1
782,3573,02_21_17_52_01_370,12.36,5.75,24.5,0.0,0.0,0,0.01,3.4375,2237,0.00999,2.7,1680.17741,390.204,5.024244333728207,2.23645,4.92802,6,True,1
783,3574,02_21_17_52_01_473,11.96,6.57,24.49,0.0,0.0,0,0.01,3.4375,2237,0.00999,2.34,1684.30637,393.995,5.170531442704898,2.21452,4.92544,6,True,1
784,3575,02_21_17_52_01_722,10.69,8.46,24.5,0.0,0.0,0,0.01,3.4375,2237,0.00999,2.7,1683.79025,306.683,5.243008817701911,2.31129,4.92157,6,True,1
785,3576,02_21_17_52_02_169,6.99,11.71,24.51,0.0,0.0,0,0.01,3.4375,2238,0.00999,3.35,1683.01607,251.272,4.951831610878948,2.16807,4.92028,6,True,1
786,3577,02_21_17_52_02_437,5.31,12.55,24.5,0.0,0.0,0,0.01,3.4375,2240,0.00999,3.31,1664.43575,273.842,4.719464024918508,2.33581,4.92802,6,True,1
787,3578,02_21_17_52_02_516,3.97,13.03,24.5,0.0,0.0,0,0.01,3.4375,2240,0.00999,3.35,1680.17741,256.479,4.643681169072657,2.33065,4.91899,6,True,1
788,3579,02_21_17_52_02_719,2.11,13.46,24.5,0.0,0.0,0,0.01,3.4375,2240,0.00999,3.33,1681.98383,277.779,4.246022209668715,2.36032,4.92028,6,True,1
789,3580,02_21_17_52_03_070,-1.73,13.51,24.51,0.0,0.0,0,0.01,3.4375,2238,0.00999,3.36,1656.17783,243.67,4.639813327333331,2.39129,4.92028,6,True,1
790,3581,02_21_17_52_03_216,-4.11,12.74,24.51,0.0,0.0,0,0.01,3.4375,2238,0.00999,3.38,1668.30665,255.631,4.636446056248255,2.42613,4.92544,6,True,1
791,3582,02_21_17_52_03_528,-6.49,11.97,24.5,0.0,0.0,0,0.01,3.4375,2240,0.00999,3.41,1672.17755,233.479,4.556751913644192,2.51903,4.92415,6,True,1
792,3583,02_21_17_52_03_718,-8.1,10.95,24.5,0.0,0.0,0,0.01,3.4375,2238,0.00999,3.38,1683.01607,304.771,4.559069413816816,2.38097,4.92931,6,True,1
793,3584,02_21_17_52_03_780,-9.8,9.11,24.5,0.0,0.0,0,0.01,3.4375,2238,0.00999,3.38,1685.33861,239.453,2.77051439718331,2.47774,4.92157,6,True,1
794,3585,02_21_17_52_04_238,-11.5,7.27,24.5,0.0,0.0,0,0.01,3.4375,2240,0.00999,3.38,1685.59667,291.077,2.684625639637676,2.34226,4.92415,6,True,1
795,3586,02_21_17_52_04_296,-12.42,4.94,24.49,0.0,0.0,0,0.01,3.4375,2240,0.00999,3.37,1679.40323,205.427,1.5724848051730105,2.49064,4.92415,6,True,1
796,3587,02_21_17_52_04_896,-13.35,2.61,24.48,0.0,0.0,0,0.01,3.4375,2240,0.00999,3.36,1670.62919,262.332,0.5243906368347933,2.31387,4.92544,6,True,1
797,3588,02_21_17_52_05_567,-12.78,-4.82,24.51,0.0,0.0,0,0.01,3.4375,2240,0.00999,3.45,1702.88669,259.647,0.7010022681846328,2.49967,4.92931,6,True,1
798,3589,02_21_17_52_05_832,-11.19,-7.77,24.49,0.0,0.0,0,0.01,3.4375,2240,0.00999,3.38,1702.37057,241.315,0.0,2.4429,4.92544,6,True,1
799,3590,02_21_17_52_05_879,-10.91,-8.15,24.49,0.0,0.0,0,0.01,3.4375,2240,0.00999,3.37,1701.33833,278.769,1.1367046098261413,2.3771,4.92802,6,True,1
800,3591,02_21_17_52_05_935,-10.63,-8.54,24.49,0.0,0.0,0,0.01,3.4375,2240,0.00999,3.37,1714.24132,237.428,0.5263150126112688,2.44419,4.92673,6,True,1
801,3592,02_21_17_52_06_103,-10.04,-9.21,24.49,0.0,0.0,0,0.01,3.4375,2240,0.00999,3.39,1725.07984,243.736,4.406158204717574,2.49838,4.92415,6,True,1
802,3593,02_21_17_52_06_224,-9.38,-9.9,24.49,-0.0,0.0,0,0.01,3.4375,2240,0.00999,3.42,1725.3379,247.644,0.0,2.51129,4.92544,6,True,1
803,3594,02_21_17_52_06_409,-7.53,-11.35,24.48,0.0,0.0,0,0.01,3.4375,2240,0.00999,3.4,1725.59596,258.687,0.8736031621966578,2.55129,4.92931,6,True,1
804,3595,02_21_17_52_06_985,-1.84,-13.49,24.5,0.0,0.0,0,0.01,3.4375,2240,0.00999,3.42,1725.59596,253.702,3.5128996804634203,2.58354,4.92415,6,True,1
805,3596,02_21_17_52_07_088,-0.92,-13.58,24.5,0.0,0.0,0,0.01,3.4375,2240,0.00999,3.44,1720.69282,263.739,3.6796603555899017,2.58225,4.92157,6,True,1
806,3597,02_21_17_52_07_168,0.04,-13.61,24.49,0.0,0.0,0,0.01,3.4375,2240,0.00998,3.42,1718.37028,242.48,3.924215734385662,2.58354,4.92673,6,True,1
807,3598,02_21_17_52_07_556,3.25,-13.26,24.49,0.0,0.0,0,0.01,3.4375,2240,0.00998,3.41,1684.04831,257.89,3.919993742660822,2.58225,4.92931,6,True,1
808,3599,02_21_17_52_07_709,4.97,-12.72,24.49,0.0,0.0,0,0.01,3.4375,2240,0.00999,3.42,1667.27441,225.062,4.169359940386533,2.58354,4.92544,6,True,1
809,3600,02_21_17_52_07_789,5.91,-12.29,24.5,0.0,0.0,0,0.01,3.4375,2240,0.00999,3.46,1666.24217,229.416,3.844918870405461,2.58354,4.92028,6,True,1
810,3601,02_21_17_52_07_888,6.69,-11.87,24.5,0.0,0.0,0,0.01,3.4375,2240,0.00999,3.44,1667.01635,183.136,4.160822678569708,2.58225,4.92544,6,True,1
811,3602,02_21_17_52_07_984,7.9,-11.09,24.49,0.0,0.0,0,0.01,3.4375,2240,0.00999,3.4,1648.43603,187.825,4.319694775386335,2.58483,4.92544,6,True,1
812,3603,02_21_17_52_08_512,11.1,-7.87,24.49,0.0,0.0,0,0.01,3.4375,2240,0.00999,3.42,1668.30665,237.879,9.892649945919446,2.58225,4.92286,6,True,1
813,3604,02_21_17_52_08_563,11.63,-7.06,24.5,0.0,0.0,0,0.01,3.4375,2240,0.00999,3.47,1657.72619,388.855,9.904384802828492,2.58483,4.92157,6,True,1
814,3605,02_21_17_52_08_686,12.1,-6.23,24.5,0.0,0.0,0,0.01,3.4375,2240,0.00999,3.43,1647.40379,195.073,2.8588722147028536,2.58483,4.92157,6,True,1
815,3606,02_21_17_52_08_738,12.5,-5.36,24.51,0.0,0.0,0,0.01,3.4375,2240,0.00999,3.43,1648.17797,267.83,4.089642129208863,2.58741,4.92415,6,True,1
816,3607,02_21_17_52_08_798,13.22,-2.65,25.0,0.0,0.0,0,0.01,3.4375,2240,0.00999,2.03,1640.69423,185.057,4.009574013844862,2.5629,4.92544,6,True,1
817,3664,02_21_17_52_16_498,13.95,0.06,25.49,0.0,0.0,0,0.01,3.4375,2205,0.00999,0.63,1654.11335,217.451,0.0,2.24549,4.92028,6,True,1
818,3665,02_21_17_52_16_567,13.92,1.03,25.49,0.0,0.0,0,0.01,3.4375,2205,0.00999,2.94,1696.95131,367.479,0.0,2.18742,4.92931,6,True,1
819,3666,02_21_17_52_16_657,13.83,1.94,25.49,0.0,0.0,0,0.01,3.4375,2203,0.00999,2.72,1715.53162,335.031,0.0,2.31258,4.92028,6,True,1
820,3667,02_21_17_52_16_735,13.24,3.96,25.49,0.0,0.0,0,0.01,3.4375,2203,0.00999,2.76,1715.53162,413.346,0.0,2.29839,4.91899,6,True,1
821,3668,02_21_17_52_17_137,12.64,5.98,25.5,-0.0,0.0,0,0.01,3.4375,2203,0.00999,2.8,1729.46686,279.942,2.5991177397340044,2.04807,4.92415,6,True,1
822,3669,02_21_17_52_17_442,11.14,8.43,25.5,0.0,0.0,0,0.01,3.4375,2205,0.00999,2.57,1678.62905,329.549,5.1718864665129685,2.19774,4.92157,6,True,1
823,3670,02_21_17_52_17_535,10.56,9.14,25.51,0.0,0.0,0,0.01,3.4375,2205,0.00999,2.57,1663.91963,295.911,5.176084112531402,2.21194,4.91899,6,True,1
824,3671,02_21_17_52_17_665,9.91,9.84,25.5,0.0,0.0,0,0.01,3.4375,2205,0.00999,2.92,1653.85529,288.547,5.103004656572439,2.25065,4.92415,6,True,1
825,3672,02_21_17_52_18_076,6.73,12.23,25.5,-0.0,0.0,0,0.01,3.4375,2206,0.00999,3.19,1651.01663,206.763,1.9194287229537852,2.31258,4.92028,6,True,1
826,3673,02_21_17_52_18_278,4.66,13.16,25.5,0.0,0.0,0,0.01,3.4375,2206,0.00999,3.37,1664.17769,306.691,4.6379796703413865,2.35,4.92286,6,True,1
827,3674,02_21_17_52_18_389,3.67,13.46,25.5,0.0,0.0,0,0.01,3.4375,2206,0.00999,3.41,1671.14531,245.219,4.638708710945321,2.29323,4.9306,6,True,1
828,3675,02_21_17_52_18_451,2.73,13.69,25.5,0.0,0.0,0,0.01,3.4375,2206,0.00999,3.41,1668.82277,220.578,4.006834309651448,2.36548,4.92028,6,True,1
829,3676,02_21_17_52_18_667,0.91,13.93,25.51,0.0,0.0,0,0.01,3.4375,2206,0.00999,3.35,1668.30665,300.203,4.717868228607069,2.33065,4.92673,6,True,1
830,3677,02_21_17_52_18_815,0.01,13.96,25.49,0.0,0.0,0,0.01,3.4375,2206,0.00999,3.27,1665.46799,211.672,4.639993647894358,2.42871,4.92544,6,True,1
831,3678,02_21_17_52_18_865,-1.5,13.8,25.49,0.0,0.0,0,0.01,3.4375,2206,0.00999,3.31,1678.88711,241.328,4.561469805336872,2.33065,4.92286,6,True,1
832,3679,02_21_17_52_19_014,-3.02,13.65,25.5,0.0,0.0,0,0.01,3.4375,2206,0.00999,3.35,1660.04873,279.399,4.559069413816816,2.41193,4.92286,6,True,1
833,3680,02_21_17_52_19_156,-3.92,13.42,25.51,0.0,0.0,0,0.01,3.4375,2206,0.00999,3.35,1693.59653,246.935,4.558962360559692,2.50742,4.92415,6,True,1
834,3681,02_21_17_52_19_222,-4.75,13.15,25.51,0.0,0.0,0,0.01,3.4375,2206,0.00999,3.35,1676.30651,355.535,4.634603545072652,2.48677,4.92544,6,True,1
835,3682,02_21_17_52_19_284,-6.08,12.57,25.51,-0.0,0.0,0,0.01,3.4375,2206,0.00999,3.4,1681.46771,321.521,4.642787721024945,2.37581,4.92157,6,True,1
836,3683,02_21_17_52_19_351,-6.54,12.32,25.51,0.0,0.0,0,0.01,3.4375,2206,0.00999,3.4,1681.20965,305.518,4.638580949223587,2.30871,4.92028,6,True,1
837,3684,02_21_17_52_19_434,-6.99,12.06,25.51,0.0,0.0,0,0.01,3.4375,2206,0.00999,3.39,1671.14531,237.203,4.639122033585665,2.36548,4.92544,6,True,1
838,3685,02_21_17_52_19_619,-8.58,10.99,25.51,0.0,0.0,0,0.01,3.4375,2206,0.00999,3.32,1678.11293,273.112,4.560690198862448,2.35387,4.92802,6,True,1
839,3686,02_21_17_52_19_770,-9.31,10.38,25.51,0.0,0.0,0,0.01,3.4375,2206,0.00999,3.4,1680.43547,286.743,4.7126559666498045,2.42355,4.92673,6,True,1
840,3687,02_21_17_52_19_887,-9.94,9.77,25.5,0.0,0.0,0,0.01,3.4375,2206,0.00999,3.31,1683.79025,357.614,3.520225716129578,2.45451,4.92415,6,True,1
841,3688,02_21_17_52_20_030,-11.26,8.21,25.49,0.0,0.0,0,0.01,3.4375,2206,0.00999,3.42,1698.49967,267.313,4.564365411806991,2.42613,4.92286,6,True,1
842,3689,02_21_17_52_20_190,-12.03,7.05,25.5,0.0,0.0,0,0.01,3.4375,2206,0.00999,3.35,1670.88725,246.442,4.637648933727088,2.37839,4.92544,6,True,1
843,3690,02_21_17_52_20_509,-13.44,3.71,25.49,0.0,0.0,0,0.01,3.4375,2208,0.00999,3.36,1708.30595,281.353,1.829545785160896,2.4029,4.92286,6,True,1
844,3691,02_21_17_52_20_651,-13.73,2.34,25.49,0.0,0.0,0,0.01,3.4375,2206,0.00999,3.42,1688.43533,225.02,1.3126242493569893,2.40806,4.92415,6,True,1
845,3692,02_21_17_52_20_726,-13.88,1.4,25.5,0.0,0.0,0,0.01,3.4375,2206,0.00999,3.41,1673.98397,185.863,0.5229260416158292,2.45064,4.92157,6,True,1
846,3693,02_21_17_52_20_797,-13.92,0.92,25.51,0.0,0.0,0,0.01,3.4375,2206,0.00999,3.4,1654.37141,256.813,1.5705548716934408,2.34226,4.90995,6,True,1
847,3694,02_21_17_52_20_894,-13.96,0.44,25.51,0.0,0.0,0,0.01,3.4375,2208,0.00999,3.39,1666.75829,263.764,0.5255195738504894,2.48677,4.91899,6,True,1
848,3695,02_21_17_52_21_231,-13.6,-3.29,25.51,0.0,0.0,0,0.01,3.4375,2208,0.00999,3.3,1684.82249,209.305,0.0,2.44806,4.92544,6,True,1
849,3696,02_21_17_52_21_342,-13.31,-4.29,25.51,0.0,0.0,0,0.01,3.4375,2206,0.00999,3.33,1680.95159,263.067,0.0,2.4158,4.92157,6,True,1
850,3697,02_21_17_52_21_421,-12.97,-5.18,25.5,0.0,0.0,0,0.01,3.4375,2208,0.00999,3.39,1703.40281,258.449,0.0922287644935136,2.45193,4.92157,6,True,1
851,3698,02_21_17_52_21_487,-12.2,-6.6,25.5,0.0,0.0,0,0.01,3.4375,2208,0.00999,3.41,1705.46729,253.264,1.050275998249984,2.42355,4.92544,6,True,1
852,3699,02_21_17_52_21_716,-11.43,-8.02,25.5,-0.0,0.0,0,0.01,3.4375,2208,0.00999,3.44,1695.91907,229.855,4.333159268939927,2.44935,4.92544,6,True,1
853,3700,02_21_17_52_22_916,-1.65,-13.84,25.5,0.0,0.0,0,0.01,3.4375,2208,0.00999,3.41,1711.91878,273.613,3.762775352382866,2.57451,4.92415,6,True,1
854,3706,02_21_17_52_32_532,14.31,-0.41,26.5,0.0,0.0,0,0.01,3.4375,0,0.0,0.0,934.12606,58.868,0.0,1.9113,4.93189,6,True,1
855,3707,02_21_17_52_33_030,13.99,3.04,26.49,0.0,0.0,0,0.01,3.4375,2194,0.00999,2.74,1712.95102,426.576,2.521713824465417,2.3229,4.92673,6,True,1
856,3708,02_21_17_52_33_552,12.07,7.66,26.5,0.0,0.0,0,0.01,3.4375,2195,0.00999,3.23,1723.78954,245.824,5.023703093336628,2.04033,4.92286,6,True,1
857,3709,02_21_17_52_33_690,10.68,9.5,26.51,0.0,0.0,0,0.01,3.4375,2195,0.00999,2.6,1690.75787,386.338,5.170558411815884,2.14226,4.92544,6,True,1
858,3710,02_21_17_52_33_971,10.07,10.17,26.5,0.0,0.0,0,0.01,3.4375,2195,0.00999,3.1,1650.24245,324.669,5.2474817488963215,2.2442,4.92544,6,True,1
859,3711,02_21_17_52_34_110,8.11,11.78,26.51,0.0,0.0,0,0.01,3.4375,2197,0.00999,3.16,1662.88739,328.084,4.946372546119025,2.3229,4.92157,6,True,1
860,3712,02_21_17_52_34_156,7.11,12.41,26.5,0.0,0.0,0,0.01,3.4375,2197,0.00999,3.16,1665.98411,273.032,4.945970802835374,2.4171,4.92931,6,True,1
861,3713,02_21_17_52_34_233,6.45,12.74,26.5,0.0,0.0,0,0.01,3.4375,2195,0.00999,3.18,1650.50051,224.177,4.718400220678614,2.31129,4.92028,6,True,1
862,3714,02_21_17_52_34_346,5.79,13.08,26.5,0.0,0.0,0,0.01,3.4375,2195,0.00999,3.2,1672.17755,281.266,4.636265597709001,2.34484,4.92157,6,True,1
863,3715,02_21_17_52_34_427,4.94,13.41,26.51,0.0,0.0,0,0.01,3.4375,2195,0.00999,3.29,1661.08097,245.636,4.637821821717605,2.31129,4.92415,6,True,1
864,3716,02_21_17_52_34_473,4.02,13.68,26.51,0.0,0.0,0,0.01,3.4375,2195,0.00999,3.33,1662.62933,284.288,4.552588160870693,2.28807,4.92157,6,True,1
865,3717,02_21_17_52_34_618,3.09,13.95,26.51,0.0,0.0,0,0.01,3.4375,2195,0.00999,3.36,1675.01621,295.035,3.3533437823313017,2.44419,4.92286,6,True,1
866,3718,02_21_17_52_34_658,2.16,14.09,26.51,0.0,0.0,0,0.01,3.4375,2195,0.00999,3.39,1681.72577,245.331,4.2464080777169775,2.34355,4.92286,6,True,1
867,3719,02_21_17_52_34_824,1.24,14.23,26.51,0.0,0.0,0,0.01,3.4375,2197,0.00999,3.43,1652.30693,222.816,4.553598833065996,2.41839,4.92286,6,True,1
868,3720,02_21_17_52_35_126,-2.14,14.14,26.5,0.0,0.0,0,0.01,3.4375,2197,0.00999,3.32,1669.85501,266.378,4.561469805336872,2.38742,4.92157,6,True,1
869,3721,02_21_17_52_35_445,-4.81,13.48,26.5,0.0,0.0,0,0.01,3.4375,2197,0.00999,3.34,1672.17755,218.924,4.481655884268671,2.45968,4.92802,6,True,1
870,3722,02_21_17_52_35_729,-7.74,12.01,26.5,0.0,0.0,0,0.01,3.4375,2197,0.00999,3.39,1672.43561,223.195,4.47563115660797,2.42613,4.92544,6,True,1
871,3723,02_21_17_52_35_779,-8.46,11.47,26.51,0.0,0.0,0,0.01,3.4375,2197,0.00999,3.4,1678.62905,222.87,4.401210465599209,2.47774,4.92673,6,True,1
872,3724,02_21_17_52_35_923,-9.19,10.93,26.51,0.0,0.0,0,0.01,3.4375,2198,0.00999,3.41,1677.59681,260.975,4.479041494002931,2.43645,4.92544,6,True,1
873,3725,02_21_17_52_36_493,-12.5,6.91,26.5,0.0,0.0,0,0.01,3.4375,2197,0.00999,3.41,1696.17713,296.663,2.006572931642406,2.4829,4.91899,6,True,1
874,3726,02_21_17_52_36_575,-12.89,6.13,26.5,0.0,0.0,0,0.01,3.4375,2198,0.00999,3.37,1698.49967,265.81,2.005286878478987,2.47645,4.92931,6,True,1
875,3727,02_21_17_52_36_703,-13.26,5.28,26.5,0.0,0.0,0,0.01,3.4375,2198,0.00999,3.35,1696.43519,253.94,1.9206633626171972,2.37968,4.92157,6,True,1
876,3728,02_21_17_52_36_786,-13.59,4.38,26.5,0.0,0.0,0,0.01,3.4375,2198,0.00999,3.35,1682.49995,253.665,1.31095,2.44161,4.92415,6,True,1
877,3729,02_21_17_52_37_006,-14.13,2.13,26.5,0.0,0.0,0,0.01,3.4375,2198,0.00999,3.41,1660.56485,221.659,4.406308528972977,2.47258,4.92931,6,True,1
878,3730,02_21_17_52_37_068,-14.22,1.22,26.48,0.0,0.0,0,0.01,3.4375,2198,0.00999,3.4,1658.75843,249.168,1.4825659555311526,2.50484,4.92931,6,True,1
879,3731,02_21_17_52_37_304,-14.26,-0.7,26.49,-0.0,0.0,0,0.01,3.4375,2198,0.00999,3.36,1664.17769,225.012,0.0,2.39516,4.92028,6,True,1
880,3732,02_21_17_52_37_356,-14.2,-1.66,26.5,0.0,0.0,0,0.01,3.4375,2198,0.00999,3.36,1676.82263,319.408,1.4892524047319848,2.46355,4.92415,6,True,1
881,3733,02_21_17_52_37_410,-13.44,-4.1,26.49,0.0,0.0,0,0.01,3.4375,2198,0.00999,3.38,1673.98397,307.522,2.5097272062915525,2.38484,4.91899,6,True,1
882,3734,02_21_17_52_37_867,-12.68,-6.55,26.49,0.0,0.0,0,0.01,3.4375,2198,0.00999,3.4,1697.72549,256.616,0.963982095269409,2.45968,4.92157,6,True,1
883,3735,02_21_17_52_37_967,-12.27,-7.32,26.49,0.0,0.0,0,0.01,3.4375,2198,0.00998,3.45,1709.08013,218.933,0.7936454277572573,2.48032,4.91899,6,True,1
884,3736,02_21_17_52_38_041,-11.78,-8.1,26.49,0.0,0.0,0,0.01,3.4375,2198,0.00999,3.45,1720.43476,236.643,1.493063124084176,2.49064,4.92157,6,True,1
885,3737,02_21_17_52_38_100,-11.03,-9.03,26.49,0.0,0.0,0,0.01,3.4375,2198,0.00999,3.43,1709.8543,224.799,4.402121267071138,2.47387,4.91641,6,True,1
886,3738,02_21_17_52_38_242,-10.28,-9.96,26.5,0.0,0.0,0,0.01,3.4375,2198,0.00999,3.41,1714.75744,227.955,0.0887617175363343,2.48419,4.91641,6,True,1
887,3739,02_21_17_52_38_306,-9.96,-10.26,26.49,0.0,0.0,0,0.01,3.4375,2198,0.00999,3.39,1707.53177,211.017,4.246933458685219,2.48677,4.92544,6,True,1
888,3740,02_21_17_52_38_377,-9.63,-10.57,26.49,0.0,0.0,0,0.01,3.4375,2198,0.00999,3.36,1713.7252,220.979,0.1721396598695373,2.48935,4.92028,6,True,1
889,3741,02_21_17_52_38_446,-8.91,-11.18,26.49,0.0,0.0,0,0.01,3.4375,2198,0.00999,3.38,1712.69296,203.707,0.3543588894045131,2.51258,4.91899,6,True,1
890,3742,02_21_17_52_38_515,-8.54,-11.46,26.49,0.0,0.0,0,0.01,3.4375,2198,0.00999,3.4,1705.98341,225.617,1.392924165200676,2.51,4.92286,6,True,1
891,3743,02_21_17_52_38_561,-8.17,-11.73,26.49,0.0,0.0,0,0.01,3.4375,2198,0.00999,3.41,1714.49938,205.861,1.4815309725078312,2.50871,4.92157,6,True,1
892,3744,02_21_17_52_38_616,-7.78,-12.0,26.49,0.0,0.0,0,0.01,3.4375,2198,0.00999,3.41,1718.62834,231.708,0.7904764670753963,2.56548,4.92286,6,True,1
893,3745,02_21_17_52_38_655,-7.38,-12.26,26.5,0.0,0.0,0,0.01,3.4375,2198,0.00998,3.41,1726.6282,232.765,0.785077639472683,2.52806,4.92028,6,True,1
894,3746,02_21_17_52_38_768,-6.53,-12.71,26.49,0.0,0.0,0,0.01,3.4375,2198,0.01,3.46,1741.33762,223.15,1.5742573685709715,2.56935,4.92544,6,True,1
895,3747,02_21_17_52_38_860,-5.23,-13.31,26.5,0.0,0.0,0,0.01,3.4375,2198,0.00999,3.44,1729.46686,239.232,2.3458893675960084,2.57193,4.92157,6,True,1
896,3748,02_21_17_52_38_933,-4.32,-13.62,26.5,0.0,0.0,0,0.01,3.4375,2198,0.00999,3.44,1716.82192,329.825,3.1076586628843264,2.54871,4.92415,6,True,1
897,3749,02_21_17_52_39_070,-3.4,-13.89,26.49,0.0,0.0,0,0.01,3.4375,2198,0.00999,3.38,1713.46714,224.369,4.092905625897084,2.57064,4.92415,6,True,1
898,3750,02_21_17_52_39_222,-2.55,-14.08,26.5,0.0,0.0,0,0.01,3.4375,2198,0.00999,3.41,1701.59639,361.801,4.089667701965528,2.57322,4.92931,6,True,1
899,3751,02_21_17_52_39_288,-1.64,-14.21,26.5,0.0,0.0,0,0.01,3.4375,2198,0.00999,3.41,1718.11222,203.882,3.922989602968634,2.57838,4.92286,6,True,1
900,3752,02_21_17_52_39_386,-0.68,-14.28,26.5,0.0,0.0,0,0.01,3.4375,2198,0.00999,3.4,1726.11208,197.661,3.842134343369581,2.5758,4.92157,6,True,1
901,3753,02_21_17_52_39_835,4.29,-13.67,26.5,0.0,0.0,0,0.01,3.4375,2198,0.00999,3.4,1660.04873,137.942,3.755922446616809,2.58483,4.92028,6,True,1
902,3754,02_21_17_52_39_918,4.91,-13.43,26.49,0.0,0.0,0,0.01,3.4375,2198,0.00999,3.4,1658.50037,334.626,4.083286603031925,2.57967,4.92415,6,True,1
903,3755,02_21_17_52_39_965,5.53,-13.2,26.49,0.0,0.0,0,0.01,3.4375,2198,0.00999,3.41,1663.14545,206.45,4.002168153014063,2.57838,4.91899,6,True,1
904,3756,02_21_17_52_40_131,6.39,-12.78,26.5,0.0,0.0,0,0.01,3.4375,2198,0.00999,3.44,1674.50009,412.97,4.003126203356572,2.57967,4.92028,6,True,1
905,3757,02_21_17_52_40_228,7.21,-12.34,26.5,0.0,0.0,0,0.01,3.4375,2198,0.00999,3.44,1694.62877,225.024,4.250379659806875,2.58096,4.91899,6,True,1
906,3758,02_21_17_52_40_330,7.95,-11.86,26.49,-0.0,0.0,0,0.01,3.4375,2198,0.00999,3.44,1682.75801,229.541,4.323728044465795,2.59258,4.92802,6,True,1
907,3759,02_21_17_52_40_405,8.68,-11.32,26.5,0.0,0.0,0,0.01,3.4375,2197,0.00999,3.44,1676.82263,325.558,4.401717369675159,2.57838,4.92673,6,True,1
908,3760,02_21_17_52_40_492,9.73,-10.44,26.5,0.0,0.0,0,0.01,3.4375,2197,0.00999,3.44,1656.69395,227.024,4.324703530301239,2.57838,4.92157,6,True,1
909,3761,02_21_17_52_40_564,10.33,-9.85,26.49,0.0,0.0,0,0.01,3.4375,2197,0.00999,3.38,1631.40408,269.763,4.163837828554326,2.57838,4.92157,6,True,1
910,3762,02_21_17_52_40_620,11.44,-8.32,26.49,0.0,0.0,0,0.01,3.4375,2198,0.00999,3.4,1636.04916,226.636,3.9190598464427664,2.57709,4.92931,6,True,1
911,3763,02_21_17_52_40_961,12.56,-6.79,26.49,0.0,0.0,0,0.01,3.4375,2197,0.00999,3.42,1633.46856,339.156,9.965510738165907,2.57967,4.92673,6,True,1
912,3764,02_21_17_52_41_020,12.85,-6.18,26.49,0.0,0.0,0,0.01,3.4375,2198,0.00999,3.44,1625.98482,205.619,3.923966985080277,2.58225,4.92286,6,True,1
913,3765,02_21_17_52_41_090,13.14,-5.56,26.5,0.0,0.0,0,0.01,3.4375,2197,0.00999,3.46,1616.17854,157.372,3.6018226122339785,2.57838,4.91899,6,True,1
914,3766,02_21_17_52_41_160,13.44,-4.78,26.51,0.0,0.0,0,0.01,3.4375,2197,0.00999,3.44,1622.8881,146.542,3.675593745233551,2.57838,4.92286,6,True,1
915,3767,02_21_17_52_41_388,14.01,-2.9,26.51,0.0,0.0,0,0.01,3.4375,2197,0.00149,3.4,1537.72831,93.349,0.6168836235466135,2.57838,4.92286,6,True,1
916,3768,02_21_17_52_41_455,14.32,-1.66,27.01,0.0,0.0,0,0.01,3.4375,2197,0.00149,1.7,1554.50221,137.399,0.4342802810397911,2.58096,4.92415,6,True,1
917,3844,02_21_17_52_48_879,14.64,-0.42,27.5,0.0,0.0,0,0.01,3.4375,1138,0.0,0.0,1020.31808,30.206,0.0,2.19387,4.92673,6,True,1
918,3845,02_21_17_52_48_929,14.63,-0.26,27.5,0.0,0.0,0,0.01,3.4375,1138,0.00347,1.12,1360.69918,121.28,0.0,2.33323,4.92931,6,True,1
919,3846,02_21_17_52_48_966,14.62,-0.09,27.5,0.0,0.0,0,0.01,3.4375,1138,0.00347,2.24,1526.37367,173.016,0.0,2.39387,4.92544,6,True,1
920,3847,02_21_17_52_49_066,14.61,0.07,27.5,0.0,0.0,0,0.01,3.4375,2185,0.01,3.35,1693.33847,298.755,0.0,2.39387,4.92415,6,True,1
921,3848,02_21_17_52_49_169,14.55,1.4,27.5,0.0,0.0,0,0.01,3.4375,2182,0.00999,3.35,1710.62848,278.264,0.0,2.2829,4.92802,6,True,1
922,3849,02_21_17_52_49_216,14.5,1.86,27.5,0.0,0.0,0,0.01,3.4375,2182,0.00999,3.24,1717.85416,487.197,0.0,2.21581,4.92802,6,True,1
923,3850,02_21_17_52_49_261,14.45,2.31,27.5,-0.0,0.0,0,0.01,3.4375,2182,0.00999,3.12,1698.75773,359.847,0.0,2.21581,4.92286,6,True,1
924,3851,02_21_17_52_49_478,13.98,3.97,27.49,0.0,0.0,0,0.01,3.4375,2182,0.00999,2.73,1673.72591,408.353,3.928797009263777,2.2042,4.92028,6,True,1
925,3852,02_21_17_52_49_568,13.51,5.64,27.49,0.0,0.0,0,0.01,3.4375,2182,0.00999,2.34,1683.53219,338.751,4.167687345819021,2.18355,4.91899,6,True,1
926,3853,02_21_17_52_49_660,13.31,6.08,27.49,0.0,0.0,0,0.01,3.3594,2182,0.00999,2.73,1759.14376,268.883,2.520676779160708,2.06226,4.92544,6,True,1
927,3854,02_21_17_52_49_711,13.11,6.52,27.5,-0.0,0.0,0,0.01,3.2812,2182,0.00999,3.12,1707.53177,379.545,4.639873434965657,2.11129,4.92931,6,True,1
928,3855,02_21_17_52_49_917,12.14,8.17,27.5,0.0,0.0,0,0.01,3.4375,2183,0.00999,2.65,1692.56429,350.792,5.179692848036455,2.09839,4.92415,6,True,1
929,3856,02_21_17_52_50_534,7.89,12.33,27.5,0.0,0.0,0,0.01,3.4375,2185,0.00999,3.23,1660.82291,227.011,4.794034534710821,2.30097,4.92544,6,True,1
930,3857,02_21_17_52_51_379,-0.9,14.6,27.51,0.0,0.0,0,0.01,3.4375,2185,0.00999,3.34,1669.85501,267.755,4.63500219120768,2.39,4.92157,6,True,1
931,3858,02_21_17_52_51_494,-1.86,14.52,27.51,0.0,0.0,0,0.01,3.4375,2183,0.00999,3.38,1669.33889,213.676,4.561469805336872,2.49322,4.92028,6,True,1
932,3859,02_21_17_52_51_682,-3.74,14.16,27.51,0.0,0.0,0,0.01,3.4375,2185,0.00999,3.25,1657.46813,277.834,4.636446056248255,2.51,4.92286,6,True,1
933,3860,02_21_17_52_51_843,-4.65,13.88,27.51,-0.0,0.0,0,0.01,3.4375,2185,0.00999,3.42,1679.14517,265.204,4.558962360559692,2.46871,4.92544,6,True,1
934,3861,02_21_17_52_51_890,-5.54,13.53,27.5,0.0,0.0,0,0.01,3.4375,2185,0.00999,3.42,1673.20979,213.142,4.561859558612036,2.51516,4.92415,6,True,1
935,3862,02_21_17_52_51_959,-6.82,12.85,27.51,0.0,0.0,0,0.01,3.4375,2185,0.00999,3.42,1661.08097,296.087,4.56745,2.4158,4.92673,6,True,1
936,3863,02_21_17_52_52_223,-8.1,12.17,27.51,0.0,0.0,0,0.01,3.4375,2185,0.00999,3.41,1662.11321,264.348,4.559069413816816,2.45451,4.92028,6,True,1
937,3864,02_21_17_52_52_285,-8.87,11.61,27.51,-0.0,0.0,0,0.01,3.4375,2185,0.00999,3.36,1680.95159,254.099,4.483880027386995,2.49322,4.92802,6,True,1
938,3865,02_21_17_52_52_340,-9.38,11.19,27.51,0.0,0.0,0,0.01,3.4375,2185,0.00999,3.38,1676.56457,238.426,4.558855304788692,2.48935,4.92931,6,True,1
939,3866,02_21_17_52_52_401,-9.88,10.77,27.51,0.0,0.0,0,0.01,3.4375,2185,0.00999,3.4,1696.95131,243.482,4.483584575426229,2.47774,4.92802,6,True,1
940,3867,02_21_17_52_52_478,-10.55,10.08,27.5,0.0,0.0,0,0.01,3.4375,2185,0.00999,3.41,1687.14503,235.282,4.558679421992733,2.46484,4.92802,6,True,1
941,3868,02_21_17_52_53_232,-13.99,4.21,27.5,0.0,0.0,0,0.01,3.4375,2186,0.00999,3.41,1678.88711,252.504,1.39424998565537,2.40806,4.92286,6,True,1
942,3869,02_21_17_52_53_282,-14.24,3.32,27.5,0.0,0.0,0,0.01,3.4375,2186,0.00999,3.4,1670.37113,209.631,1.3086344199202464,2.44806,4.92673,6,True,1
943,3870,02_21_17_52_53_330,-14.38,0.82,27.5,0.0,0.0,0,0.01,3.4375,2186,0.00999,3.37,1683.01607,265.188,0.9634033008039778,2.47645,4.92028,6,True,1
944,3871,02_21_17_52_53_830,-14.52,-1.69,27.5,0.0,0.0,0,0.01,3.4375,2186,0.00999,3.33,1679.66129,270.594,1.4893928494524202,2.3771,4.92544,6,True,1
945,3872,02_21_17_52_53_903,-14.42,-2.63,27.51,0.0,0.0,0,0.01,3.4375,2186,0.00999,3.33,1680.95159,277.809,0.0,2.44935,4.92286,6,True,1
946,3873,02_21_17_52_54_027,-14.23,-3.57,27.52,0.0,0.0,0,0.01,3.4375,2186,0.00999,3.36,1688.95145,241.444,1.4845633112130987,2.38484,4.92673,6,True,1
947,3874,02_21_17_52_54_351,-13.06,-6.59,27.5,0.0,0.0,0,0.01,3.4375,2186,0.00999,3.45,1708.04789,247.661,1.050275998249984,2.44677,4.92157,6,True,1
948,3875,02_21_17_52_54_426,-12.58,-7.47,27.49,0.0,0.0,0,0.01,3.4375,2186,0.00999,3.41,1699.01579,271.271,0.8709654413350739,2.41322,4.92544,6,True,1
949,3876,02_21_17_52_54_615,-11.52,-9.02,27.49,0.0,0.0,0,0.01,3.4375,2186,0.00998,3.37,1693.08041,221.129,1.2281598287682267,2.44935,4.92544,6,True,1
950,3877,02_21_17_52_54_883,-9.26,-11.33,27.48,-0.0,0.0,0,0.01,3.4375,2186,0.00999,3.39,1715.53162,245.018,0.3456940337928903,2.51129,4.92415,6,True,1
951,3878,02_21_17_52_54_945,-8.88,-11.62,27.48,0.0,0.0,0,0.01,3.4375,2186,0.00999,3.41,1698.24161,229.917,0.9571955769329484,2.49193,4.92415,6,True,1
952,3879,02_21_17_52_55_002,-8.51,-11.91,27.49,0.0,0.0,0,0.01,3.4375,2186,0.00999,3.42,1709.08013,271.354,4.4835456987188165,2.49838,4.92415,6,True,1
953,3880,02_21_17_52_55_339,-5.95,-13.37,27.49,0.0,0.0,0,0.01,3.4375,2186,0.00999,3.42,1732.82164,240.58,3.77183465703363,2.57322,4.92286,6,True,1
954,3881,02_21_17_52_55_398,-5.14,-13.69,27.5,-0.0,0.0,0,0.01,3.4375,2186,0.00999,3.42,1726.88626,253.719,1.9159565822324889,2.56419,4.92415,6,True,1
955,3882,02_21_17_52_55_445,-4.16,-13.98,27.5,0.0,0.0,0,0.01,3.4375,2186,0.00999,3.42,1736.69254,265.158,4.2502238205769824,2.57322,4.92673,6,True,1
956,3883,02_21_17_52_55_587,-3.18,-14.27,27.5,0.0,0.0,0,0.01,3.4375,2186,0.00999,3.43,1714.75744,225.162,4.003909892217855,2.54483,4.92673,6,True,1
957,3884,02_21_17_52_56_117,2.17,-14.46,27.5,0.0,0.0,0,0.01,3.4375,2185,0.00999,3.37,1674.24203,265.772,3.766775606868559,2.5758,4.91899,6,True,1
958,3885,02_21_17_52_56_224,3.12,-14.3,27.49,0.0,0.0,0,0.01,3.4375,2185,0.00999,3.41,1673.98397,277.696,3.9254326019561208,2.5758,4.92157,6,True,1
959,3886,02_21_17_52_56_785,7.65,-12.44,27.5,-0.0,0.0,0,0.01,3.4375,2185,0.00999,3.42,1649.46827,355.305,4.398825648965869,2.57838,4.92415,6,True,1
960,3887,02_21_17_52_56_885,8.45,-11.91,27.5,0.0,0.0,0,0.01,3.4375,2185,0.00999,3.42,1657.98425,331.887,4.478543341869094,2.57838,4.92286,6,True,1
961,3888,02_21_17_52_57_058,10.29,-10.37,27.49,0.0,0.0,0,0.01,3.4375,2185,0.00999,3.38,1624.1784,363.764,4.245825157139658,2.5629,4.92673,6,True,1
962,3889,02_21_17_52_57_127,10.94,-9.67,27.5,0.0,0.0,0,0.01,3.4375,2185,0.00999,3.41,1616.95272,232.163,4.324381079992835,2.5758,4.92802,6,True,1
963,3890,02_21_17_52_57_195,11.25,-9.3,27.49,0.0,0.0,0,0.01,3.4375,2185,0.00999,3.43,1631.9202,286.718,4.559619933722546,2.57967,4.92286,6,True,1
964,3891,02_21_17_52_57_268,11.56,-8.93,27.49,0.0,0.0,0,0.01,3.4375,2185,0.00999,3.45,1645.33931,255.815,4.489482155271363,2.57838,4.92028,6,True,1
965,3892,02_21_17_52_57_555,13.07,-6.49,27.5,0.0,0.0,0,0.01,3.4375,2185,0.00999,3.44,1659.01649,667.411,9.9642653047026,2.58225,4.92157,6,True,1
966,3893,02_21_17_52_57_719,13.8,-4.72,27.51,0.0,0.0,0,0.01,3.4375,2185,0.00999,3.38,1585.21134,262.658,3.921656416617856,2.57193,4.92544,6,True,1
967,3894,02_21_17_52_57_777,14.39,-2.56,28.01,0.0,0.0,0,0.01,3.4375,2185,0.00999,2.66,1573.59864,122.758,3.7570360824724585,2.58096,4.92415,6,True,1
968,3956,02_21_17_53_05_470,14.98,-0.41,28.5,0.0,0.0,0,0.01,3.4375,727,0.0,1.94,1354.50574,123.037,0.0,2.44419,4.92157,6,True,1
969,3957,02_21_17_53_05_564,14.93,0.09,28.51,0.0,0.0,0,0.01,3.4375,2162,0.00999,1.94,1642.24259,228.226,0.0,2.27516,4.92544,6,True,1
970,3958,02_21_17_53_05_642,14.91,1.02,28.51,0.0,0.0,0,0.01,3.4375,2161,0.00999,2.81,1701.59639,334.321,0.0,2.21194,4.92544,6,True,1
971,3959,02_21_17_53_05_714,14.83,1.97,28.5,0.0,0.0,0,0.01,3.4375,2161,0.00999,2.41,1723.53148,368.498,0.0,2.33839,4.92415,6,True,1
972,3960,02_21_17_53_05_848,14.7,2.93,28.49,0.0,0.0,0,0.01,3.4375,2162,0.00999,2.46,1708.56401,406.394,1.996767678649672,2.23516,4.92415,6,True,1
973,3961,02_21_17_53_05_927,14.48,3.86,28.49,-0.0,0.0,0,0.01,3.2031,2161,0.00999,3.23,1699.53191,373.596,3.1899732212825858,2.18097,4.92415,6,True,1
974,3962,02_21_17_53_06_033,14.19,4.77,28.5,0.0,0.0,0,0.01,3.125,2159,0.00998,3.23,1694.11265,407.914,4.17320436385519,2.14871,4.92544,6,True,1
975,3963,02_21_17_53_06_096,13.51,6.23,28.5,0.0,0.0,0,0.01,3.125,2159,0.00998,3.04,1735.91836,317.651,3.7660814230443824,2.15129,4.92931,6,True,1
976,3964,02_21_17_53_06_347,12.83,7.69,28.5,0.0,0.0,0,0.01,3.2031,2161,0.00999,2.85,1684.82249,284.756,5.02484795615748,2.17839,4.92415,6,True,1
977,3965,02_21_17_53_06_484,12.08,8.83,28.5,0.0,0.0,0,0.01,3.2031,2162,0.00999,2.78,1675.53233,277.642,4.943178842860129,2.25581,4.92931,6,True,1
978,3966,02_21_17_53_06_550,11.81,9.17,28.5,0.0,0.0,0,0.01,3.2031,2162,0.00999,2.77,1672.69367,267.229,5.02535438800091,2.31774,4.92544,6,True,1
979,3967,02_21_17_53_06_772,10.21,10.94,28.5,-0.0,0.0,0,0.01,3.4375,2162,0.00999,3.25,1644.56513,265.668,4.869431922206122,2.31516,4.92286,6,True,1
980,3968,02_21_17_53_06_911,9.48,11.58,28.51,0.0,0.0,0,0.01,3.4375,2162,0.00999,2.54,1662.11321,213.902,4.712811308815578,2.30355,4.92673,6,True,1
981,3969,02_21_17_53_07_232,7.1,13.17,28.5,0.0,0.0,0,0.01,3.4375,2161,0.00999,3.38,1655.14559,284.067,4.564059893614456,2.28936,4.92931,6,True,1
982,3970,02_21_17_53_07_496,4.18,14.36,28.51,0.0,0.0,0,0.01,3.4375,2161,0.00999,3.35,1663.91963,256.353,4.482332576070187,2.32032,4.92544,6,True,1
983,3971,02_21_17_53_07_571,3.33,14.58,28.51,0.0,0.0,0,0.01,3.4375,2162,0.00999,3.37,1665.46799,208.065,4.48122025847871,2.37064,4.92931,6,True,1
984,3972,02_21_17_53_07_660,2.36,14.76,28.5,0.0,0.0,0,0.01,3.4375,2162,0.00999,3.34,1679.91935,348.671,4.406909774717427,2.45064,4.92286,6,True,1
985,3973,02_21_17_53_07_706,1.9,14.81,28.51,0.0,0.0,0,0.01,3.4375,2162,0.00999,3.35,1664.43575,246.88,4.407819398523492,2.43516,4.92157,6,True,1
986,3974,02_21_17_53_07_805,1.44,14.86,28.51,-0.0,0.0,0,0.01,3.4375,2162,0.01,3.35,1672.17755,288.142,4.553598833065996,2.40935,4.92157,6,True,1
987,3975,02_21_17_53_07_888,0.09,14.95,28.5,0.0,0.0,0,0.01,3.4375,2162,0.00999,3.39,1673.20979,246.338,4.558679421992733,2.43387,4.91899,6,True,1
988,3976,02_21_17_53_07_925,-0.42,14.94,28.5,0.0,0.0,0,0.01,3.4375,2162,0.00999,3.35,1663.40351,356.507,4.7156287709063776,2.43645,4.92157,6,True,1
989,3977,02_21_17_53_07_998,-0.92,14.93,28.5,0.0,0.0,0,0.01,3.4375,2162,0.00999,3.31,1654.11335,216.812,4.560483810134622,2.27774,4.92415,6,True,1
990,3978,02_21_17_53_08_084,-1.83,14.86,28.5,0.0,0.0,0,0.01,3.4375,2161,0.00999,3.32,1674.75815,255.564,4.561469805336872,2.46613,4.93576,6,True,1
991,3979,02_21_17_53_08_176,-2.7,14.74,28.5,0.0,0.0,0,0.01,3.4375,2161,0.00999,3.32,1669.59695,597.104,4.637821821717605,2.43903,4.92028,6,True,1
992,3980,02_21_17_53_08_608,-6.52,13.46,28.5,0.0,0.0,0,0.01,3.4375,2162,0.00999,3.36,1689.20951,213.969,4.56238681887014,2.4158,4.92028,6,True,1
993,3981,02_21_17_53_08_659,-7.36,13.0,28.5,0.0,0.0,0,0.01,3.4375,2162,0.00999,3.36,1673.46785,248.379,4.639122033585665,2.36419,4.92673,6,True,1
994,3982,02_21_17_53_08_749,-8.11,12.55,28.5,0.0,0.0,0,0.01,3.4375,2162,0.00999,3.36,1673.72591,280.393,4.709947751833347,2.38355,4.91899,6,True,1
995,3983,02_21_17_53_08_827,-8.5,12.28,28.5,0.0,0.0,0,0.01,3.4375,2162,0.00999,3.4,1677.33875,288.217,4.637107677475259,2.41451,4.92415,6,True,1
996,3984,02_21_17_53_08_943,-8.9,12.0,28.5,0.0,0.0,0,0.01,3.4375,2162,0.00999,3.44,1684.04831,226.815,4.717454415519031,2.43774,4.92286,6,True,1
997,3985,02_21_17_53_08_991,-10.02,11.09,28.5,0.0,0.0,0,0.01,3.4375,2162,0.00999,3.38,1681.20965,270.916,4.486009815526488,2.4429,4.92544,6,True,1
998,3986,02_21_17_53_09_046,-10.68,10.45,28.5,0.0,0.0,0,0.01,3.4375,2162,0.00999,3.38,1690.75787,256.341,2.1678664886242416,2.50613,4.92415,6,True,1
999,3987,02_21_17_53_09_103,-11.02,10.08,28.5,0.0,0.0,0,0.01,3.4375,2162,0.00999,3.38,1676.30651,212.8,2.6841970833938404,2.46871,4.92802,6,True,1
1000,3988,02_21_17_53_09_227,-11.35,9.71,28.5,0.0,0.0,0,0.01,3.4375,2163,0.00999,3.38,1673.98397,241.019,2.2643746708528605,2.52032,4.92028,6,True,1
1001,3989,02_21_17_53_09_271,-11.93,8.98,28.5,0.0,0.0,0,0.01,3.4375,2163,0.00999,3.38,1678.62905,273.525,4.487555998814945,2.39,4.92931,6,True,1
1002,3990,02_21_17_53_09_334,-12.2,8.61,28.51,0.0,0.0,0,0.01,3.4375,2163,0.00999,3.37,1676.56457,210.775,4.488060918147168,2.46871,4.92544,6,True,1
1003,3991,02_21_17_53_09_391,-12.46,8.24,28.51,-0.0,0.0,0,0.01,3.4375,2163,0.00999,3.37,1688.95145,281.136,2.853074158254566,2.41322,4.92415,6,True,1
1004,3992,02_21_17_53_09_458,-12.98,7.39,28.5,0.0,0.0,0,0.01,3.4375,2162,0.00999,3.4,1677.59681,186.906,2.603982006946284,2.46613,4.92931,6,True,1
1005,3993,02_21_17_53_09_530,-13.4,6.53,28.49,0.0,0.0,0,0.01,3.4375,2163,0.00999,3.39,1697.46743,289.666,2.259705010062154,2.43903,4.92286,6,True,1
1006,3994,02_21_17_53_09_713,-13.81,5.67,28.49,-0.0,0.0,0,0.01,3.4375,2163,0.00999,3.38,1667.01635,218.39,1.48622963316575,2.47258,4.92028,6,True,1
1007,3995,02_21_17_53_09_766,-14.28,4.39,28.5,-0.0,0.0,0,0.01,3.4375,2163,0.00999,3.38,1679.14517,272.632,2.262726749410984,2.39516,4.92673,6,True,1
1008,3996,02_21_17_53_09_823,-14.5,3.46,28.49,0.0,0.0,0,0.01,3.4375,2163,0.00999,3.37,1665.46799,198.242,1.5738144148850588,2.34355,4.92028,6,True,1
1009,3997,02_21_17_53_09_957,-14.71,2.52,28.48,0.0,0.0,0,0.01,3.4375,2163,0.00999,3.37,1680.95159,264.136,1.742271070327462,2.39387,4.92415,6,True,1
1010,3998,02_21_17_53_10_315,-14.94,-0.3,28.49,0.0,0.0,0,0.01,3.4375,2162,0.00999,3.35,1678.62905,267.538,0.9623895728861572,2.3771,4.92286,6,True,1
1011,3999,02_21_17_53_10_487,-14.74,-2.69,28.5,0.0,0.0,0,0.01,3.4375,2162,0.00999,3.44,1681.46771,258.7,0.0,2.42355,4.92802,6,True,1
1012,4000,02_21_17_53_10_578,-14.53,-3.56,28.51,0.0,0.0,0,0.01,3.4375,2163,0.00999,3.42,1692.04817,245.093,0.0,2.42742,4.92157,6,True,1
1013,4001,02_21_17_53_10_711,-14.32,-4.43,28.51,0.0,0.0,0,0.01,3.4375,2163,0.00999,3.4,1687.14503,279.587,1.827715628865716,2.43258,4.92544,6,True,1
1014,4002,02_21_17_53_10_780,-13.95,-5.45,28.5,0.0,0.0,0,0.01,3.4375,2163,0.00999,3.4,1696.95131,253.782,0.529287261324132,2.47,4.92673,6,True,1
1015,4003,02_21_17_53_10_825,-13.76,-5.89,28.49,0.0,0.0,0,0.01,3.4375,2162,0.00999,3.39,1693.85459,232.201,0.2683716499558028,2.39903,4.92802,6,True,1
1016,4004,02_21_17_53_10_900,-13.56,-6.33,28.49,-0.0,0.0,0,0.01,3.4375,2162,0.00999,3.38,1685.08055,208.829,1.8327631823288024,2.38742,4.92286,6,True,1
1017,4005,02_21_17_53_10_948,-13.36,-6.74,28.49,0.0,0.0,0,0.01,3.4375,2163,0.00999,3.37,1684.30637,280.698,1.2232108771589632,2.36806,4.92415,6,True,1
1018,4006,02_21_17_53_10_998,-13.15,-7.15,28.49,0.0,0.0,0,0.01,3.4375,2163,0.00999,3.36,1691.79011,218.361,0.0,2.49193,4.92544,6,True,1
1019,4007,02_21_17_53_11_064,-12.79,-7.72,28.49,0.0,0.0,0,0.01,3.4375,2163,0.00999,3.39,1689.20951,188.142,1.139767353454204,2.43129,4.92157,6,True,1
1020,4008,02_21_17_53_11_144,-12.43,-8.3,28.49,0.0,0.0,0,0.01,3.4375,2163,0.00999,3.43,1685.59667,209.067,1.575474849053453,2.43387,4.92286,6,True,1
1021,4009,02_21_17_53_11_219,-11.86,-9.07,28.48,0.0,0.0,0,0.01,3.4375,2163,0.00999,3.43,1686.62891,213.363,1.3974717260109415,2.46871,4.92157,6,True,1
1022,4010,02_21_17_53_11_268,-11.56,-9.44,28.49,0.0,0.0,0,0.01,3.4375,2163,0.00999,3.4,1696.17713,246.684,0.7877374245267265,2.41064,4.93189,6,True,1
1023,4011,02_21_17_53_11_329,-11.27,-9.82,28.5,0.0,0.0,0,0.01,3.4375,2163,0.00999,3.37,1697.72549,256.499,4.399126793467085,2.4429,4.92415,6,True,1
1024,4012,02_21_17_53_11_426,-10.7,-10.44,28.5,0.0,0.0,0,0.01,3.4375,2163,0.00998,3.34,1715.27356,251.782,4.322123254258259,2.46742,4.92931,6,True,1
1025,4013,02_21_17_53_11_987,-6.62,-13.41,28.49,0.0,0.0,0,0.01,3.4375,2163,0.00998,3.43,1725.07984,239.378,4.002577529854981,2.56419,4.92415,6,True,1
1026,4014,02_21_17_53_12_042,-5.79,-13.79,28.49,0.0,0.0,0,0.01,3.4375,2163,0.00999,3.46,1713.20908,208.562,1.1446506978113455,2.56419,4.92028,6,True,1
1027,4015,02_21_17_53_12_110,-4.43,-14.27,28.49,0.0,0.0,0,0.01,3.4375,2163,0.00999,3.46,1707.01565,261.831,3.1076586628843264,2.55258,4.92028,6,True,1
1028,4016,02_21_17_53_12_183,-3.97,-14.4,28.49,0.0,0.0,0,0.01,3.4375,2163,0.00999,3.43,1692.04817,308.261,2.0002389707232484,2.57451,4.92028,6,True,1
1029,4017,02_21_17_53_12_244,-3.51,-14.53,28.49,0.0,0.0,0,0.01,3.4375,2162,0.00999,3.4,1685.59667,231.813,4.167929913638184,2.57193,4.91899,6,True,1
1030,4018,02_21_17_53_12_459,-1.63,-14.86,28.49,0.0,0.0,0,0.01,3.4375,2163,0.00999,3.39,1697.72549,200.404,3.4358296876446013,2.57322,4.92157,6,True,1
1031,4019,02_21_17_53_12_580,-0.67,-14.94,28.5,0.0,0.0,0,0.01,3.4375,2163,0.00999,3.4,1679.91935,198.601,2.943478632927373,2.5758,4.92415,6,True,1
1032,4020,02_21_17_53_12_655,0.28,-14.95,28.5,0.0,0.0,0,0.01,3.4375,2162,0.00999,3.42,1681.72577,253.435,3.434002852721587,2.57322,4.92028,6,True,1
1033,4021,02_21_17_53_12_888,2.19,-14.79,28.5,0.0,0.0,0,0.01,3.4375,2162,0.00999,3.42,1656.69395,225.943,3.926631336145526,2.57322,4.92157,6,True,1
1034,4022,02_21_17_53_12_999,4.07,-14.42,28.5,0.0,0.0,0,0.01,3.4375,2162,0.00999,3.45,1654.37141,262.921,3.676428288434306,2.57451,4.92415,6,True,1
1035,4023,02_21_17_53_13_059,5.19,-13.99,28.5,0.0,0.0,0,0.01,3.4375,2162,0.00999,3.41,1656.43589,215.584,3.924722068185211,2.56935,4.92415,6,True,1
1036,4024,02_21_17_53_13_290,6.31,-13.56,28.5,0.0,0.0,0,0.01,3.4375,2162,0.00999,3.38,1682.24189,242.037,3.928761516050573,2.57709,4.92415,6,True,1
1037,4025,02_21_17_53_13_364,7.17,-13.12,28.5,0.0,0.0,0,0.01,3.4375,2162,0.00999,3.42,1702.37057,150.517,4.002368491593447,2.56548,4.92544,6,True,1
1038,4026,02_21_17_53_13_428,7.89,-12.69,28.5,0.0,0.0,0,0.01,3.4375,2162,0.00999,3.41,1699.01579,373.754,4.166348786707613,2.57709,4.92544,6,True,1
1039,4027,02_21_17_53_13_491,8.29,-12.42,28.5,0.0,0.0,0,0.01,3.4375,2162,0.00999,3.42,1689.98369,237.073,4.479664106269576,2.5758,4.92415,6,True,1
1040,4028,02_21_17_53_13_539,8.69,-12.16,28.5,0.0,0.0,0,0.01,3.4375,2162,0.00999,3.43,1672.43561,618.297,4.478403226597623,2.5758,4.92286,6,True,1
1041,4029,02_21_17_53_13_634,9.46,-11.57,28.49,0.0,0.0,0,0.01,3.4375,2162,0.00999,3.46,1644.82319,535.285,4.482138134863762,2.5758,4.92157,6,True,1
1042,4030,02_21_17_53_13_675,9.82,-11.26,28.49,0.0,0.0,0,0.01,3.4375,2162,0.00999,3.46,1623.14616,598.014,4.324703530301239,2.57709,4.92415,6,True,1
1043,4031,02_21_17_53_13_725,10.18,-10.94,28.49,0.0,0.0,0,0.01,3.4375,2162,0.00999,3.46,1604.30778,184.305,4.163837828554326,2.57709,4.92802,6,True,1
1044,4032,02_21_17_53_13_854,11.18,-9.91,28.49,-0.0,0.0,0,0.01,3.4375,2162,0.00999,3.41,1627.27512,316.916,4.481718113067799,2.56677,4.92931,6,True,1
1045,4033,02_21_17_53_13_894,11.46,-9.57,28.49,0.0,0.0,0,0.01,3.4375,2162,0.00999,3.41,1633.2105,322.08,4.40482088426987,2.57709,4.92802,6,True,1
1046,4034,02_21_17_53_13_967,11.75,-9.23,28.49,-0.0,0.0,0,0.01,3.4375,2162,0.00999,3.41,1624.1784,456.828,4.645872767306483,2.57967,4.92286,6,True,1
1047,4035,02_21_17_53_14_032,12.32,-8.46,28.49,-0.0,0.0,0,0.01,3.4375,2162,0.00999,3.4,1608.6948,573.578,4.56279941483296,2.57709,4.92802,6,True,1
1048,4036,02_21_17_53_14_084,12.8,-7.65,28.49,0.0,0.0,0,0.01,3.4375,2162,0.00999,3.42,1601.21106,498.023,4.792929093988351,2.57709,4.93189,6,True,1
1049,4037,02_21_17_53_14_225,13.27,-6.84,28.5,0.0,0.0,0,0.01,3.4375,2162,0.00999,3.45,1591.40478,899.09,10.00504582010997,2.57451,4.92544,6,True,1
1050,4038,02_21_17_53_14_326,13.47,-6.41,28.51,0.0,0.0,0,0.01,3.4375,2162,0.00999,3.43,1600.69494,927.293,4.4822703558018455,2.58096,4.92415,6,True,1
1051,4039,02_21_17_53_14_408,13.67,-5.98,28.51,0.0,0.0,0,0.01,3.4375,2162,0.00999,3.42,1610.75928,653.893,4.400735189999507,2.57967,4.92802,6,True,1
1052,4088,02_21_17_53_22_606,15.17,1.86,29.51,0.0,0.0,0,0.01,3.4375,2151,0.00999,3.23,1702.62863,291.845,0.0,2.19258,4.92673,6,True,1
1053,4089,02_21_17_53_22_692,14.99,3.25,29.49,0.0,0.0,0,0.01,3.4375,2151,0.00999,2.97,1681.20965,352.967,2.004156556384755,2.13194,4.92673,6,True,1
1054,4090,02_21_17_53_22_765,14.78,4.1,29.49,-0.0,0.0,0,0.01,2.8906,2153,0.00999,2.97,1678.88711,296.755,3.274733314332634,2.27774,4.91899,6,True,1
1055,4091,02_21_17_53_22_815,14.64,4.54,29.49,0.0,0.0,0,0.01,3.0469,2151,0.00999,2.81,1672.95173,326.694,3.68311675690576,2.29065,4.92544,6,True,1
1056,4092,02_21_17_53_22_883,14.49,4.97,29.49,0.0,0.0,0,0.01,3.125,2151,0.00999,2.65,1692.56429,359.046,2.775944910296312,2.30613,4.92802,6,True,1
1057,4093,02_21_17_53_23_006,14.17,5.79,29.49,0.0,0.0,0,0.01,2.9688,2151,0.00999,2.55,1701.33833,366.377,3.599092161226217,2.28548,4.92286,6,True,1
1058,4094,02_21_17_53_23_214,13.11,7.89,29.5,0.0,0.0,0,0.01,3.2031,2153,0.00999,2.59,1669.85501,320.131,5.09857591342916,2.33065,4.92286,6,True,1
1059,4095,02_21_17_53_23_266,12.6,8.7,29.5,0.0,0.0,0,0.01,3.2812,2153,0.00999,2.31,1670.37113,254.971,4.793234570204133,2.3229,4.92028,6,True,1
1060,4096,02_21_17_53_23_372,12.02,9.47,29.51,0.0,0.0,0,0.01,3.0469,2151,0.00999,2.95,1660.56485,246.684,4.946478262612704,2.15645,4.92673,6,True,1
1061,4097,02_21_17_53_23_413,11.71,9.84,29.51,0.0,0.0,0,0.01,2.9688,2151,0.00999,3.01,1676.82263,249.648,4.867197738432249,2.19774,4.92931,6,True,1
1062,4098,02_21_17_53_23_502,11.4,10.2,29.51,-0.0,0.0,0,0.01,2.9688,2154,0.00999,3.07,1648.17797,242.697,4.945153119216835,2.27258,4.92415,6,True,1
1063,4099,02_21_17_53_23_560,10.76,10.84,29.51,0.0,0.0,0,0.01,3.125,2153,0.00999,3.04,1654.88753,228.268,4.8657578651737285,2.24678,4.92544,6,True,1
1064,4100,02_21_17_53_23_671,10.13,11.47,29.51,0.0,0.0,0,0.01,3.0469,2154,0.00999,3.01,1652.56499,252.016,4.871722328396807,2.32677,4.92415,6,True,1
1065,4101,02_21_17_53_23_764,9.39,12.08,29.5,0.0,0.0,0,0.01,3.125,2154,0.00999,3.01,1659.27455,326.022,4.870283792809204,2.28807,4.92157,6,True,1
1066,4102,02_21_17_53_23_902,8.62,12.65,29.5,0.0,0.0,0,0.01,3.2812,2154,0.00999,3.18,1655.91977,266.791,4.797705387213767,2.36419,4.92415,6,True,1
1067,4103,02_21_17_53_24_040,7.46,13.35,29.5,0.0,0.0,0,0.01,3.2812,2154,0.00999,3.23,1650.24245,283.599,4.642630035874062,2.33581,4.92544,6,True,1
1068,4104,02_21_17_53_24_111,6.65,13.76,29.5,0.0,0.0,0,0.01,3.3594,2154,0.00999,3.23,1663.66157,220.252,4.564059893614456,2.37581,4.92028,6,True,1
1069,4105,02_21_17_53_24_157,5.76,14.13,29.5,0.0,0.0,0,0.01,3.4375,2154,0.00999,3.28,1665.46799,242.734,4.560736061755821,2.42613,4.92028,6,True,1
1070,4106,02_21_17_53_24_323,4.87,14.5,29.5,0.0,0.0,0,0.01,3.4375,2154,0.00999,3.34,1656.69395,286.994,4.484229879533385,2.4029,4.9177,6,True,1
1071,4107,02_21_17_53_24_515,3.05,14.99,29.51,0.0,0.0,0,0.01,3.4375,2154,0.00999,3.31,1655.66171,233.261,4.404251014928645,2.41839,4.9306,6,True,1
1072,4108,02_21_17_53_24_555,1.47,15.14,29.51,0.0,0.0,0,0.01,3.4375,2154,0.00999,3.34,1652.56499,253.289,4.404876284301297,2.45709,4.92931,6,True,1
1073,4109,02_21_17_53_24_775,-0.11,15.28,29.5,0.0,0.0,0,0.01,3.4375,2154,0.00999,3.36,1662.88739,294.584,4.479601848937024,2.4958,4.93189,6,True,1
1074,4110,02_21_17_53_24_841,-0.58,15.26,29.51,0.0,0.0,0,0.01,3.4375,2154,0.00999,3.37,1657.98425,346.955,4.476005018987356,2.46226,4.92286,6,True,1
1075,4111,02_21_17_53_24_890,-1.04,15.25,29.51,0.0,0.0,0,0.01,3.4375,2154,0.00999,3.38,1660.56485,233.921,4.401780728580196,2.47387,4.92286,6,True,1
1076,4112,02_21_17_53_24_930,-1.5,15.21,29.51,0.0,0.0,0,0.01,3.4375,2154,0.00999,3.39,1661.85515,259.923,4.410902812917102,2.37581,4.92157,6,True,1
1077,4113,02_21_17_53_24_997,-1.95,15.17,29.51,-0.0,0.0,0,0.01,3.4375,2154,0.00999,3.4,1648.17797,219.484,4.560690198862448,2.44935,4.92157,6,True,1
1078,4114,02_21_17_53_25_044,-2.62,15.07,29.51,0.0,0.0,0,0.01,3.4375,2154,0.00999,3.41,1640.69423,266.966,4.866896904599479,2.36032,4.92157,6,True,1
1079,4115,02_21_17_53_25_102,-3.29,14.96,29.51,0.0,0.0,0,0.01,3.4375,2154,0.00999,3.42,1651.53275,291.699,4.944582070306852,2.37839,4.92286,6,True,1
1080,4116,02_21_17_53_25_151,-3.74,14.85,29.51,0.0,0.0,0,0.01,3.4375,2154,0.00999,3.4,1649.98439,283.541,4.790317204789261,2.35516,4.92544,6,True,1
1081,4117,02_21_17_53_25_218,-4.18,14.74,29.5,0.0,0.0,0,0.01,3.4375,2154,0.00999,3.39,1669.33889,260.311,4.553575865734533,2.50613,4.92544,6,True,1
1082,4118,02_21_17_53_25_271,-5.05,14.45,29.5,0.0,0.0,0,0.01,3.4375,2154,0.00999,3.41,1671.40337,281.545,4.639122033585665,2.51129,4.92157,6,True,1
1083,4119,02_21_17_53_25_356,-5.48,14.28,29.51,0.0,0.0,0,0.01,3.4375,2154,0.00999,3.4,1668.04859,275.842,4.556751913644192,2.49193,4.92286,6,True,1
1084,4120,02_21_17_53_25_406,-5.92,14.11,29.51,0.0,0.0,0,0.01,3.4375,2154,0.00999,3.39,1668.04859,264.511,4.561859558612036,2.45968,4.92157,6,True,1
1085,4121,02_21_17_53_25_459,-6.32,13.92,29.51,0.0,0.0,0,0.01,3.4375,2154,0.00999,3.36,1673.46785,214.875,4.4840743930604,2.41451,4.92286,6,True,1
1086,4122,02_21_17_53_25_502,-6.71,13.74,29.5,0.0,0.0,0,0.01,3.4375,2154,0.00999,3.34,1685.85473,271.195,4.634603545072652,2.55516,4.92157,6,True,1
1087,4123,02_21_17_53_25_547,-7.32,13.4,29.5,0.0,0.0,0,0.01,3.4375,2154,0.00999,3.37,1677.59681,240.63,4.719367996882633,2.5229,4.92673,6,True,1
1088,4124,02_21_17_53_25_611,-7.94,13.06,29.5,0.0,0.0,0,0.01,3.4375,2154,0.00999,3.4,1680.95159,246.367,4.865191828181084,2.45322,4.92544,6,True,1
1089,4125,02_21_17_53_25_653,-8.3,12.82,29.5,0.0,0.0,0,0.01,3.4375,2154,0.00999,3.4,1686.88697,204.558,4.714164788167676,2.49064,4.92286,6,True,1
1090,4126,02_21_17_53_25_715,-8.67,12.58,29.5,-0.0,0.0,0,0.01,3.4375,2154,0.00999,3.39,1677.33875,249.523,4.636446056248255,2.41193,4.92028,6,True,1
1091,4127,02_21_17_53_25_774,-9.36,12.08,29.5,0.0,0.0,0,0.01,3.4375,2154,0.00999,3.39,1658.50037,201.916,4.716626680425322,2.47903,4.92673,6,True,1
1092,4128,02_21_17_53_25_821,-9.61,11.88,29.5,0.0,0.0,0,0.01,3.4375,2154,0.00999,3.41,1675.53233,249.005,4.563296008643314,2.43516,4.92544,6,True,1
1093,4129,02_21_17_53_25_861,-9.85,11.68,29.51,0.0,0.0,0,0.01,3.4375,2154,0.00999,3.42,1675.01621,228.272,4.486009815526488,2.44419,4.92415,6,True,1
1094,4130,02_21_17_53_25_928,-10.1,11.48,29.51,0.0,0.0,0,0.01,3.4375,2154,0.00999,3.43,1678.37099,348.475,4.560483810134622,2.45322,4.92157,6,True,1
1095,4131,02_21_17_53_25_977,-11.05,10.56,29.51,0.0,0.0,0,0.01,3.4375,2154,0.00999,3.44,1684.30637,234.167,2.5958966899705387,2.45451,4.92157,6,True,1
1096,4132,02_21_17_53_26_018,-11.36,10.22,29.51,0.0,0.0,0,0.01,3.4375,2154,0.00999,3.41,1683.27413,204.654,4.638107448626001,2.48161,4.92028,6,True,1
1097,4133,02_21_17_53_26_100,-11.66,9.87,29.5,0.0,0.0,0,0.01,3.4375,2154,0.00999,3.39,1679.40323,286.706,2.9308618945627583,2.4158,4.92286,6,True,1
1098,4134,02_21_17_53_26_162,-11.94,9.52,29.51,0.0,0.0,0,0.01,3.4375,2154,0.00999,3.4,1677.59681,220.678,2.858433194951388,2.52161,4.92286,6,True,1
1099,4135,02_21_17_53_26_211,-12.21,9.18,29.51,0.0,0.0,0,0.01,3.4375,2154,0.00999,3.4,1671.14531,272.344,4.407819398523492,2.41839,4.92673,6,True,1
1100,4136,02_21_17_53_26_264,-12.48,8.8,29.51,0.0,0.0,0,0.01,3.4375,2154,0.00999,3.38,1666.50023,211.276,2.343376585719845,2.45322,4.92286,6,True,1
1101,4137,02_21_17_53_26_323,-12.74,8.43,29.5,0.0,0.0,0,0.01,3.4375,2154,0.00999,3.36,1677.59681,232.606,2.088718744230539,2.44161,4.92544,6,True,1
1102,4138,02_21_17_53_26_361,-12.98,8.04,29.5,0.0,0.0,0,0.01,3.4375,2154,0.00999,3.38,1684.56443,248.851,2.1774136033376843,2.56419,4.92028,6,True,1
1103,4139,02_21_17_53_26_418,-13.23,7.65,29.5,0.0,0.0,0,0.01,3.4375,2154,0.00999,3.39,1688.69339,269.692,2.1738884631001656,2.4171,4.92286,6,True,1
1104,4140,02_21_17_53_26_469,-13.54,7.05,29.5,0.0,0.0,0,0.01,3.4375,2154,0.00999,3.37,1690.24175,265.35,1.829698215553592,2.42355,4.92286,6,True,1
1105,4141,02_21_17_53_26_524,-13.84,6.45,29.5,0.0,0.0,0,0.01,3.4375,2154,0.00999,3.36,1685.59667,249.051,1.5692002843805504,2.41968,4.92286,6,True,1
1106,4142,02_21_17_53_26_588,-14.21,5.6,29.5,0.0,0.0,0,0.01,3.4375,2154,0.00999,3.36,1691.27399,245.644,2.174481727331825,2.38484,4.92157,6,True,1
1107,4143,02_21_17_53_26_672,-14.5,4.78,29.49,0.0,0.0,0,0.01,3.4375,2154,0.00999,3.36,1684.30637,245.248,1.4834122227149136,2.48161,4.92415,6,True,1
1108,4144,02_21_17_53_26_764,-14.63,4.34,29.48,0.0,0.0,0,0.01,3.4375,2154,0.00999,3.38,1684.04831,257.552,2.085026935077818,2.36548,4.92673,6,True,1
1109,4145,02_21_17_53_26_817,-14.76,3.9,29.48,0.0,0.0,0,0.01,3.4375,2155,0.00999,3.4,1686.88697,249.164,1.4016563790744148,2.46871,4.92415,6,True,1
1110,4146,02_21_17_53_26_857,-14.86,3.45,29.48,0.0,0.0,0,0.01,3.4375,2155,0.00999,3.4,1685.33861,327.783,0.9612659842624204,2.37839,4.92286,6,True,1
1111,4147,02_21_17_53_26_922,-14.96,3.0,29.48,0.0,0.0,0,0.01,3.3594,2155,0.00999,3.4,1678.62905,320.719,2.2641437261136934,2.49064,4.92802,6,True,1
1112,4148,02_21_17_53_26_960,-15.08,2.31,29.49,0.0,0.0,0,0.01,3.4375,2155,0.00999,3.38,1663.40351,240.501,1.5705326747635655,2.28419,4.92028,6,True,1
1113,4149,02_21_17_53_27_034,-15.2,1.62,29.5,0.0,0.0,0,0.01,3.3594,2155,0.00999,3.35,1657.21007,220.67,0.7879586680150171,2.34613,4.9306,6,True,1
1114,4150,02_21_17_53_27_078,-15.26,0.67,29.49,0.0,0.0,0,0.01,3.4375,2155,0.00999,3.37,1669.33889,281.266,0.0887617175363343,2.41839,4.92028,6,True,1
1115,4151,02_21_17_53_27_122,-15.25,0.19,29.49,0.0,0.0,0,0.01,3.4375,2155,0.00999,3.36,1678.11293,295.135,0.2608623391752822,2.46742,4.92157,6,True,1
1116,4152,02_21_17_53_27_180,-15.24,-0.3,29.49,0.0,0.0,0,0.01,3.4375,2155,0.00999,3.36,1678.11293,222.419,0.1721396598695373,2.43,4.92286,6,True,1
1117,4153,02_21_17_53_27_235,-15.24,-0.78,29.49,0.0,0.0,0,0.01,3.4375,2154,0.00999,3.36,1682.24189,269.638,0.0887617175363343,2.39129,4.92931,6,True,1
1118,4154,02_21_17_53_27_278,-15.23,-1.26,29.49,0.0,0.0,0,0.01,3.4375,2154,0.00999,3.36,1678.62905,234.184,0.3497045395759111,2.51129,4.92286,6,True,1
1119,4155,02_21_17_53_27_334,-15.18,-1.76,29.49,0.0,0.0,0,0.01,3.4375,2154,0.00999,3.37,1677.85487,270.448,0.0,2.40161,4.93189,6,True,1
1120,4156,02_21_17_53_27_385,-15.14,-2.25,29.5,0.0,0.0,0,0.01,3.4375,2154,0.00999,3.39,1668.04859,267.096,0.7874275792096692,2.40806,4.92544,6,True,1
1121,4157,02_21_17_53_27_434,-15.07,-2.72,29.51,0.0,0.0,0,0.01,3.4375,2155,0.00999,3.4,1677.85487,206.963,0.0,2.50355,4.92673,6,True,1
1122,4158,02_21_17_53_27_499,-15.0,-3.19,29.52,0.0,0.0,0,0.01,3.4375,2155,0.00999,3.41,1676.56457,203.151,0.0,2.49967,4.92415,6,True,1
1123,4159,02_21_17_53_27_544,-14.88,-3.66,29.52,0.0,0.0,0,0.01,3.4375,2154,0.00999,3.41,1670.37113,261.034,1.3985190631521618,2.37839,4.92286,6,True,1
1124,4160,02_21_17_53_27_610,-14.76,-4.12,29.52,0.0,0.0,0,0.01,3.4375,2154,0.00999,3.41,1673.98397,266.319,0.1755486969475991,2.45968,4.92673,6,True,1
1125,4161,02_21_17_53_27_660,-14.62,-4.56,29.52,0.0,0.0,0,0.01,3.4375,2155,0.00999,3.36,1682.24189,277.166,0.6918921050279443,2.41451,4.92157,6,True,1
1126,4162,02_21_17_53_27_715,-14.48,-5.0,29.51,0.0,0.0,0,0.01,3.4375,2155,0.00999,3.31,1676.30651,213.919,1.2286139039584405,2.42613,4.92028,6,True,1
1127,4163,02_21_17_53_27_763,-14.3,-5.44,29.51,0.0,0.0,0,0.01,3.4375,2155,0.00999,3.29,1674.24203,175.233,0.8762329427726396,2.45322,4.93189,6,True,1
1128,4164,02_21_17_53_27_831,-14.13,-5.89,29.5,0.0,0.0,0,0.01,3.4375,2154,0.00999,3.28,1702.37057,246.809,1.748981201299774,2.39774,4.92802,6,True,1
1129,4165,02_21_17_53_27_886,-13.72,-6.77,29.5,-0.0,0.0,0,0.01,3.4375,2154,0.00999,3.38,1696.17713,245.281,1.1375630092438838,2.40161,4.92028,6,True,1
1130,4166,02_21_17_53_27_954,-13.4,-7.34,29.5,0.0,0.0,0,0.01,3.3594,2154,0.00999,3.37,1696.17713,202.538,0.4342,2.43516,4.91899,6,True,1
1131,4167,02_21_17_53_28_006,-13.09,-7.92,29.5,0.0,0.0,0,0.01,3.4375,2154,0.00999,3.36,1707.01565,268.536,1.22469196943558,2.39903,4.92157,6,True,1
1132,4168,02_21_17_53_28_073,-12.83,-8.32,29.5,0.0,0.0,0,0.01,3.4375,2154,0.00999,3.38,1697.72549,192.058,0.0,2.45064,4.92802,6,True,1
1133,4169,02_21_17_53_28_125,-12.57,-8.72,29.5,0.0,0.0,0,0.01,3.4375,2154,0.00999,3.4,1684.82249,221.521,0.0851536258769995,2.51645,4.92802,6,True,1
1134,4170,02_21_17_53_28_180,-12.28,-9.1,29.49,0.0,0.0,0,0.01,3.4375,2154,0.00999,3.42,1699.53191,245.298,1.0554082906629074,2.42742,4.92415,6,True,1
1135,4171,02_21_17_53_28_228,-11.98,-9.49,29.49,0.0,0.0,0,0.01,3.4375,2154,0.00999,3.44,1699.53191,197.686,1.39467498185061,2.4829,4.92415,6,True,1
1136,4172,02_21_17_53_28_271,-11.68,-9.86,29.49,0.0,0.0,0,0.01,3.4375,2154,0.00999,3.43,1698.24161,245.87,4.322599108464721,2.39,4.92286,6,True,1
1137,4173,02_21_17_53_28_337,-11.37,-10.23,29.49,0.0,0.0,0,0.01,3.4375,2154,0.00998,3.42,1702.62863,234.764,4.001262148997489,2.42613,4.92415,6,True,1
1138,4174,02_21_17_53_28_381,-10.71,-10.91,29.5,0.0,0.0,0,0.01,3.4375,2154,0.01,3.42,1697.72549,203.556,0.266285152609003,2.50484,4.92931,6,True,1
1139,4175,02_21_17_53_28_435,-10.43,-11.16,29.5,0.0,0.0,0,0.01,3.4375,2154,0.01,3.41,1689.72563,233.433,0.6181256344789463,2.42484,4.92544,6,True,1
1140,4176,02_21_17_53_28_470,-10.16,-11.41,29.5,0.0,0.0,0,0.01,3.4375,2154,0.01,3.4,1699.01579,258.487,4.481119125006609,2.49709,4.92415,6,True,1
1141,4177,02_21_17_53_28_538,-9.88,-11.66,29.5,0.0,0.0,0,0.01,3.4375,2154,0.00999,3.39,1687.40309,186.443,3.923122896685751,2.49709,4.92028,6,True,1
1142,4178,02_21_17_53_28_609,-9.16,-12.24,29.48,0.0,0.0,0,0.01,3.4375,2154,0.00999,3.39,1689.46757,233.316,1.307994917803582,2.4958,4.92157,6,True,1
1143,4179,02_21_17_53_28_657,-8.78,-12.52,29.49,0.0,0.0,0,0.01,3.4375,2154,0.00999,3.39,1700.04803,205.393,4.002995573629828,2.53838,4.92157,6,True,1
1144,4180,02_21_17_53_28_704,-8.39,-12.79,29.5,0.0,0.0,0,0.01,3.4375,2154,0.00999,3.38,1693.08041,233.266,1.56982220728973,2.52806,4.92028,6,True,1
1145,4181,02_21_17_53_28_747,-8.0,-13.03,29.5,0.0,0.0,0,0.01,3.4375,2155,0.00999,3.39,1707.27371,270.344,4.483359085830623,2.57193,4.92544,6,True,1
1146,4182,02_21_17_53_28_842,-7.6,-13.27,29.5,0.0,0.0,0,0.01,3.4375,2154,0.00999,3.4,1712.4349,238.856,1.4851972032359877,2.56548,4.92286,6,True,1
1147,4183,02_21_17_53_28_891,-6.39,-13.89,29.49,0.0,0.0,0,0.01,3.4375,2154,0.00999,3.43,1712.4349,181.471,2.3460082491329817,2.56935,4.91899,6,True,1
1148,4184,02_21_17_53_28_943,-5.95,-14.08,29.49,0.0,0.0,0,0.01,3.4375,2154,0.00999,3.43,1712.17684,184.067,0.6109210607762675,2.57064,4.92544,6,True,1
1149,4185,02_21_17_53_28_994,-5.51,-14.26,29.49,0.0,0.0,0,0.01,3.4375,2154,0.00999,3.43,1709.33819,220.928,1.486604884459889,2.56032,4.92157,6,True,1
1150,4186,02_21_17_53_29_044,-5.06,-14.42,29.49,0.0,0.0,0,0.01,3.4375,2154,0.00999,3.44,1712.95102,277.379,2.2592112810669125,2.56032,4.92157,6,True,1
1151,4187,02_21_17_53_29_094,-4.61,-14.58,29.5,0.0,0.0,0,0.01,3.4375,2154,0.00999,3.45,1706.75759,198.818,4.242079419930749,2.54871,4.91899,6,True,1
1152,4188,02_21_17_53_29_139,-4.19,-14.7,29.49,0.0,0.0,0,0.01,3.4375,2154,0.00999,3.44,1702.37057,252.366,2.341471618982387,2.55,4.92931,6,True,1
1153,4189,02_21_17_53_29_197,-3.76,-14.82,29.49,0.0,0.0,0,0.01,3.4375,2154,0.00999,3.44,1689.46757,181.304,4.006677698542771,2.57451,4.92544,6,True,1
1154,4190,02_21_17_53_29_235,-3.31,-14.92,29.49,0.0,0.0,0,0.01,3.4375,2154,0.00999,3.43,1689.46757,227.704,3.761654148110908,2.58096,4.92286,6,True,1
1155,4191,02_21_17_53_29_302,-2.86,-15.02,29.5,0.0,0.0,0,0.01,3.4375,2154,0.00999,3.43,1681.98383,302.362,3.2717725203626244,2.59258,4.92802,6,True,1
1156,4192,02_21_17_53_29_356,-2.37,-15.1,29.49,0.0,0.0,0,0.01,3.4375,2154,0.00999,3.42,1685.85473,316.999,3.5128996804634203,2.57838,4.92544,6,True,1
1157,4193,02_21_17_53_29_413,-1.88,-15.18,29.49,0.0,0.0,0,0.01,3.4375,2154,0.00999,3.41,1691.53205,299.957,3.51843279316232,2.58612,4.92802,6,True,1
1158,4194,02_21_17_53_29_451,-1.36,-15.22,29.49,0.0,0.0,0,0.01,3.4375,2154,0.00999,3.42,1693.08041,264.027,3.3562533906873004,2.57967,4.92286,6,True,1
1159,4195,02_21_17_53_29_524,-0.85,-15.26,29.5,0.0,0.0,0,0.01,3.4375,2154,0.00999,3.42,1702.37057,188.397,3.842134343369581,2.58096,4.92802,6,True,1
1160,4196,02_21_17_53_29_633,0.06,-15.28,29.5,0.0,0.0,0,0.01,3.4375,2155,0.00999,3.39,1689.72563,256.332,4.0821338715186695,2.58096,4.92286,6,True,1
1161,4197,02_21_17_53_29_693,1.22,-15.19,29.5,0.0,0.0,0,0.01,3.4375,2155,0.00999,3.41,1677.85487,260.111,4.086998748470569,2.57967,4.92415,6,True,1
1162,4198,02_21_17_53_29_842,2.38,-15.1,29.5,0.0,0.0,0,0.01,3.4375,2154,0.00999,3.44,1659.53261,241.436,4.325759386801352,2.58096,4.92802,6,True,1
1163,4199,02_21_17_53_29_893,3.33,-14.95,29.49,0.0,0.0,0,0.01,3.4375,2154,0.00999,3.44,1683.27413,319.354,4.321437609465165,2.58483,4.92028,6,True,1
1164,4200,02_21_17_53_29_945,3.76,-14.84,29.49,0.0,0.0,0,0.01,3.4375,2154,0.00999,3.43,1672.95173,205.577,4.318435624447816,2.58225,4.92157,6,True,1
1165,4201,02_21_17_53_29_997,4.18,-14.74,29.49,0.0,0.0,0,0.01,3.4375,2154,0.00999,3.42,1671.66143,360.9,4.323824796693317,2.57064,4.92286,6,True,1
1166,4202,02_21_17_53_30_057,4.62,-14.6,29.49,0.0,0.0,0,0.01,3.4375,2154,0.00999,3.42,1668.04859,385.59,4.32495341275487,2.56032,4.9306,6,True,1
1167,4203,02_21_17_53_30_112,5.06,-14.46,29.49,0.0,0.0,0,0.01,3.4375,2154,0.00999,3.43,1660.56485,150.797,4.241931494024862,2.58483,4.92802,6,True,1
1168,4204,02_21_17_53_30_166,5.48,-14.3,29.49,0.0,0.0,0,0.01,3.4375,2154,0.00999,3.42,1656.43589,581.603,4.3195656485924605,2.58225,4.9306,6,True,1
1169,4205,02_21_17_53_30_213,5.91,-14.13,29.5,0.0,0.0,0,0.01,3.4375,2154,0.00999,3.41,1650.24245,356.157,4.331614309931114,2.58225,4.9177,6,True,1
1170,4206,02_21_17_53_30_301,6.81,-13.7,29.5,0.0,0.0,0,0.01,3.4375,2155,0.00999,3.39,1641.21035,508.962,4.2394653023701,2.58612,4.92286,6,True,1
1171,4207,02_21_17_53_30_347,7.21,-13.47,29.5,0.0,0.0,0,0.01,3.4375,2154,0.00999,3.4,1645.59737,332.255,4.325759386801352,2.58483,4.92544,6,True,1
1172,4208,02_21_17_53_30_389,7.6,-13.25,29.5,0.0,0.0,0,0.01,3.4375,2154,0.00999,3.41,1683.27413,292.68,4.244626223827017,2.58741,4.92544,6,True,1
1173,4209,02_21_17_53_30_467,8.0,-13.02,29.5,0.0,0.0,0,0.01,3.4375,2154,0.00999,3.42,1702.62863,464.039,4.398825648965869,2.58225,4.92415,6,True,1
1174,4210,02_21_17_53_30_525,8.77,-12.51,29.5,-0.0,0.0,0,0.01,3.4375,2154,0.01,3.44,1689.20951,554.365,4.39693113574684,2.58354,4.92028,6,True,1
1175,4211,02_21_17_53_30_592,9.15,-12.22,29.49,0.0,0.0,0,0.01,3.4375,2154,0.01,3.44,1671.66143,458.052,4.321719946965559,2.58612,4.92415,6,True,1
1176,4212,02_21_17_53_30_644,9.54,-11.93,29.49,0.0,0.0,0,0.01,3.4375,2154,0.00999,3.45,1627.53318,722.062,4.56088129120897,2.57451,4.92286,6,True,1
1177,4213,02_21_17_53_30_731,10.27,-11.3,29.5,0.0,0.0,0,0.01,3.4375,2154,0.00999,3.45,1618.24302,548.424,4.482138134863762,2.58354,4.92673,6,True,1
1178,4214,02_21_17_53_30_889,10.9,-10.7,29.5,0.0,0.0,0,0.01,3.4375,2154,0.00999,3.39,1594.24344,432.776,4.562226354807486,2.58741,4.92286,6,True,1
1179,4215,02_21_17_53_30_953,11.53,-10.02,29.49,0.0,0.0,0,0.01,3.4375,2154,0.00999,3.38,1610.75928,555.012,4.633497686683355,2.58096,4.92673,6,True,1
1180,4216,02_21_17_53_31_004,12.41,-8.89,29.5,0.0,0.0,0,0.01,3.4375,2154,0.00999,3.38,1633.98468,416.197,4.722070808977773,2.58483,4.92028,6,True,1
1181,4217,02_21_17_53_31_049,12.68,-8.5,29.5,0.0,0.0,0,0.01,3.4375,2154,0.00999,3.39,1637.59752,506.937,4.639971108207464,2.6029,4.92415,6,True,1
1182,4218,02_21_17_53_31_117,12.95,-8.1,29.5,0.0,0.0,0,0.01,3.4375,2154,0.00999,3.4,1627.53318,394.984,4.482729209979117,2.58096,4.92028,6,True,1
1183,4219,02_21_17_53_31_169,13.2,-7.68,29.5,0.0,0.0,0,0.01,3.4375,2154,0.00999,3.41,1604.8239,792.298,4.718067732663447,2.58741,4.92028,6,True,1
1184,4220,02_21_17_53_31_239,13.44,-7.27,29.5,0.0,0.0,0,0.01,3.4375,2154,0.00999,3.41,1585.98552,564.64,9.948999596064922,2.58483,4.92415,6,True,1
1185,4221,02_21_17_53_31_297,13.65,-6.84,29.51,0.0,0.0,0,0.01,3.4375,2154,0.00999,3.43,1571.2761,656.882,10.020921936753124,2.58612,4.92286,6,True,1
1186,4222,02_21_17_53_31_351,13.86,-6.41,29.51,0.0,0.0,0,0.01,3.4375,2154,0.00999,3.45,1573.08252,999.833,4.71345481467681,2.58354,4.92544,6,True,1
1187,4223,02_21_17_53_31_410,14.18,-5.64,29.51,0.0,0.0,0,0.01,3.4375,2154,0.00999,3.45,1562.50207,630.35,4.481702555949022,2.58741,4.92286,6,True,1
1188,4224,02_21_17_53_31_467,14.34,-5.19,29.51,0.0,0.0,0,0.01,3.4375,2154,0.00999,3.43,1574.63088,649.154,4.32946493489669,2.58741,4.92415,6,True,1
1189,4225,02_21_17_53_31_536,14.51,-4.74,29.51,0.0,0.0,0,0.01,3.4375,2154,0.01,3.41,1603.27554,292.939,4.162288649288994,2.58741,4.92286,6,True,1
1190,4226,02_21_17_53_31_603,14.78,-3.82,29.51,0.0,0.0,0,0.01,3.4375,2154,0.00999,3.41,1613.59794,382.021,3.435586165780157,2.58612,4.92931,6,True,1
1191,4227,02_21_17_53_31_675,14.89,-3.35,29.51,0.0,0.0,0,0.01,3.4375,2154,0.00999,3.41,1554.76027,89.558,0.5255195738504894,2.58096,4.92415,6,True,1
1192,4228,02_21_17_53_31_733,15.0,-2.88,29.51,0.0,0.0,0,0.01,3.4375,2154,0.00999,3.41,1540.82503,81.538,1.3997150602890576,2.56935,4.93318,6,True,1
1193,4229,02_21_17_53_31_786,15.11,-2.34,29.51,0.0,0.0,0,0.01,3.4375,2154,0.00999,3.41,1521.21247,99.54,3.688564653764388,2.56935,4.92802,6,True,1
1194,4230,02_21_17_53_31_850,15.22,-1.81,29.5,0.0,0.0,0,0.01,3.4375,2154,0.00108,3.41,1538.50249,105.916,2.856298109879289,2.5629,4.92673,6,True,1
1195,4380,02_21_17_53_39_281,15.64,-0.51,30.5,0.0,0.0,0,0.01,3.4375,0,0.0,0.0,828.83759,0.0,0.0,2.51903,0.49713,6,True,1
1196,4381,02_21_17_53_39_442,15.61,-0.32,30.5,0.0,0.0,0,0.01,3.4375,2133,0.00802,1.22,828.83759,208.007,0.0,2.51903,0.49713,6,True,1
1197,4382,02_21_17_53_39_483,15.6,0.36,30.5,0.0,0.0,0,0.01,3.4375,2133,0.00802,2.16,828.83759,267.78,0.0,2.51903,0.49713,6,True,1
1198,4383,02_21_17_53_39_542,15.58,1.03,30.5,0.0,0.0,0,0.01,3.4375,2130,0.00999,3.1,828.83759,288.868,0.0,2.51903,0.49713,6,True,1
1199,4384,02_21_17_53_39_575,15.54,1.47,30.5,0.0,0.0,0,0.01,3.4375,2130,0.00999,3.11,828.83759,294.93,0.0,2.51903,0.49713,6,True,1
1200,4385,02_21_17_53_39_639,15.51,1.91,30.5,-0.0,0.0,0,0.01,3.4375,2130,0.00999,3.12,828.83759,402.027,0.0,2.51903,0.49713,6,True,1
1201,4386,02_21_17_53_39_703,15.41,2.82,30.5,-0.0,0.0,0,0.01,3.4375,2129,0.00999,3.0,828.83759,348.387,0.0,2.51903,0.49713,6,True,1
1202,4387,02_21_17_53_39_857,15.25,3.65,30.49,0.0,0.0,0,0.01,3.4375,2130,0.00999,3.25,828.83759,386.025,3.4405647864849165,2.51903,0.49713,6,True,1
1203,4388,02_21_17_53_40_005,14.47,5.9,30.51,0.0,0.0,0,0.01,3.4375,2131,0.00999,2.81,828.57953,336.697,2.600619530996412,2.58354,0.41197,6,True,1
1204,4389,02_21_17_53_40_084,14.28,6.35,30.51,0.0,0.0,0,0.01,3.4375,2130,0.00999,2.7,824.19251,240.964,2.7743244119064374,2.58225,0.4481,6,True,1
1205,4390,02_21_17_53_40_146,14.09,6.79,30.5,0.0,0.0,0,0.01,3.4375,2130,0.00999,2.6,829.09565,245.377,2.5188920624949374,2.45322,4.92157,6,True,1
1206,4391,02_21_17_53_40_199,13.63,7.64,30.5,-0.0,0.0,0,0.01,3.4375,2130,0.00999,2.6,854.90165,328.664,5.0256873564717495,2.16033,4.92157,6,True,1
1207,4392,02_21_17_53_40_292,13.39,8.05,30.5,0.0,0.0,0,0.01,2.8906,2130,0.00999,2.78,853.61135,242.659,4.945512634702291,2.12936,4.92157,6,True,1
1208,4393,02_21_17_53_40_349,13.15,8.46,30.5,0.0,0.0,0,0.01,2.8906,2130,0.00999,2.96,845.09537,221.93,4.866760806994731,2.14355,4.92415,6,True,1
1209,4394,02_21_17_53_40_399,12.88,8.86,30.5,0.0,0.0,0,0.01,2.8906,2130,0.00999,2.65,842.25671,274.135,4.87709340104329,2.14871,4.92157,6,True,1
1210,4395,02_21_17_53_40_461,12.61,9.25,30.5,0.0,0.0,0,0.01,2.8906,2130,0.00999,2.33,836.06327,245.406,4.946478262612704,2.16291,4.92286,6,True,1
1211,4396,02_21_17_53_40_627,11.38,10.71,30.51,0.0,0.0,0,0.01,2.8906,2131,0.00999,2.66,823.41833,219.714,4.873496652815102,2.1642,4.92028,6,True,1
1212,4397,02_21_17_53_40_683,11.08,11.02,30.51,0.0,0.0,0,0.01,2.8906,2131,0.00999,2.7,820.06355,242.317,4.8705629448760845,2.16936,4.92802,6,True,1
1213,4398,02_21_17_53_40_768,10.77,11.34,30.5,0.0,0.0,0,0.01,2.8906,2131,0.00999,2.74,815.67653,235.219,4.8751416184558165,2.1771,4.92415,6,True,1
1214,4399,02_21_17_53_40_843,9.71,12.26,30.5,0.0,0.0,0,0.01,2.8906,2133,0.00999,2.85,808.96698,223.354,4.793983631855662,2.17452,4.92544,6,True,1
1215,4400,02_21_17_53_40_892,9.32,12.54,30.5,0.0,0.0,0,0.01,2.8906,2133,0.00999,2.85,807.16056,200.463,0.6974624595632369,2.17323,4.92415,6,True,1
1216,4401,02_21_17_53_40_961,8.94,12.83,30.5,-0.0,0.0,0,0.01,2.8906,2133,0.00999,2.85,802.77354,209.744,4.562440305636886,2.17581,4.92157,6,True,1
1217,4402,02_21_17_53_41_368,5.66,14.56,30.51,0.0,0.0,0,0.01,2.8906,2133,0.00999,2.88,780.83844,199.995,4.32882877288996,2.18355,4.92157,6,True,1
1218,4403,02_21_17_53_41_427,4.42,14.99,30.5,-0.0,0.0,0,0.01,2.8906,2133,0.00999,2.89,776.70948,196.079,4.238486648852394,2.17065,4.92931,6,True,1
1219,4404,02_21_17_53_41_492,3.97,15.1,30.5,0.0,0.0,0,0.01,2.8906,2133,0.00999,2.9,775.16112,206.721,4.243919844318457,2.18484,4.92028,6,True,1
1220,4405,02_21_17_53_41_592,3.53,15.22,30.5,0.0,0.0,0,0.01,2.8906,2133,0.00999,2.9,1566.11491,185.399,3.5973773088876846,2.40548,4.92286,6,True,1
1221,4406,02_21_17_53_41_642,2.67,15.4,30.5,-0.0,0.0,0,0.01,3.2812,2133,0.00999,2.85,1685.59667,220.716,3.9245444146422903,2.36935,4.92286,6,True,1
1222,4407,02_21_17_53_42_945,-9.63,12.28,30.49,0.0,0.0,0,0.01,3.4375,2133,0.00999,3.38,1635.27498,248.158,4.56127109477172,2.52032,4.92415,6,True,1
1223,4408,02_21_17_53_43_231,-11.95,10.03,30.5,0.0,0.0,0,0.01,3.4375,2133,0.00999,3.29,1672.43561,226.861,2.425484566535108,2.41839,4.92286,6,True,1
1224,4409,02_21_17_53_43_306,-12.25,9.65,30.5,0.0,0.0,0,0.01,3.4375,2133,0.00999,3.34,1660.82291,231.115,1.9164295995418144,2.43903,4.92415,6,True,1
1225,4410,02_21_17_53_43_373,-12.55,9.28,30.5,-0.0,0.0,0,0.01,3.4375,2133,0.00999,3.39,1670.88725,251.068,2.855028502922519,2.41322,4.92028,6,True,1
1226,4411,02_21_17_53_43_457,-13.1,8.48,30.5,0.0,0.0,0,0.01,3.4375,2133,0.00999,3.37,1691.27399,256.662,2.0026774802748446,2.4171,4.92415,6,True,1
1227,4412,02_21_17_53_43_675,-14.04,6.82,30.51,0.0,0.0,0,0.01,3.3594,2133,0.00999,3.39,1675.27427,195.607,1.6600337617048635,2.46355,4.92544,6,True,1
1228,4413,02_21_17_53_43_826,-14.77,5.05,30.49,0.0,0.0,0,0.01,3.3594,2133,0.00999,3.38,1693.08041,303.422,2.097911535908986,2.31387,4.9177,6,True,1
1229,4414,02_21_17_53_43_992,-15.05,4.13,30.49,0.0,0.0,0,0.01,3.4375,2133,0.00999,3.33,1662.37127,201.974,0.6090922939095519,2.45838,4.92673,6,True,1
1230,4415,02_21_17_53_44_778,-15.08,-4.2,30.51,0.0,0.0,0,0.01,3.4375,2133,0.00999,3.45,1689.72563,185.742,0.0,2.49451,4.92157,6,True,1
1231,4416,02_21_17_53_44_973,-14.48,-5.89,30.5,0.0,0.0,0,0.01,3.4375,2133,0.00999,3.42,1703.66087,178.936,2.3417247116174864,2.45193,4.92286,6,True,1
1232,4417,02_21_17_53_45_200,-13.67,-7.59,30.5,0.0,0.0,0,0.01,3.4375,2133,0.00999,3.35,1692.30623,212.687,1.4843519537158294,2.46097,4.92286,6,True,1
1233,4418,02_21_17_53_45_375,-12.34,-9.58,30.5,0.0,0.0,0,0.01,3.4375,2133,0.01,3.38,1701.59639,209.481,0.7015987813558402,2.41839,4.92673,6,True,1
1234,4419,02_21_17_53_45_416,-12.03,-9.96,30.49,0.0,0.0,0,0.01,3.4375,2133,0.01,3.39,1694.11265,207.268,0.0,2.46226,4.92286,6,True,1
1235,4420,02_21_17_53_45_494,-11.72,-10.33,30.48,-0.0,0.0,0,0.01,3.4375,2133,0.00999,3.39,1695.91907,257.856,0.7018471788787072,2.39516,4.92157,6,True,1
1236,4421,02_21_17_53_45_591,-10.99,-11.11,30.49,0.0,0.0,0,0.01,3.4375,2133,0.00999,3.39,1688.17727,249.744,4.482402572839704,2.47645,4.92286,6,True,1
1237,4422,02_21_17_53_45_667,-10.29,-11.75,30.5,0.0,0.0,0,0.01,3.4375,2133,0.00999,3.43,1701.08027,173.542,4.55610922964979,2.49064,4.92544,6,True,1
1238,4423,02_21_17_53_46_614,-2.56,-15.42,30.5,-0.0,0.0,0,0.01,3.4375,2133,0.00999,3.42,1671.91949,196.538,2.854442340020201,2.57193,4.92673,6,True,1
1239,4424,02_21_17_53_47_066,2.57,-15.41,30.5,0.0,0.0,0,0.01,3.4375,2133,0.01,3.45,1640.17812,208.75,3.9252638618314566,2.56677,4.90608,6,True,1
1240,4425,02_21_17_53_47_169,3.41,-15.27,30.49,0.0,0.0,0,0.01,3.4375,2133,0.00999,3.42,1647.14573,170.211,3.755922446616809,2.57451,4.92673,6,True,1
1241,4426,02_21_17_53_47_251,4.75,-14.91,30.5,0.0,0.0,0,0.01,3.4375,2133,0.00999,3.44,1640.43617,159.126,4.1644071117627295,2.57709,4.92286,6,True,1
1242,4427,02_21_17_53_47_388,5.66,-14.58,30.49,0.0,0.0,0,0.01,3.4375,2133,0.00999,3.4,1636.30722,221.254,3.919993742660822,2.5758,4.92544,6,True,1
1243,4428,02_21_17_53_47_453,6.53,-14.2,30.5,0.0,0.0,0,0.01,3.4375,2133,0.00999,3.37,1632.95244,429.24,4.164298284225087,2.57451,4.92673,6,True,1
1244,4429,02_21_17_53_47_630,7.43,-13.74,30.5,0.0,0.0,0,0.01,3.4375,2133,0.00999,3.4,1640.95229,465.905,4.482394795474847,2.57967,4.92415,6,True,1
1245,4430,02_21_17_53_47_713,8.22,-13.27,30.49,0.0,0.0,0,0.01,3.4375,2133,0.00999,3.44,1668.82277,334.731,4.478317598440289,2.57322,4.92544,6,True,1
1246,4431,02_21_17_53_47_755,8.74,-12.88,30.49,0.0,0.0,0,0.01,3.4375,2133,0.00999,3.44,1681.46771,238.622,4.554800628457847,2.58354,4.92544,6,True,1
1247,4432,02_21_17_53_47_800,9.26,-12.5,30.49,0.0,0.0,0,0.01,3.4375,2133,0.00999,3.45,1690.49981,447.046,4.636829507325022,2.57709,4.92157,6,True,1
1248,4433,02_21_17_53_47_850,9.79,-12.11,30.5,0.0,0.0,0,0.01,3.4375,2133,0.00999,3.45,1684.82249,1255.564,4.5659156014976885,2.57838,4.92673,6,True,1
1249,4434,02_21_17_53_47_910,10.31,-11.72,30.5,0.0,0.0,0,0.01,3.4375,2133,0.00999,3.46,1669.08083,1181.421,4.640872610296473,2.56677,4.92544,6,True,1
1250,4435,02_21_17_53_47_999,10.68,-11.38,30.49,0.0,0.0,0,0.01,3.4375,2133,0.00999,3.44,1643.27483,812.501,4.638099932353764,2.57709,4.92415,6,True,1
1251,4436,02_21_17_53_48_107,11.04,-11.03,30.49,-0.0,0.0,0,0.01,3.4375,2133,0.00999,3.42,1594.75956,1096.301,4.481718113067799,2.57967,4.92544,6,True,1
1252,4437,02_21_17_53_48_170,11.7,-10.34,30.49,-0.0,0.0,0,0.01,3.4375,2133,0.00999,3.42,1588.05,1037.103,4.405208669858897,2.57451,4.92286,6,True,1
1253,4438,02_21_17_53_48_230,12.31,-9.6,30.49,0.0,0.0,0,0.01,3.4375,2133,0.00999,3.41,1591.40478,871.389,4.489482155271363,2.57451,4.92415,6,True,1
1254,4439,02_21_17_53_48_289,13.02,-8.54,30.49,0.0,0.0,0,0.01,3.4375,2133,0.00999,3.42,1599.92076,1067.644,4.328651597206687,2.58096,4.92673,6,True,1
1255,4440,02_21_17_53_48_460,13.72,-7.47,30.49,0.0,0.0,0,0.01,3.4375,2133,0.00999,3.43,1587.27582,625.661,4.402540964318219,2.5758,4.92544,6,True,1
1256,4441,02_21_17_53_48_742,14.49,-5.76,30.51,0.0,0.0,0,0.01,3.4375,2133,0.00999,3.42,1563.53431,746.703,4.40228756699287,2.57451,4.92415,6,True,1
1257,4442,02_21_17_53_48_800,14.82,-4.86,30.51,0.0,0.0,0,0.01,3.4375,2133,0.00999,3.43,1577.46954,702.565,4.562616043455772,2.57709,4.92286,6,True,1
1258,4443,02_21_17_53_48_879,15.2,-3.56,30.51,0.0,0.0,0,0.01,3.4375,2133,0.00999,3.4,1589.85642,150.626,4.245102552942625,2.56419,4.92028,6,True,1
1259,4444,02_21_17_53_48_931,15.29,-3.12,30.51,0.0,0.0,0,0.01,3.4375,2133,0.00999,3.4,1576.69536,61.936,2.004643542503255,2.57967,4.92673,6,True,1
1260,4445,02_21_17_53_48_990,15.38,-2.69,30.5,0.0,0.0,0,0.01,3.4375,2133,0.00917,3.4,1541.34115,47.8,0.7047716580567069,2.58225,4.92544,6,True,1
1261,4492,02_21_17_53_56_845,15.9,1.15,31.5,0.0,0.0,0,0.01,3.4375,2123,0.00999,3.27,1694.62877,289.127,0.0,2.32419,4.92157,6,True,1
1262,4493,02_21_17_53_56_962,15.7,3.05,31.49,-0.0,0.0,0,0.01,3.4375,2122,0.00999,2.88,1688.95145,311.931,0.0,2.24807,4.92802,6,True,1
1263,4494,02_21_17_53_57_039,15.48,3.88,31.49,0.0,0.0,0,0.01,3.2031,2122,0.00999,2.76,1685.33861,370.297,2.088101113452124,2.27387,4.92286,6,True,1
1264,4495,02_21_17_53_57_169,15.27,4.72,31.49,0.0,0.0,0,0.01,3.2812,2120,0.00999,2.63,1694.88683,386.062,4.08507056059011,2.28161,4.92157,6,True,1
1265,4496,02_21_17_53_57_333,14.79,6.03,31.5,0.0,0.0,0,0.01,2.9688,2122,0.00999,3.0,1683.79025,356.666,2.436197465313516,2.19903,4.92286,6,True,1
1266,4497,02_21_17_53_57_379,14.4,6.9,31.5,0.0,0.0,0,0.01,2.8906,2122,0.00999,3.0,1687.66115,360.378,4.639242265984823,2.33065,4.92544,6,True,1
1267,4498,02_21_17_53_57_468,13.95,7.76,31.51,0.0,0.0,0,0.01,2.8906,2122,0.01,2.87,1696.69325,289.624,2.597937151857219,2.28548,4.92286,6,True,1
1268,4499,02_21_17_53_57_669,12.94,9.37,31.5,0.0,0.0,0,0.01,2.9688,2122,0.00999,2.9,1669.33889,360.816,5.027615365160704,2.20549,4.92028,6,True,1
1269,4500,02_21_17_53_57_727,12.32,10.1,31.51,0.0,0.0,0,0.01,3.0469,2122,0.00999,2.96,1661.08097,258.516,4.943178842860129,2.31645,4.92028,6,True,1
1270,4501,02_21_17_53_57_880,11.71,10.84,31.51,0.0,0.0,0,0.01,3.0469,2122,0.00999,3.03,1659.27455,218.352,4.795815794262744,2.34742,4.92673,6,True,1
1271,4502,02_21_17_53_57_939,10.88,11.62,31.51,0.0,0.0,0,0.01,3.125,2122,0.00999,3.02,1649.21021,302.967,4.791394144974926,2.39903,4.92157,6,True,1
1272,4503,02_21_17_53_58_081,10.05,12.41,31.51,0.0,0.0,0,0.01,3.2031,2123,0.00999,3.01,1665.20993,249.874,4.792885452939596,2.37581,4.92028,6,True,1
1273,4504,02_21_17_54_00_138,-8.65,13.39,31.5,0.0,0.0,0,0.01,3.4375,2124,0.00999,3.44,1676.04845,234.931,4.714164788167676,2.50484,4.92157,6,True,1
1274,4505,02_21_17_54_00_419,-10.88,11.64,31.5,0.0,0.0,0,0.01,3.2031,2124,0.00998,3.33,1680.69353,229.646,3.191601135010451,2.48935,4.92157,6,True,1
1275,4506,02_21_17_54_00_487,-11.5,11.03,31.49,0.0,0.0,0,0.01,3.4375,2124,0.00999,3.24,1682.49995,262.791,4.6330989110961145,2.51774,4.92931,6,True,1
1276,4507,02_21_17_54_01_059,-14.43,6.76,31.5,0.0,0.0,0,0.01,3.4375,2124,0.00999,3.42,1686.37085,166.837,1.5711540702617297,2.48548,4.92673,6,True,1
1277,4508,02_21_17_54_01_215,-15.24,4.67,31.5,0.0,0.0,0,0.01,3.4375,2124,0.00999,3.38,1689.98369,304.374,2.34367409690426,2.46355,4.92931,6,True,1
1278,4509,02_21_17_54_02_460,-14.31,-7.11,31.5,0.0,0.0,0,0.01,3.4375,2124,0.00999,3.4,1690.75787,197.423,0.8777434847379956,2.49709,4.92415,6,True,1
1279,4510,02_21_17_54_02_926,-11.96,-10.57,31.49,0.0,0.0,0,0.01,3.4375,2124,0.00999,3.35,1684.30637,220.269,3.7607365505310257,2.48806,4.92286,6,True,1
1280,4511,02_21_17_54_02_994,-11.3,-11.28,31.49,0.0,0.0,0,0.01,3.4375,2124,0.00999,3.39,1679.91935,202.688,4.402738920830987,2.51,4.92286,6,True,1
1281,4512,02_21_17_54_03_198,-9.73,-12.67,31.5,0.0,0.0,0,0.01,3.4375,2124,0.00999,3.43,1683.27413,209.639,4.407194546704287,2.46742,4.92415,6,True,1
1282,4513,02_21_17_54_03_249,-9.21,-13.02,31.49,0.0,0.0,0,0.01,3.4375,2124,0.00999,3.43,1692.82235,266.261,4.475132624850351,2.46613,4.91899,6,True,1
1283,4514,02_21_17_54_03_309,-8.69,-13.37,31.49,0.0,0.0,0,0.01,3.4375,2124,0.00999,3.44,1682.75801,198.546,4.56264660586375,2.48548,4.91899,6,True,1
1284,4515,02_21_17_54_03_366,-7.96,-13.83,31.5,0.0,0.0,0,0.01,3.4375,2124,0.00999,3.44,1689.72563,228.406,4.402754756967505,2.52161,4.92157,6,True,1
1285,4516,02_21_17_54_03_478,-7.15,-14.27,31.5,0.0,0.0,0,0.01,3.4375,2124,0.00999,3.4,1700.30609,226.156,2.8546988010996888,2.55258,4.92028,6,True,1
1286,4517,02_21_17_54_03_766,-4.48,-15.33,31.5,0.0,0.0,0,0.01,3.4375,2124,0.00999,3.38,1685.85473,200.843,2.341933120308947,2.58612,4.91383,6,True,1
1287,4518,02_21_17_54_03_833,-4.01,-15.45,31.49,0.0,0.0,0,0.01,3.4375,2124,0.00999,3.4,1672.43561,183.746,2.6062301649125312,2.57451,4.92673,6,True,1
1288,4519,02_21_17_54_03_889,-3.54,-15.57,31.49,0.0,0.0,0,0.01,3.4375,2124,0.00999,3.43,1687.14503,232.026,2.092237424385674,2.57451,4.92286,6,True,1
1289,4520,02_21_17_54_03_956,-3.08,-15.66,31.49,0.0,0.0,0,0.01,3.4375,2124,0.00999,3.44,1692.30623,178.118,2.598259183568876,2.57967,4.92415,6,True,1
1290,4521,02_21_17_54_04_009,-2.61,-15.75,31.5,0.0,0.0,0,0.01,3.4375,2124,0.00999,3.46,1678.62905,179.162,4.163837828554326,2.5758,4.92544,6,True,1
1291,4522,02_21_17_54_04_873,6.64,-14.52,31.5,0.0,0.0,0,0.01,3.4375,2123,0.00999,3.44,1697.98355,301.005,4.24660510319714,2.58225,4.92286,6,True,1
1292,4523,02_21_17_54_05_044,7.5,-14.08,31.5,0.0,0.0,0,0.01,3.4375,2123,0.01,3.42,1684.56443,440.216,4.715333053454443,2.58096,4.92157,6,True,1
1293,4524,02_21_17_54_05_735,12.82,-9.48,31.49,0.0,0.0,0,0.01,3.4375,2123,0.00999,3.41,1640.95229,307.798,4.249583999640436,2.57838,4.92673,6,True,1
1294,4525,02_21_17_54_05_841,13.36,-8.69,31.49,0.0,0.0,0,0.01,3.4375,2123,0.00999,3.42,1646.37155,525.315,10.019780810102583,2.58354,4.92286,6,True,1
1295,4526,02_21_17_54_06_083,14.69,-6.15,31.51,0.0,0.0,0,0.01,3.4375,2123,0.00999,3.37,1706.24147,698.695,10.01453273760189,2.58225,4.92028,6,True,1
1296,4527,02_21_17_54_06_334,15.33,-4.34,31.51,-0.0,0.0,0,0.01,3.4375,2124,0.00999,3.44,1645.33931,83.713,3.110887726196495,2.58871,4.92415,6,True,1
1297,4528,02_21_17_54_06_472,15.67,-2.98,31.5,0.0,0.0,0,0.01,3.4375,2124,0.00999,3.43,1561.46983,46.676,0.0,2.58096,4.9177,6,True,1
1298,4529,02_21_17_54_06_526,15.82,-2.19,31.5,0.0,0.0,0,0.01,3.4375,2124,0.00531,3.45,1543.92175,67.869,3.351014276678033,2.58096,4.92673,6,True,1
1299,4597,02_21_17_54_14_046,16.3,-0.63,32.5,0.0,0.0,0,0.01,3.4375,895,0.0,0.0,1006.12479,19.869,0.0,2.44419,4.91899,6,True,1
1300,4598,02_21_17_54_14_270,16.24,1.26,32.5,-0.0,0.0,0,0.01,3.4375,2115,0.00999,3.41,1694.62877,220.853,0.0,2.25194,4.91899,6,True,1
1301,4599,02_21_17_54_14_440,16.15,2.26,32.5,0.0,0.0,0,0.01,3.4375,2114,0.00999,3.17,1708.82207,256.495,0.0,2.43129,4.9177,6,True,1
1302,4600,02_21_17_54_14_621,15.8,4.11,32.49,0.0,0.0,0,0.01,3.4375,2114,0.00999,2.81,1693.08041,345.59,2.3458893675960084,2.35645,4.92673,6,True,1
1303,4601,02_21_17_54_14_680,15.5,5.06,32.5,0.0,0.0,0,0.01,3.4375,2112,0.00999,2.8,1686.88697,328.297,3.599092161226217,2.31645,4.91899,6,True,1
1304,4602,02_21_17_54_14_755,15.34,5.49,32.5,0.0,0.0,0,0.01,3.4375,2112,0.00999,2.91,1684.82249,326.99,2.5219211823528505,2.24678,4.92286,6,True,1
1305,4603,02_21_17_54_14_848,15.19,5.92,32.5,0.0,0.0,0,0.01,3.2031,2112,0.00999,3.02,1695.91907,229.266,2.4339927742292087,2.18097,4.92286,6,True,1
1306,4604,02_21_17_54_15_391,11.88,11.16,32.51,-0.0,0.0,0,0.01,3.2812,2114,0.00999,3.06,1664.17769,330.288,4.873496652815102,2.40161,4.92157,6,True,1
1307,4605,02_21_17_54_15_476,11.55,11.5,32.51,0.0,0.0,0,0.01,3.3594,2114,0.00999,3.06,1670.37113,232.94,4.789502062062402,2.36161,4.91899,6,True,1
1308,4606,02_21_17_54_15_581,11.21,11.84,32.51,0.0,0.0,0,0.01,3.4375,2114,0.00999,3.05,1669.85501,247.043,4.8751416184558165,2.30871,4.92028,6,True,1
1309,4607,02_21_17_54_15_691,9.71,13.09,32.5,0.0,0.0,0,0.01,3.4375,2112,0.00999,3.24,1663.40351,256.704,0.44255,2.34226,4.92157,6,True,1
1310,4608,02_21_17_54_15_768,9.35,13.34,32.5,0.0,0.0,0,0.01,3.4375,2114,0.00999,3.17,1666.24217,183.224,4.562440305636886,2.35774,4.92415,6,True,1
1311,4609,02_21_17_54_15_836,8.99,13.6,32.5,0.0,0.0,0,0.01,3.4375,2114,0.00999,3.1,1658.75843,265.526,4.565090935567439,2.48032,4.92802,6,True,1
1312,4610,02_21_17_54_16_088,6.09,15.11,32.5,-0.0,0.0,0,0.01,3.4375,2115,0.00999,3.35,1669.08083,218.323,4.410349538301925,2.45322,4.92286,6,True,1
1313,4611,02_21_17_54_16_426,3.34,15.95,32.51,0.0,0.0,0,0.01,3.4375,2115,0.00999,3.4,1677.85487,213.585,3.431890632362867,2.31645,4.92673,6,True,1
1314,4612,02_21_17_54_16_688,1.53,16.21,32.5,0.0,0.0,0,0.01,3.4375,2116,0.00999,3.37,1682.75801,214.737,4.479601848937024,2.37193,4.92028,6,True,1
1315,4613,02_21_17_54_16_748,0.13,16.29,32.5,0.0,0.0,0,0.01,3.4375,2115,0.00999,3.3,1668.56471,264.991,4.484470872912433,2.47,4.92544,6,True,1
1316,4614,02_21_17_54_16_808,-0.87,16.25,32.51,0.0,0.0,0,0.01,3.4375,2115,0.01,3.3,1676.04845,234.497,4.793256389188878,2.48548,4.92157,6,True,1
1317,4615,02_21_17_54_16_870,-1.32,16.22,32.5,0.0,0.0,0,0.01,3.4375,2116,0.01,3.34,1673.20979,232.105,4.563296008643314,2.43,4.92415,6,True,1
1318,4616,02_21_17_54_16_913,-1.78,16.18,32.5,0.0,0.0,0,0.01,3.4375,2116,0.00999,3.38,1667.27441,213.935,4.560690198862448,2.45451,4.92286,6,True,1
1319,4617,02_21_17_54_16_977,-2.28,16.12,32.5,0.0,0.0,0,0.01,3.4375,2115,0.00999,3.37,1660.82291,242.054,4.56127109477172,2.31903,4.91899,6,True,1
1320,4618,02_21_17_54_17_055,-2.78,16.06,32.51,0.0,0.0,0,0.01,3.4375,2118,0.00999,3.35,1665.20993,185.115,4.559069413816816,2.45322,4.92286,6,True,1
1321,4619,02_21_17_54_17_297,-4.6,15.65,32.5,-0.0,0.0,0,0.01,3.4375,2116,0.00999,3.42,1654.62947,221.196,4.56004806992207,2.48161,4.92286,6,True,1
1322,4620,02_21_17_54_17_427,-5.83,15.16,32.5,0.0,0.0,0,0.01,3.4375,2116,0.00999,3.41,1664.69381,222.365,4.4840743930604,2.48677,4.92028,6,True,1
1323,4621,02_21_17_54_17_504,-7.06,14.68,32.5,0.0,0.0,0,0.01,3.4375,2116,0.00999,3.4,1673.20979,186.956,4.403016044996884,2.53967,4.92415,6,True,1
1324,4622,02_21_17_54_17_565,-7.66,14.36,32.5,0.0,0.0,0,0.01,3.4375,2116,0.00999,3.38,1660.30679,219.839,4.479189372252528,2.54354,4.92415,6,True,1
1325,4623,02_21_17_54_17_697,-8.26,14.03,32.5,-0.0,0.0,0,0.01,3.4375,2118,0.00999,3.36,1674.50009,239.253,4.553575865734533,2.5358,4.92286,6,True,1
1326,4624,02_21_17_54_17_735,-9.14,13.47,32.5,0.0,0.0,0,0.01,3.4375,2116,0.00999,3.36,1676.30651,242.818,4.712981439598505,2.40032,4.92157,6,True,1
1327,4625,02_21_17_54_17_903,-10.69,12.27,32.5,0.0,0.0,0,0.01,3.4375,2116,0.00999,3.4,1671.14531,201.54,4.403182311124534,2.56032,4.92286,6,True,1
1328,4626,02_21_17_54_17_951,-11.02,11.96,32.5,0.0,0.0,0,0.01,3.4375,2116,0.00999,3.4,1670.88725,287.294,2.5982994347264903,2.47645,4.92028,6,True,1
1329,4627,02_21_17_54_17_996,-11.34,11.65,32.5,0.0,0.0,0,0.01,3.4375,2116,0.00999,3.4,1680.69353,210.883,4.63500219120768,2.5358,4.91899,6,True,1
1330,4628,02_21_17_54_18_101,-11.67,11.34,32.5,-0.0,0.0,0,0.01,3.4375,2116,0.00999,3.39,1680.95159,290.547,3.4328656647908606,2.49967,4.92286,6,True,1
1331,4629,02_21_17_54_18_214,-12.3,10.66,32.51,0.0,0.0,0,0.01,3.4375,2118,0.00999,3.37,1672.43561,263.918,2.4362833219886397,2.44935,4.92157,6,True,1
1332,4630,02_21_17_54_18_260,-12.85,9.98,32.5,0.0,0.0,0,0.01,3.4375,2116,0.00999,3.37,1676.56457,180.907,2.688362867062406,2.50096,4.92286,6,True,1
1333,4631,02_21_17_54_18_353,-13.38,9.27,32.51,-0.0,0.0,0,0.01,3.4375,2115,0.00999,3.39,1686.62891,260.871,2.9417252646193868,2.43387,4.92673,6,True,1
1334,4632,02_21_17_54_18_447,-13.87,8.5,32.5,0.0,0.0,0,0.01,3.4375,2116,0.00999,3.38,1685.33861,329.967,4.638708710945321,2.51516,4.92415,6,True,1
1335,4633,02_21_17_54_18_772,-15.3,5.56,32.5,0.0,0.0,0,0.01,3.4375,2116,0.00999,3.36,1681.46771,147.649,4.871743795859958,2.40677,4.92544,6,True,1
1336,4634,02_21_17_54_18_831,-15.56,4.76,32.5,0.0,0.0,0,0.01,3.4375,2115,0.00999,3.36,1691.27399,302.383,2.0013018294350307,2.33323,4.92286,6,True,1
1337,4635,02_21_17_54_18_915,-15.8,3.83,32.49,0.0,0.0,0,0.01,3.4375,2115,0.00999,3.37,1665.20993,220.532,1.0453853189135571,2.55,4.92157,6,True,1
1338,4636,02_21_17_54_18_969,-15.96,2.41,32.49,0.0,0.0,0,0.01,3.4375,2116,0.00999,3.37,1666.24217,272.064,1.6561230947607728,2.43645,4.92415,6,True,1
1339,4637,02_21_17_54_19_018,-16.11,0.98,32.49,0.0,0.0,0,0.01,3.4375,2116,0.00999,3.37,1652.56499,168.186,1.051470248033676,2.47645,4.92802,6,True,1
1340,4638,02_21_17_54_19_350,-16.27,-0.44,32.49,0.0,0.0,0,0.01,3.4375,2115,0.01,3.37,1638.11364,253.285,0.9625706740286658,2.38484,4.92286,6,True,1
1341,4639,02_21_17_54_19_394,-16.24,-0.92,32.49,0.0,0.0,0,0.01,3.4375,2115,0.01,3.39,1649.46827,294.413,1.399465978507516,2.49451,4.92802,6,True,1
1342,4640,02_21_17_54_19_473,-16.22,-1.41,32.49,-0.0,0.0,0,0.01,3.4375,2115,0.00999,3.4,1656.43589,208.257,0.8758349987297835,2.52806,4.92286,6,True,1
1343,4641,02_21_17_54_19_731,-15.8,-4.12,32.52,0.0,0.0,0,0.01,3.4375,2116,0.01,3.37,1680.69353,204.454,0.0,2.47387,4.92157,6,True,1
1344,4642,02_21_17_54_19_828,-15.5,-5.07,32.51,0.0,0.0,0,0.01,3.4375,2115,0.00999,3.39,1682.24189,268.92,0.788002909258589,2.45709,4.92157,6,True,1
1345,4643,02_21_17_54_19_911,-14.57,-6.99,32.5,0.0,0.0,0,0.01,3.4375,2115,0.00999,3.39,1677.08069,234.952,1.144437487370979,2.46484,4.92802,6,True,1
1346,4644,02_21_17_54_20_250,-13.64,-8.91,32.5,0.0,0.0,0,0.01,3.4375,2115,0.00999,3.39,1694.88683,207.264,4.085744676616492,2.49193,4.92415,6,True,1
1347,4645,02_21_17_54_20_331,-13.09,-9.7,32.49,0.0,0.0,0,0.01,3.4375,2115,0.00999,3.39,1701.08027,232.272,1.4863234548711124,2.49967,4.92415,6,True,1
1348,4646,02_21_17_54_20_378,-12.82,-10.05,32.5,0.0,0.0,0,0.01,3.4375,2115,0.00999,3.39,1682.75801,220.983,4.249460946108341,2.48548,4.92673,6,True,1
1349,4647,02_21_17_54_20_427,-12.56,-10.4,32.5,0.0,0.0,0,0.01,3.4375,2115,0.00999,3.4,1680.17741,220.682,0.0,2.50871,4.91899,6,True,1
1350,4648,02_21_17_54_20_843,-9.43,-13.28,32.49,0.0,0.0,0,0.01,3.4375,2115,0.00999,3.39,1694.88683,178.648,1.2174403085983312,2.54096,4.92286,6,True,1
1351,4649,02_21_17_54_21_145,-6.96,-14.74,32.5,-0.0,0.0,0,0.01,3.4375,2115,0.00999,3.41,1697.46743,184.598,2.260676723903708,2.56161,4.92544,6,True,1
1352,4650,02_21_17_54_21_203,-5.94,-15.14,32.5,0.0,0.0,0,0.01,3.4375,2115,0.00999,3.4,1695.91907,172.098,1.6618388083686095,2.58612,4.92286,6,True,1
1353,4651,02_21_17_54_21_348,-4.91,-15.54,32.5,0.0,0.0,0,0.01,3.4375,2115,0.00999,3.39,1685.59667,179.6,1.5707324358400447,2.57193,4.92415,6,True,1
1354,4652,02_21_17_54_21_427,-4.47,-15.66,32.5,0.0,0.0,0,0.01,3.4375,2115,0.00999,3.39,1685.59667,173.634,2.515471280893503,2.56548,4.92028,6,True,1
1355,4653,02_21_17_54_21_519,-4.03,-15.79,32.5,0.0,0.0,0,0.01,3.4375,2115,0.00999,3.39,1665.98411,232.33,1.6516333771451823,2.57451,4.9177,6,True,1
1356,4654,02_21_17_54_21_618,-3.09,-15.99,32.5,0.0,0.0,0,0.01,3.4375,2115,0.01,3.4,1651.53275,155.849,2.4323164457981203,2.57838,4.92028,6,True,1
1357,4655,02_21_17_54_21_745,-1.27,-16.23,32.49,0.0,0.0,0,0.01,3.4375,2115,0.00999,3.43,1623.92034,259.188,4.00702571491624,2.57709,4.91899,6,True,1
1358,4656,02_21_17_54_21_927,0.12,-16.29,32.5,-0.0,0.0,0,0.01,3.4375,2115,0.00999,3.44,1671.40337,317.976,4.326339595142758,2.58225,4.92415,6,True,1
1359,4657,02_21_17_54_22_092,2.04,-16.15,32.49,0.0,0.0,0,0.01,3.4375,2115,0.00999,3.4,1687.91921,307.301,4.406158204717574,2.58225,4.92028,6,True,1
1360,4658,02_21_17_54_22_231,2.99,-16.02,32.5,0.0,0.0,0,0.01,3.4375,2115,0.00999,3.41,1674.75815,418.932,4.715333053454443,2.58096,4.91899,6,True,1
1361,4659,02_21_17_54_22_299,3.93,-15.83,32.5,0.0,0.0,0,0.01,3.4375,2115,0.00999,3.34,1657.46813,382.392,4.793721837205409,2.57967,4.92157,6,True,1
1362,4660,02_21_17_54_22_635,6.57,-14.93,32.5,0.0,0.0,0,0.01,3.4375,2115,0.00999,3.42,1669.85501,423.8,4.866531581372919,2.58096,4.92673,6,True,1
1363,4661,02_21_17_54_22_699,7.82,-14.28,32.49,0.0,0.0,0,0.01,3.4375,2115,0.00999,3.42,1655.14559,423.074,4.794979775244104,2.57967,4.92931,6,True,1
1364,4662,02_21_17_54_22_755,8.65,-13.79,32.5,0.0,0.0,0,0.01,3.4375,2115,0.00999,3.43,1679.66129,358.002,4.793721837205409,2.58741,4.92802,6,True,1
1365,4663,02_21_17_54_22_953,9.44,-13.26,32.5,0.0,0.0,0,0.01,3.4375,2115,0.00999,3.41,1683.79025,505.822,4.869109747428167,2.58483,4.92028,6,True,1
1366,4664,02_21_17_54_23_045,10.88,-12.1,32.5,0.0,0.0,0,0.01,3.4375,2115,0.00999,3.37,1720.1767,633.264,4.950205087165581,2.57967,4.92028,6,True,1
1367,4665,02_21_17_54_23_167,11.54,-11.46,32.5,0.0,0.0,0,0.01,3.4375,2115,0.00999,3.4,1770.24034,571.683,4.945914415201703,2.58354,4.91899,6,True,1
1368,4666,02_21_17_54_23_241,12.2,-10.76,32.49,0.0,0.0,0,0.01,3.4375,2115,0.00999,3.44,1800.69141,582.838,8.509879057454341,2.55387,4.92802,6,True,1
1369,4667,02_21_17_54_23_467,13.65,-8.86,32.5,0.0,0.0,0,0.01,3.4375,2115,0.00999,3.42,1723.27342,421.379,4.558488237343604,2.58096,4.92157,6,True,1
1370,4668,02_21_17_54_23_918,15.29,-5.53,32.51,0.0,0.0,0,0.01,3.4375,2115,0.00999,3.41,1704.17699,270.085,4.481702555949022,2.57967,4.92544,6,True,1
1371,4669,02_21_17_54_23_975,15.6,-4.62,32.51,0.0,0.0,0,0.01,3.4375,2115,0.00999,3.41,1620.56556,157.068,3.924722068185211,2.57967,4.92415,6,True,1
1372,4670,02_21_17_54_24_051,15.93,-3.35,32.51,0.0,0.0,0,0.01,3.4375,2115,0.00999,3.41,1572.5664,40.894,3.1908145958359917,2.58354,4.92544,6,True,1
1373,4671,02_21_17_54_24_121,16.02,-2.9,32.51,0.0,0.0,0,0.01,3.4375,2115,0.00999,3.42,1566.11491,48.781,3.435586165780157,2.58612,4.92286,6,True,1
1374,4672,02_21_17_54_24_176,16.11,-2.46,32.51,0.0,0.0,0,0.01,3.4375,2115,0.00634,3.43,1556.56669,62.976,3.2714954745498277,2.5758,4.92931,6,True,1
1375,4673,02_21_17_54_24_264,16.2,-2.01,32.51,0.0,0.0,0,0.01,3.4375,2115,0.0,3.42,1547.79265,92.397,0.1785026120257067,2.57064,4.92028,6,True,1
1376,4721,02_21_17_54_31_670,16.64,-0.51,33.5,0.0,0.0,0,0.01,3.4375,0,0.0,0.0,779.8062,0.0,0.0,2.39258,4.91641,6,True,1
1377,4722,02_21_17_54_31_735,16.63,-0.47,33.5,0.0,0.0,0,0.01,3.4375,0,0.00438,0.0,1165.60584,134.418,0.0,2.36806,4.92286,6,True,1
1378,4723,02_21_17_54_31_850,16.58,0.1,33.52,0.0,0.0,0,0.01,3.4375,1857,0.01,1.85,1650.24245,278.406,0.0,2.34226,4.92028,6,True,1
1379,4724,02_21_17_54_31_945,16.57,1.05,33.5,0.0,0.0,0,0.01,3.4375,2102,0.00999,2.86,1699.01579,289.081,0.0,2.3629,4.92802,6,True,1
1380,4725,02_21_17_54_32_073,16.5,2.0,33.5,-0.0,0.0,0,0.01,3.4375,2104,0.00999,3.15,1718.8864,393.915,0.0,2.35516,4.92028,6,True,1
1381,4726,02_21_17_54_32_159,16.39,2.95,33.5,0.0,0.0,0,0.01,3.4375,2104,0.00999,2.87,1683.01607,411.926,1.7396879835188837,2.26097,4.92286,6,True,1
1382,4727,02_21_17_54_32_415,16.23,3.78,33.48,0.0,0.0,0,0.01,3.2812,2103,0.00999,3.16,1691.53205,375.178,2.436197465313516,2.13323,4.92931,6,True,1
1383,4728,02_21_17_54_32_486,15.4,6.27,33.5,0.0,0.0,0,0.01,3.125,2103,0.00999,3.17,1692.30623,265.455,2.261370549578286,2.14871,4.92028,6,True,1
1384,4729,02_21_17_54_32_574,15.01,7.19,33.5,0.0,0.0,0,0.01,3.125,2102,0.00999,2.87,1680.69353,314.966,4.947098420539054,2.24549,4.92544,6,True,1
1385,4730,02_21_17_54_32_688,14.58,8.04,33.49,0.0,0.0,0,0.01,3.4375,2102,0.00999,2.9,1675.01621,261.564,1.5658198212118788,2.21323,4.92544,6,True,1
1386,4731,02_21_17_54_32_834,13.99,8.99,33.51,0.0,0.0,0,0.01,3.3594,2103,0.00999,3.06,1669.33889,252.633,4.792529036166605,2.24807,4.92028,6,True,1
1387,4732,02_21_17_54_32_892,13.41,9.86,33.51,0.0,0.0,0,0.01,3.3594,2103,0.00999,3.06,1660.82291,248.884,4.6425399276689046,2.25968,4.92157,6,True,1
1388,4733,02_21_17_54_32_946,12.84,10.54,33.51,0.0,0.0,0,0.01,3.4375,2103,0.00999,3.18,1661.85515,218.357,4.872566643977279,2.26742,4.92673,6,True,1
1389,4734,02_21_17_54_33_175,12.26,11.23,33.51,0.0,0.0,0,0.01,3.4375,2104,0.00999,3.31,1658.24231,294.133,4.789502062062402,2.4558,4.92286,6,True,1
1390,4735,02_21_17_54_33_346,10.37,13.02,33.5,0.0,0.0,0,0.01,3.4375,2104,0.00999,3.27,1665.72605,302.846,4.638949194052464,2.42871,4.92802,6,True,1
1391,4736,02_21_17_54_33_429,9.67,13.54,33.5,0.0,0.0,0,0.01,3.4375,2104,0.00999,3.4,1663.14545,222.001,4.5582893968022695,2.34484,4.92544,6,True,1
1392,4737,02_21_17_54_33_496,8.91,14.04,33.5,0.0,0.0,0,0.01,3.4375,2103,0.01,3.37,1677.59681,373.07,4.560307990147157,2.46871,4.92415,6,True,1
1393,4738,02_21_17_54_33_558,8.12,14.48,33.5,0.0,0.0,0,0.01,3.4375,2103,0.01,3.37,1665.72605,259.259,4.478667885097085,2.3371,4.92286,6,True,1
1394,4739,02_21_17_54_33_702,7.34,14.92,33.5,-0.0,0.0,0,0.01,3.4375,2104,0.00999,3.37,1683.79025,277.003,4.487548230381486,2.37968,4.92028,6,True,1
1395,4740,02_21_17_54_34_033,4.5,16.0,33.5,0.0,0.0,0,0.01,3.4375,2104,0.00999,3.37,1677.85487,236.0,4.484105490786317,2.41193,4.92544,6,True,1
1396,4741,02_21_17_54_34_090,3.82,16.16,33.5,0.0,0.0,0,0.01,3.4375,2104,0.00999,3.38,1684.56443,273.041,4.486755779513746,2.4829,4.92286,6,True,1
1397,4742,02_21_17_54_34_142,3.14,16.31,33.51,0.0,0.0,0,0.01,3.4375,2104,0.00999,3.4,1684.04831,275.02,4.404876284301297,2.39903,4.91899,6,True,1
1398,4743,02_21_17_54_34_192,2.69,16.38,33.5,0.0,0.0,0,0.01,3.4375,2104,0.00999,3.38,1680.17741,272.97,4.326951952876296,2.47516,4.92673,6,True,1
1399,4744,02_21_17_54_34_270,2.24,16.46,33.5,0.0,0.0,0,0.01,3.4375,2104,0.00999,3.37,1670.11307,222.281,4.478099628469648,2.35774,4.92673,6,True,1
1400,4745,02_21_17_54_34_599,-0.55,16.6,33.5,0.0,0.0,0,0.01,3.4375,2106,0.00999,3.35,1684.82249,210.75,4.479041494002931,2.37064,4.92544,6,True,1
1401,4746,02_21_17_54_34_737,-2.46,16.45,33.5,-0.0,0.0,0,0.01,3.4375,2104,0.00999,3.44,1649.46827,258.195,4.635994896729287,2.43516,4.92415,6,True,1
1402,4747,02_21_17_54_34_865,-3.54,16.27,33.51,0.0,0.0,0,0.01,3.4375,2106,0.00999,3.42,1676.30651,237.219,4.709947751833347,2.4158,4.92544,6,True,1
1403,4748,02_21_17_54_35_229,-7.35,14.91,33.49,0.0,0.0,0,0.01,3.4375,2106,0.00999,3.41,1673.98397,223.4,4.479718580725803,2.49838,4.91899,6,True,1
1404,4749,02_21_17_54_35_395,-8.21,14.44,33.5,-0.0,0.0,0,0.01,3.4375,2107,0.00999,3.35,1652.56499,212.574,4.47563115660797,2.51387,4.92157,6,True,1
1405,4750,02_21_17_54_35_766,-11.56,11.93,33.5,0.0,0.0,0,0.01,3.4375,2107,0.00999,3.39,1694.88683,233.161,2.772464068748232,2.51516,4.92931,6,True,1
1406,4751,02_21_17_54_35_827,-11.9,11.59,33.5,0.0,0.0,0,0.01,3.4375,2107,0.00999,3.41,1684.30637,239.006,1.3980453649649571,2.54613,4.92157,6,True,1
1407,4752,02_21_17_54_35_888,-12.23,11.25,33.51,0.0,0.0,0,0.01,3.4375,2107,0.00999,3.44,1680.43547,258.374,4.637919538165792,2.54225,4.92028,6,True,1
1408,4753,02_21_17_54_36_301,-14.67,7.78,33.5,0.0,0.0,0,0.01,3.4375,2107,0.00999,3.39,1690.75787,228.94,1.4808013455558446,2.50484,4.92286,6,True,1
1409,4754,02_21_17_54_36_426,-15.46,6.09,33.51,0.0,0.0,0,0.01,3.4375,2107,0.00999,3.34,1679.91935,221.692,4.560736061755821,2.47645,4.92544,6,True,1
1410,4755,02_21_17_54_36_874,-16.42,2.47,33.49,-0.0,0.0,0,0.01,3.4375,2107,0.00999,3.41,1668.04859,289.206,1.1410512543264657,2.48677,4.92802,6,True,1
1411,4756,02_21_17_54_36_937,-16.58,0.96,33.49,0.0,0.0,0,0.01,3.4375,2107,0.00999,3.41,1661.33903,298.371,0.8758349987297835,2.54871,4.92286,6,True,1
1412,4757,02_21_17_54_37_156,-16.6,-0.96,33.5,0.0,0.0,0,0.01,3.4375,2107,0.00999,3.42,1651.27469,266.119,1.658794279740559,2.46355,4.92802,6,True,1
1413,4758,02_21_17_54_37_242,-16.53,-1.84,33.5,0.0,0.0,0,0.01,3.4375,2107,0.00999,3.4,1655.40365,238.033,0.2600592720900371,2.44548,4.92157,6,True,1
1414,4759,02_21_17_54_37_501,-16.26,-3.65,33.52,0.0,0.0,0,0.01,3.4375,2107,0.00999,3.35,1678.11293,284.142,2.9364707498968894,2.42097,4.92286,6,True,1
1415,4760,02_21_17_54_37_581,-15.99,-4.61,33.51,0.0,0.0,0,0.01,3.4375,2107,0.00999,3.34,1687.14503,236.142,2.598473849204567,2.48161,4.92415,6,True,1
1416,4761,02_21_17_54_37_675,-15.7,-5.53,33.51,0.0,0.0,0,0.01,3.4375,2107,0.00999,3.31,1710.37042,266.077,1.5759173360300345,2.44161,4.93318,6,True,1
1417,4762,02_21_17_54_37_813,-15.18,-6.79,33.49,0.0,0.0,0,0.01,3.4375,2107,0.00999,3.4,1707.01565,206.496,0.964596683852894,2.44935,4.92544,6,True,1
1418,4763,02_21_17_54_37_858,-14.82,-7.55,33.49,-0.0,0.0,0,0.01,3.4375,2107,0.00999,3.4,1700.04803,201.548,1.0522325313351608,2.52806,4.92286,6,True,1
1419,4764,02_21_17_54_37_965,-14.38,-8.35,33.5,0.0,0.0,0,0.01,3.4375,2107,0.00999,3.42,1690.49981,191.587,0.0,2.50484,4.92157,6,True,1
1420,4765,02_21_17_54_38_061,-13.87,-9.16,33.49,0.0,0.0,0,0.01,3.4375,2107,0.00999,3.4,1695.40295,220.469,1.0526300252225376,2.47,4.92286,6,True,1
1421,4766,02_21_17_54_38_112,-12.84,-10.44,33.5,0.0,0.0,0,0.01,3.4375,2107,0.00999,3.4,1702.62863,136.468,4.243804841177313,2.50742,4.92415,6,True,1
1422,4767,02_21_17_54_38_338,-11.82,-11.71,33.5,-0.0,0.0,0,0.01,3.4375,2107,0.00999,3.4,1687.91921,252.045,4.325565966726204,2.48161,4.92028,6,True,1
1423,4768,02_21_17_54_38_534,-11.14,-12.34,33.49,0.0,0.0,0,0.01,3.4375,2107,0.00999,3.41,1685.33861,217.705,4.3218167441482285,2.55,4.91899,6,True,1
1424,4769,02_21_17_54_38_943,-6.86,-15.15,33.51,0.0,0.0,0,0.01,3.4375,2107,0.00998,3.41,1691.53205,199.69,1.9181205912298631,2.55516,4.92673,6,True,1
1425,4770,02_21_17_54_39_035,-5.96,-15.48,33.5,0.0,0.0,0,0.01,3.4375,2106,0.00998,3.4,1678.37099,172.866,1.75161029127486,2.57322,4.92415,6,True,1
1426,4771,02_21_17_54_39_155,-5.06,-15.82,33.5,-0.0,0.0,0,0.01,3.4375,2107,0.00999,3.4,1678.62905,176.235,1.655996790455827,2.58483,4.92544,6,True,1
1427,4772,02_21_17_54_39_290,-4.15,-16.09,33.5,0.0,0.0,0,0.01,3.4375,2106,0.00999,3.38,1690.24175,195.565,1.915501647741395,2.56677,4.92028,6,True,1
1428,4773,02_21_17_54_39_348,-3.29,-16.29,33.49,-0.0,0.0,0,0.01,3.4375,2106,0.00999,3.38,1647.91991,187.24,2.93517643634927,2.58483,4.92028,6,True,1
1429,4774,02_21_17_54_39_534,-2.38,-16.45,33.5,-0.0,0.0,0,0.01,3.4375,2107,0.00999,3.44,1623.14616,333.645,4.244273048768187,2.58096,4.92028,6,True,1
1430,4775,02_21_17_54_39_690,-0.12,-16.62,33.5,0.0,0.0,0,0.01,3.4375,2106,0.00999,3.43,1611.2754,258.52,4.321719946965559,2.5758,4.92028,6,True,1
1431,4776,02_21_17_54_39_871,1.79,-16.51,33.5,0.0,0.0,0,0.01,3.4375,2106,0.00999,3.41,1600.953,240.693,4.478317598440289,2.57838,4.92544,6,True,1
1432,4777,02_21_17_54_40_246,5.8,-15.61,33.49,-0.0,0.0,0,0.01,3.4375,2106,0.00999,3.44,1704.17699,440.788,4.635453447344715,2.57967,4.92157,6,True,1
1433,4778,02_21_17_54_40_327,6.22,-15.42,33.5,0.0,0.0,0,0.01,3.4375,2106,0.00999,3.43,1714.75744,417.245,4.7179495090558135,2.57838,4.92544,6,True,1
1434,4779,02_21_17_54_40_408,6.64,-15.24,33.5,0.0,0.0,0,0.01,3.4375,2106,0.00999,3.42,1705.72535,407.405,4.6433508385647535,2.57967,4.92415,6,True,1
1435,4780,02_21_17_54_40_476,7.39,-14.88,33.5,0.0,0.0,0,0.01,3.4375,2106,0.00999,3.42,1699.78997,485.11,4.640572129059088,2.58096,4.92286,6,True,1
1436,4781,02_21_17_54_40_534,8.22,-14.41,33.5,0.0,0.0,0,0.01,3.4375,2106,0.00999,3.41,1723.27342,473.804,4.643958928812786,2.58096,4.92286,6,True,1
1437,4782,02_21_17_54_40_651,9.04,-13.94,33.5,0.0,0.0,0,0.01,3.4375,2104,0.00999,3.4,1691.01593,601.112,4.950205087165581,2.57709,4.92673,6,True,1
1438,4783,02_21_17_54_40_739,9.45,-13.66,33.5,0.0,0.0,0,0.01,3.4375,2104,0.00999,3.4,1682.49995,423.249,5.019600260229892,2.5758,4.92286,6,True,1
1439,4784,02_21_17_54_40_799,9.86,-13.37,33.5,0.0,0.0,0,0.01,3.4375,2106,0.00999,3.4,1697.98355,442.233,5.022023489092818,2.57709,4.92286,6,True,1
1440,4785,02_21_17_54_41_344,13.54,-9.61,33.49,0.0,0.0,0,0.01,3.4375,2106,0.00999,3.43,1755.53092,715.812,5.175363410669824,2.58483,4.91899,6,True,1
1441,4786,02_21_17_54_41_420,14.07,-8.81,33.49,0.0,0.0,0,0.01,3.4375,2106,0.00999,3.39,1762.49854,437.077,4.796397286766391,2.58354,4.92415,6,True,1
1442,4787,02_21_17_54_41_476,14.56,-7.99,33.5,0.0,0.0,0,0.01,3.4375,2104,0.00999,3.39,1780.30467,1066.424,5.099656115857225,2.58225,4.92286,6,True,1
1443,4788,02_21_17_54_41_552,14.85,-7.4,33.5,0.0,0.0,0,0.01,3.4375,2104,0.00999,3.4,1781.85303,742.461,4.79336548262283,2.58354,4.92415,6,True,1
1444,4789,02_21_17_54_41_655,15.14,-6.81,33.51,-0.0,0.0,0,0.01,3.4375,2106,0.00999,3.41,1753.46644,384.63,4.635024755057949,2.5758,4.92415,6,True,1
1445,4790,02_21_17_54_41_820,15.77,-5.16,33.5,-0.0,0.0,0,0.01,3.4375,2104,0.00999,3.45,1634.75886,221.747,4.087391100078387,2.57838,4.92544,6,True,1
1446,4791,02_21_17_54_41_940,16.04,-4.29,33.5,0.0,0.0,0,0.01,3.4375,2104,0.00999,3.42,1585.98552,40.097,3.924722068185211,2.58096,4.92286,6,True,1
1447,4792,02_21_17_54_42_130,16.49,-2.21,33.51,0.0,0.0,0,0.01,3.4375,2104,0.00458,3.42,1542.37339,88.873,3.2676677099270663,2.57967,4.92415,6,True,1
1448,4864,02_21_17_54_49_421,16.96,-0.57,34.5,-0.0,0.0,0,0.01,3.4375,0,0.00165,0.0,881.73988,38.69,0.0,2.42484,4.92157,6,True,1
1449,4865,02_21_17_54_49_513,16.94,0.22,34.5,0.0,0.0,0,0.01,3.4375,1707,0.00165,1.69,1571.01805,149.991,0.0,2.47258,4.92802,6,True,1
1450,4866,02_21_17_54_49_687,16.92,1.01,34.5,0.0,0.0,0,0.01,3.4375,2094,0.00999,3.38,1707.27371,275.604,0.0,2.26355,4.92157,6,True,1
1451,4867,02_21_17_54_49_738,16.84,1.93,34.5,0.0,0.0,0,0.01,3.4375,2094,0.00999,3.37,1712.69296,323.876,0.0,2.26742,4.92673,6,True,1
1452,4868,02_21_17_54_49_980,16.57,3.83,34.48,0.0,0.0,0,0.01,3.3594,2096,0.00999,3.04,1690.24175,362.252,2.261370549578286,2.31516,4.92028,6,True,1
1453,4869,02_21_17_54_50_180,16.05,5.55,34.49,-0.0,0.0,0,0.01,3.4375,2095,0.00999,2.71,1677.33875,339.106,2.168943641499244,2.24549,4.92802,6,True,1
1454,4870,02_21_17_54_50_290,15.51,6.89,34.49,0.0,0.0,0,0.01,3.4375,2095,0.00999,2.4,1667.53247,271.258,3.271516786599146,2.42355,4.92157,6,True,1
1455,4871,02_21_17_54_50_584,14.19,9.3,34.51,0.0,0.0,0,0.01,3.125,2094,0.00999,3.05,1683.53219,417.446,4.867942580289952,2.39,4.92286,6,True,1
1456,4872,02_21_17_54_50_658,13.69,10.02,34.5,0.0,0.0,0,0.01,3.4375,2094,0.00999,3.27,1679.91935,333.553,4.946478262612704,2.32935,4.92028,6,True,1
1457,4873,02_21_17_54_50_838,12.42,11.56,34.5,-0.0,0.0,0,0.01,3.4375,2095,0.00999,3.41,1672.69367,255.431,5.105190273143597,2.33968,4.92286,6,True,1
1458,4874,02_21_17_54_51_003,11.42,12.54,34.51,0.0,0.0,0,0.01,3.4375,2096,0.01,3.38,1673.46785,248.943,4.792885452939596,2.40548,4.92415,6,True,1
1459,4875,02_21_17_54_51_052,10.73,13.15,34.5,0.0,0.0,0,0.01,3.4375,2096,0.00999,3.38,1661.33903,235.562,4.642397252767152,2.38613,4.93318,6,True,1
1460,4876,02_21_17_54_51_108,8.1,14.6,34.5,0.0,0.0,0,0.01,3.4375,2096,0.00999,3.39,1686.37085,299.389,4.715939254273744,2.47903,4.92157,6,True,1
1461,4877,02_21_17_54_51_732,5.48,16.05,34.5,0.0,0.0,0,0.01,3.4375,2095,0.00999,3.4,1667.79053,269.342,4.399190189682642,2.3771,4.92157,6,True,1
1462,4878,02_21_17_54_51_814,4.65,16.31,34.49,0.0,0.0,0,0.01,3.4375,2095,0.00999,3.39,1667.27441,233.804,4.33068867993302,2.39516,4.92544,6,True,1
1463,4879,02_21_17_54_51_987,2.42,16.79,34.5,0.0,0.0,0,0.01,3.4375,2095,0.00999,3.34,1682.24189,228.185,4.089156216446127,2.39,4.92286,6,True,1
1464,4880,02_21_17_54_52_135,1.48,16.88,34.49,0.0,0.0,0,0.01,3.4375,2096,0.00999,3.41,1679.91935,263.0,4.476885030073924,2.49709,4.92157,6,True,1
1465,4881,02_21_17_54_52_202,0.51,16.94,34.5,0.0,0.0,0,0.01,3.4375,2096,0.00999,3.4,1685.33861,214.612,4.714793321292038,2.47387,4.92673,6,True,1
1466,4882,02_21_17_54_52_292,-0.49,16.94,34.51,0.0,0.0,0,0.01,3.4375,2096,0.00999,3.4,1650.50051,242.785,4.633971658307806,2.4558,4.9177,6,True,1
1467,4883,02_21_17_54_52_640,-3.32,16.65,34.51,0.0,0.0,0,0.01,3.4375,2096,0.00999,3.43,1653.59723,183.191,4.636243039897714,2.46742,4.92286,6,True,1
1468,4884,02_21_17_54_52_795,-5.52,16.05,34.51,0.0,0.0,0,0.01,3.4375,2096,0.00999,3.38,1680.95159,210.274,4.56004806992207,2.48677,4.92286,6,True,1
1469,4885,02_21_17_54_52_846,-7.58,14.98,34.5,0.0,0.0,0,0.01,3.4375,2096,0.00999,3.35,1666.24217,244.242,4.561859558612036,2.58483,4.92931,6,True,1
1470,4886,02_21_17_54_53_336,-9.65,13.92,34.49,0.0,0.0,0,0.01,3.4375,2096,0.00999,3.32,1693.59653,230.297,4.321889340612505,2.30613,4.92544,6,True,1
1471,4887,02_21_17_54_53_538,-11.17,12.73,34.5,0.0,0.0,0,0.01,3.4375,2096,0.00999,3.41,1689.20951,225.559,4.712189909426401,2.50096,4.92544,6,True,1
1472,4888,02_21_17_54_53_587,-12.21,11.73,34.51,0.0,0.0,0,0.01,3.4375,2096,0.00999,3.31,1671.66143,240.893,4.709614667093264,2.47129,4.92157,6,True,1
1473,4889,02_21_17_54_53_880,-14.01,9.5,34.5,0.0,0.0,0,0.01,3.4375,2096,0.00999,3.38,1653.08111,271.659,2.435510502954155,2.43516,4.92286,6,True,1
1474,4890,02_21_17_54_53_975,-14.53,8.69,34.5,0.0,0.0,0,0.01,3.4375,2096,0.00999,3.41,1680.17741,267.492,2.603982006946284,2.43903,4.92415,6,True,1
1475,4891,02_21_17_54_54_229,-15.37,7.09,34.5,0.0,0.0,0,0.01,3.4375,2096,0.00999,3.42,1676.04845,203.548,0.9675917165829812,2.54096,4.92415,6,True,1
1476,4892,02_21_17_54_54_302,-15.76,6.22,34.5,0.0,0.0,0,0.01,3.4375,2096,0.00999,3.38,1676.56457,235.19,1.919156269041164,2.46355,4.91899,6,True,1
1477,4893,02_21_17_54_54_626,-16.67,3.0,34.49,0.0,0.0,0,0.01,3.4375,2096,0.00999,3.41,1685.85473,245.903,0.6137107991554328,2.52548,4.92544,6,True,1
1478,4894,02_21_17_54_54_703,-16.82,2.05,34.5,0.0,0.0,0,0.01,3.4375,2096,0.00999,3.42,1638.3717,277.759,4.479601848937024,2.49838,4.92157,6,True,1
1479,4895,02_21_17_54_54_777,-16.92,1.1,34.5,0.0,0.0,0,0.01,3.4375,2096,0.00999,3.42,1654.11335,271.78,0.3507993906779201,2.4558,4.92286,6,True,1
1480,4896,02_21_17_54_54_838,-16.94,0.62,34.5,0.0,0.0,0,0.01,3.4375,2096,0.00999,3.32,1639.14588,228.218,0.3496048376381539,2.48677,4.92286,6,True,1
1481,4897,02_21_17_54_54_928,-16.95,0.14,34.5,0.0,0.0,0,0.01,3.4375,2096,0.00999,3.22,1660.30679,259.426,0.1831297968655019,2.47258,4.92544,6,True,1
1482,4898,02_21_17_54_55_043,-16.93,-0.82,34.5,0.0,0.0,0,0.01,3.4375,2096,0.00999,3.41,1659.79067,242.563,0.0,2.51387,4.92673,6,True,1
1483,4899,02_21_17_54_55_196,-16.71,-3.09,34.51,0.0,0.0,0,0.01,3.4375,2096,0.00999,3.36,1675.01621,156.788,1.0480497435713632,2.51129,4.92028,6,True,1
1484,4900,02_21_17_54_55_714,-15.33,-7.26,34.49,0.0,0.0,0,0.01,3.4375,2096,0.00999,3.41,1691.27399,244.622,0.0,2.47903,4.92544,6,True,1
1485,4901,02_21_17_54_55_769,-14.9,-8.11,34.49,-0.0,0.0,0,0.01,3.4375,2096,0.00999,3.36,1689.72563,155.874,0.0,2.53451,4.92673,6,True,1
1486,4902,02_21_17_54_55_833,-14.44,-8.9,34.49,0.0,0.0,0,0.01,3.4375,2096,0.00999,3.36,1693.85459,157.999,0.0,2.50613,4.92157,6,True,1
1487,4903,02_21_17_54_55_875,-14.17,-9.3,34.49,0.0,0.0,0,0.01,3.4375,2096,0.00999,3.37,1686.37085,222.306,4.402762675014405,2.45709,4.92157,6,True,1
1488,4904,02_21_17_54_55_943,-13.9,-9.7,34.49,-0.0,0.0,0,0.01,3.4375,2096,0.00999,3.39,1680.17741,207.823,4.083090234736431,2.47387,4.92157,6,True,1
1489,4905,02_21_17_54_56_151,-12.44,-11.54,34.5,0.0,0.0,0,0.01,3.4375,2096,0.00999,3.43,1706.75759,264.862,2.7652623279717967,2.52548,4.92673,6,True,1
1490,4906,02_21_17_54_56_214,-12.09,-11.9,34.5,0.0,0.0,0,0.01,3.4375,2096,0.00999,3.43,1701.59639,178.911,0.8741616555306003,2.55903,4.92157,6,True,1
1491,4907,02_21_17_54_56_307,-11.74,-12.25,34.49,-0.0,0.0,0,0.01,3.4375,2096,0.01,3.43,1692.82235,253.936,1.7483233110612006,2.55387,4.92415,6,True,1
1492,4908,02_21_17_54_56_356,-11.05,-12.87,34.49,-0.0,0.0,0,0.01,3.4375,2096,0.00999,3.43,1689.72563,211.823,4.246046840591846,2.55903,4.92415,6,True,1
1493,4909,02_21_17_54_56_403,-10.7,-13.16,34.5,0.0,0.0,0,0.01,3.4375,2096,0.00999,3.43,1695.91907,214.962,1.654269665139272,2.51129,4.92802,6,True,1
1494,4910,02_21_17_54_56_463,-10.35,-13.45,34.5,0.0,0.0,0,0.01,3.4375,2096,0.00999,3.44,1671.14531,132.798,1.659277577742796,2.55516,4.92415,6,True,1
1495,4911,02_21_17_54_56_497,-9.99,-13.7,34.5,0.0,0.0,0,0.01,3.4375,2096,0.00999,3.42,1686.11279,181.203,1.3948499426461614,2.57322,4.92157,6,True,1
1496,4912,02_21_17_54_56_603,-9.63,-13.95,34.5,0.0,0.0,0,0.01,3.4375,2096,0.00999,3.41,1700.04803,221.221,2.0025556253198062,2.53838,4.92415,6,True,1
1497,4913,02_21_17_54_56_896,-7.03,-15.43,34.5,0.0,0.0,0,0.01,3.4375,2096,0.00999,3.42,1685.59667,169.083,1.9234927768255328,2.57064,4.92415,6,True,1
1498,4914,02_21_17_54_56_954,-5.69,-15.97,34.49,0.0,0.0,0,0.01,3.4375,2096,0.00999,3.42,1688.43533,186.33,2.596970817125213,2.56548,4.92544,6,True,1
1499,4915,02_21_17_54_57_006,-5.3,-16.1,34.49,0.0,0.0,0,0.01,3.4375,2096,0.00999,3.42,1703.40281,181.846,2.174145029661085,2.56935,4.91899,6,True,1
1500,4916,02_21_17_54_57_067,-4.9,-16.23,34.49,0.0,0.0,0,0.01,3.4375,2096,0.01,3.43,1696.17713,156.684,2.6887129658072464,2.56677,4.92415,6,True,1
1501,4917,02_21_17_54_57_126,-4.44,-16.36,34.5,0.0,0.0,0,0.01,3.4375,2096,0.01,3.44,1692.56429,206.412,2.767492841002484,2.57709,4.92544,6,True,1
1502,4918,02_21_17_54_57_179,-3.98,-16.48,34.5,0.0,0.0,0,0.01,3.4375,2098,0.00999,3.45,1691.01593,220.173,3.182533244523928,2.58225,4.92157,6,True,1
1503,4919,02_21_17_54_57_858,2.84,-16.71,34.5,0.0,0.0,0,0.01,3.4375,2096,0.00999,3.45,1686.88697,218.119,4.400481688690455,2.56032,4.92415,6,True,1
1504,4920,02_21_17_54_57_957,4.22,-16.45,34.5,0.0,0.0,0,0.01,3.4375,2096,0.00999,3.42,1686.88697,223.726,4.4000776407922615,2.56032,4.92415,6,True,1
1505,4921,02_21_17_54_58_266,6.74,-15.56,34.5,-0.0,0.0,0,0.01,3.4375,2098,0.00999,3.38,1686.88697,381.161,4.6433508385647535,2.56032,4.92415,6,True,1
1506,4922,02_21_17_54_58_426,7.57,-15.16,34.51,-0.0,0.0,0,0.01,3.4375,2096,0.00999,3.41,1686.88697,352.274,4.635754260365836,2.56032,4.92415,6,True,1
1507,4923,02_21_17_54_58_494,8.84,-14.46,34.5,0.0,0.0,0,0.01,3.4375,2098,0.00999,3.44,1686.88697,483.703,4.793721837205409,2.56032,4.92415,6,True,1
1508,4924,02_21_17_54_58_686,10.35,-13.41,34.49,0.0,0.0,0,0.01,3.4375,2096,0.00999,3.43,1686.88697,468.381,4.714793321292038,2.56032,4.92415,6,True,1
1509,4925,02_21_17_54_58_762,11.06,-12.82,34.5,0.0,0.0,0,0.01,3.4375,2096,0.00999,3.44,1686.88697,521.462,4.478403226597623,2.56032,4.92415,6,True,1
1510,4926,02_21_17_54_58_868,11.77,-12.18,34.5,0.0,0.0,0,0.01,3.4375,2098,0.00999,3.42,1686.88697,394.107,4.79476165935284,2.56032,4.92415,6,True,1
1511,4927,02_21_17_54_58_937,12.11,-11.84,34.5,0.0,0.0,0,0.01,3.4375,2098,0.00999,3.4,1686.88697,475.169,4.945914415201703,2.56032,4.92415,6,True,1
1512,4928,02_21_17_54_59_002,12.45,-11.49,34.49,-0.0,0.0,0,0.01,3.4375,2096,0.00999,3.39,1686.88697,970.191,4.948704831822161,2.56032,4.92415,6,True,1
1513,4929,02_21_17_54_59_089,13.08,-10.77,34.49,-0.0,0.0,0,0.01,3.4375,2096,0.00999,3.4,1686.88697,1164.771,4.864675888998156,2.56032,4.92415,6,True,1
1514,4930,02_21_17_54_59_193,13.87,-9.72,34.5,0.0,0.0,0,0.01,3.4375,2096,0.00999,3.41,1686.88697,779.936,5.023619820408388,2.56032,4.92415,6,True,1
1515,4931,02_21_17_54_59_242,14.11,-9.36,34.5,0.0,0.0,0,0.01,3.4375,2096,0.00999,3.43,1686.88697,732.153,4.94859211821908,2.56032,4.92415,6,True,1
1516,4932,02_21_17_54_59_310,14.36,-8.99,34.49,0.0,0.0,0,0.01,3.4375,2096,0.00999,3.45,1686.88697,759.278,4.942212570296831,2.56032,4.92415,6,True,1
1517,4933,02_21_17_54_59_565,15.77,-6.13,34.51,0.0,0.0,0,0.01,3.4375,2096,0.00999,3.44,1686.88697,746.874,9.975999788116477,2.56032,4.92415,6,True,1
1518,4934,02_21_17_54_59_887,16.1,-5.22,34.5,-0.0,0.0,0,0.01,3.4375,2096,0.00999,3.38,1686.88697,89.312,1.918720262310272,2.56032,4.92415,6,True,1
1519,4935,02_21_17_54_59_966,16.81,-2.38,34.5,0.0,0.0,0,0.01,3.4375,2096,0.00559,3.42,1686.88697,81.726,3.5997798102800678,2.56032,4.92415,6,True,1
1520,4936,02_21_17_55_00_013,17.05,-1.5,35.0,0.0,0.0,0,0.01,3.4375,2096,0.00559,1.71,1686.88697,107.085,3.840055970946257,2.56032,4.92415,6,True,1
1521,4986,02_21_17_55_07_527,17.28,-0.61,35.5,0.0,0.0,0,0.01,3.4375,412,0.00165,0.0,984.70581,55.335,0.0,2.50613,4.92157,6,True,1
1522,4987,02_21_17_55_07_584,17.27,-0.38,35.5,0.0,0.0,0,0.01,3.4375,2080,0.00165,1.13,1344.18334,93.199,0.0,2.38613,4.92415,6,True,1
1523,4988,02_21_17_55_07_623,17.27,-0.14,35.5,0.0,0.0,0,0.01,3.4375,2080,0.00165,2.27,1512.95455,156.521,0.0,2.53451,4.92286,6,True,1
1524,4989,02_21_17_55_07_735,17.26,0.09,35.5,-0.0,0.0,0,0.01,3.4375,2080,0.00999,3.4,1691.53205,232.184,0.0,2.38484,4.92544,6,True,1
1525,4990,02_21_17_55_07_955,17.05,3.08,35.49,0.0,0.0,0,0.01,3.4375,2083,0.00999,3.2,1692.04817,278.982,0.0,2.32677,4.92544,6,True,1
1526,4991,02_21_17_55_08_200,16.62,4.83,35.5,0.0,0.0,0,0.01,3.2031,2083,0.00999,2.99,1685.33861,241.703,3.4372194612797125,2.2429,4.91899,6,True,1
1527,4992,02_21_17_55_08_288,16.33,5.7,35.5,0.0,0.0,0,0.01,3.125,2083,0.00999,2.95,1685.33861,317.876,2.6040221696444905,2.28161,4.92286,6,True,1
1528,4993,02_21_17_55_08_447,15.4,7.86,35.5,0.0,0.0,0,0.01,3.125,2083,0.00999,2.82,1686.88697,335.023,1.829183712069403,2.31129,4.91899,6,True,1
1529,4994,02_21_17_55_08_512,15.18,8.26,35.5,0.0,0.0,0,0.01,3.3594,2083,0.00999,2.8,1670.88725,266.085,4.6356640185091065,2.31645,4.92544,6,True,1
1530,4995,02_21_17_55_08_574,14.95,8.66,35.49,0.0,0.0,0,0.01,3.2812,2083,0.01,2.77,1646.37155,270.882,4.319864248445777,2.29323,4.92286,6,True,1
1531,4996,02_21_17_55_08_709,14.43,9.51,35.5,0.0,0.0,0,0.01,3.3594,2083,0.00999,2.92,1670.62919,274.051,4.873174746764167,2.35129,4.9177,6,True,1
1532,4997,02_21_17_55_08_786,13.9,10.27,35.51,0.0,0.0,0,0.01,3.4375,2082,0.00999,2.92,1672.69367,252.35,4.867197738432249,2.34742,4.92415,6,True,1
1533,4998,02_21_17_55_08_908,13.3,11.06,35.51,0.0,0.0,0,0.01,3.4375,2083,0.00999,2.73,1671.40337,261.948,4.867885288808683,2.40032,4.92931,6,True,1
1534,4999,02_21_17_55_08_968,12.62,11.84,35.51,0.0,0.0,0,0.01,3.4375,2083,0.00999,3.06,1658.50037,217.497,4.716390158002198,2.34871,4.92286,6,True,1
1535,5000,02_21_17_55_11_088,-6.66,15.96,35.5,0.0,0.0,0,0.01,3.4375,2084,0.00999,3.37,1675.27427,211.468,4.40045,2.51258,4.92028,6,True,1
1536,5001,02_21_17_55_11_387,-9.51,14.41,35.5,0.0,0.0,0,0.01,3.4375,2084,0.00999,3.34,1672.69367,187.583,4.240624591083252,2.44677,4.92028,6,True,1
1537,5002,02_21_17_55_11_889,-13.23,11.1,35.5,0.0,0.0,0,0.01,3.4375,2086,0.00999,3.36,1683.27413,239.415,4.403182311124534,2.38613,4.92415,6,True,1
1538,5003,02_21_17_55_12_082,-14.4,9.53,35.51,-0.0,0.0,0,0.01,3.4375,2086,0.00999,3.35,1674.24203,202.796,2.684041227794387,2.50613,4.91899,6,True,1
1539,5004,02_21_17_55_12_133,-14.66,9.12,35.5,0.0,0.0,0,0.01,3.4375,2086,0.00999,3.27,1676.30651,271.784,2.4267634175996635,2.47129,4.92157,6,True,1
1540,5005,02_21_17_55_12_215,-14.91,8.71,35.5,-0.0,0.0,0,0.01,3.4375,2086,0.00999,3.19,1671.40337,233.466,2.090170292105406,2.49967,4.92028,6,True,1
1541,5006,02_21_17_55_12_287,-15.37,7.87,35.5,0.0,0.0,0,0.01,3.4375,2086,0.00999,3.33,1691.27399,266.753,2.2592884333347083,2.4829,4.92157,6,True,1
1542,5007,02_21_17_55_12_363,-15.78,7.0,35.5,0.0,0.0,0,0.01,3.4375,2086,0.00999,3.37,1661.85515,273.947,4.410349538301925,2.42742,4.92931,6,True,1
1543,5008,02_21_17_55_12_586,-16.45,5.22,35.49,0.0,0.0,0,0.01,3.4375,2086,0.00999,3.4,1697.72549,267.133,2.005547631570988,2.43,4.92415,6,True,1
1544,5009,02_21_17_55_12_629,-16.74,4.12,35.5,0.0,0.0,0,0.01,3.4375,2086,0.00999,3.39,1719.40252,224.636,1.1341869885517113,2.47645,4.92415,6,True,1
1545,5010,02_21_17_55_12_813,-17.02,3.01,35.5,-0.0,0.0,0,0.01,3.4375,2086,0.00999,3.37,1651.79081,305.694,4.942438285907068,2.51387,4.92286,6,True,1
1546,5011,02_21_17_55_12_890,-17.17,2.1,35.5,0.0,0.0,0,0.01,3.4375,2086,0.00999,3.37,1659.79067,233.758,1.308714335712725,2.43129,4.93318,6,True,1
1547,5012,02_21_17_55_13_061,-17.27,0.31,35.49,-0.0,0.0,0,0.01,3.4375,2086,0.00999,3.39,1654.88753,238.033,1.0510391477009788,2.37193,4.92415,6,True,1
1548,5013,02_21_17_55_13_138,-17.26,-0.38,35.5,0.0,0.0,0,0.01,3.4375,2086,0.00999,3.4,1647.91991,248.947,4.48433094284978,2.45838,4.92157,6,True,1
1549,5014,02_21_17_55_13_193,-17.25,-1.06,35.5,0.0,0.0,0,0.01,3.4375,2086,0.00999,3.41,1639.14588,242.839,4.489055054797167,2.42226,4.92028,6,True,1
1550,5015,02_21_17_55_13_254,-17.22,-1.52,35.5,0.0,0.0,0,0.01,3.4375,2086,0.00999,3.34,1642.75871,306.483,2.00573882896054,2.47129,4.92157,6,True,1
1551,5016,02_21_17_55_13_298,-17.18,-1.98,35.5,0.0,0.0,0,0.01,3.4375,2086,0.00999,3.26,1658.75843,227.183,0.0,2.51903,4.93834,6,True,1
1552,5017,02_21_17_55_13_389,-17.07,-2.96,35.5,0.0,0.0,0,0.01,3.4375,2086,0.00999,3.23,1654.37141,264.946,0.6096071890980289,2.41451,4.92157,6,True,1
1553,5018,02_21_17_55_14_452,-12.61,-11.84,35.49,0.0,0.0,0,0.01,3.4375,2086,0.00999,3.38,1682.49995,221.296,0.0,2.56935,4.92415,6,True,1
1554,5019,02_21_17_55_14_545,-12.0,-12.46,35.49,0.0,0.0,0,0.01,3.4375,2086,0.00999,3.4,1689.20951,233.282,4.320340351465379,2.57451,4.92673,6,True,1
1555,5020,02_21_17_55_14_760,-11.31,-13.08,35.49,-0.0,0.0,0,0.01,3.4375,2086,0.00999,3.45,1687.66115,203.736,1.8303268567389812,2.57967,4.92286,6,True,1
1556,5021,02_21_17_55_14_833,-9.94,-14.04,35.49,0.0,0.0,0,0.01,3.4375,2086,0.00999,3.45,1699.53191,216.219,1.0515697076276018,2.56935,4.92286,6,True,1
1557,5022,02_21_17_55_14_960,-8.58,-15.01,35.49,0.0,0.0,0,0.01,3.4375,2086,0.00999,3.44,1700.82221,205.189,1.4893928494524202,2.57838,4.92673,6,True,1
1558,5023,02_21_17_55_15_005,-7.59,-15.54,35.5,0.0,0.0,0,0.01,3.4375,2086,0.00999,3.44,1697.46743,215.255,2.260676723903708,2.56161,4.92415,6,True,1
1559,5024,02_21_17_55_15_106,-6.65,-15.97,35.5,0.0,0.0,0,0.01,3.4375,2086,0.00999,3.43,1685.85473,158.713,2.179222026894001,2.57967,4.91899,6,True,1
1560,5025,02_21_17_55_15_206,-5.82,-16.27,35.49,0.0,0.0,0,0.01,3.4375,2084,0.00999,3.39,1702.11251,184.598,1.9159565822324889,2.58483,4.92415,6,True,1
1561,5026,02_21_17_55_17_220,12.29,-12.13,35.5,0.0,0.0,0,0.01,3.5156,2086,0.00999,3.51,1729.98298,406.561,4.63500219120768,2.57709,4.92415,6,True,1
1562,5027,02_21_17_55_17_342,12.86,-11.51,35.49,0.0,0.0,0,0.01,3.5156,2086,0.00999,3.49,1681.20965,446.249,4.635874580108914,2.58871,4.92157,6,True,1
1563,5028,02_21_17_55_17_421,13.48,-10.78,35.49,-0.0,0.0,0,0.01,3.5156,2084,0.00999,3.49,1616.95272,634.529,4.711546230803641,2.5758,4.92673,6,True,1
1564,5029,02_21_17_55_17_514,14.06,-10.02,35.5,-0.0,0.0,0,0.01,3.5156,2084,0.00999,3.49,1640.43617,594.867,4.7180529548745,2.59,4.92544,6,True,1
1565,5030,02_21_17_55_17_739,15.31,-7.98,35.5,0.0,0.0,0,0.01,3.5156,2084,0.00999,3.47,1750.88584,699.104,4.948232826474518,2.58741,4.92157,6,True,1
1566,5031,02_21_17_55_17_802,15.72,-7.12,35.51,0.0,0.0,0,0.01,3.5156,2086,0.00999,3.53,1725.59596,816.567,9.948102532769752,2.58741,4.92802,6,True,1
1567,5032,02_21_17_55_17_875,16.1,-6.23,35.51,0.0,0.0,0,0.01,3.5156,2086,0.00999,3.53,1688.17727,810.647,9.980412380758622,2.58871,4.92415,6,True,1
1568,5033,02_21_17_55_17_963,16.42,-5.32,35.5,0.0,0.0,0,0.01,3.5156,2086,0.00999,3.53,1623.92034,682.946,4.794848906899987,2.58483,4.92415,6,True,1
1569,5034,02_21_17_55_18_052,16.56,-4.86,35.5,0.0,0.0,0,0.01,3.5156,2084,0.00999,3.52,1584.69522,619.486,4.642066830895479,2.57838,4.92415,6,True,1
1570,5035,02_21_17_55_18_110,16.7,-4.4,35.5,0.0,0.0,0,0.01,3.5156,2086,0.00999,3.52,1613.08182,220.177,4.5619818272873465,2.58483,4.92802,6,True,1
1571,5036,02_21_17_55_18_182,16.92,-3.48,35.5,0.0,0.0,0,0.01,3.5156,2084,0.00999,3.49,1605.34002,78.277,4.081578736530756,2.58483,4.91899,6,True,1
1572,5037,02_21_17_55_18_344,17.1,-2.58,35.5,0.0,0.0,0,0.01,3.4375,2084,0.00657,3.47,1555.53445,118.946,2.1696025309950207,2.58225,4.92673,6,True,1
1573,5104,02_21_17_55_25_911,17.63,-0.54,36.5,0.0,0.0,0,0.01,3.4375,2060,0.00438,1.25,1455.66524,136.339,0.0,2.52548,4.92157,6,True,1
1574,5105,02_21_17_55_26_305,17.42,2.79,36.5,0.0,0.0,0,0.01,3.4375,2063,0.00999,2.75,1695.66101,256.942,2.3468848144934595,2.32032,4.92028,6,True,1
1575,5106,02_21_17_55_26_389,17.28,3.7,36.49,-0.0,0.0,0,0.01,3.0469,2063,0.00999,3.07,1679.40323,321.062,2.768399654132329,2.20807,4.92931,6,True,1
1576,5107,02_21_17_55_26_593,16.62,5.87,36.5,0.0,0.0,0,0.01,3.0469,2063,0.00999,2.93,1678.62905,268.419,2.93468943672069,2.24678,4.92286,6,True,1
1577,5108,02_21_17_55_26_701,16.28,6.77,36.49,0.0,0.0,0,0.01,2.8906,2063,0.00999,2.91,1721.20894,224.139,2.0913374727671283,2.17065,4.92415,6,True,1
1578,5109,02_21_17_55_26_874,15.51,8.4,36.5,0.0,0.0,0,0.01,3.125,2063,0.00999,2.69,1679.40323,221.363,0.9615560683080316,2.23,4.92286,6,True,1
1579,5110,02_21_17_55_26_926,14.58,9.78,36.5,0.0,0.0,0,0.01,3.0469,2062,0.00999,2.96,1668.56471,290.438,4.866588888790586,2.36935,4.92028,6,True,1
1580,5111,02_21_17_55_27_207,13.64,11.17,36.51,0.0,0.0,0,0.01,3.3594,2062,0.00999,3.22,1674.75815,225.613,4.718104676933313,2.34097,4.90995,6,True,1
1581,5112,02_21_17_55_27_297,13.01,11.9,36.5,0.0,0.0,0,0.01,3.2812,2063,0.00999,3.1,1672.17755,253.727,4.709947751833347,2.44806,4.92931,6,True,1
1582,5113,02_21_17_55_27_368,12.34,12.59,36.51,0.0,0.0,0,0.01,3.4375,2063,0.00999,3.11,1670.11307,190.426,4.555558285490374,2.4158,4.92673,6,True,1
1583,5114,02_21_17_55_27_467,11.67,13.21,36.51,0.0,0.0,0,0.01,3.4375,2063,0.00999,3.21,1679.91935,219.814,4.56004806992207,2.40806,4.92673,6,True,1
1584,5115,02_21_17_55_27_880,8.54,15.43,36.51,0.0,0.0,0,0.01,3.3594,2064,0.00999,3.37,1685.08055,229.775,4.3235909751039125,2.50355,4.92802,6,True,1
1585,5116,02_21_17_55_27_960,7.34,16.03,36.5,0.0,0.0,0,0.01,3.4375,2063,0.00999,3.43,1668.56471,215.514,4.245718416534474,2.37839,4.92028,6,True,1
1586,5117,02_21_17_55_28_080,6.45,16.4,36.5,0.0,0.0,0,0.01,3.4375,2063,0.00999,3.42,1668.56471,256.8,4.40266765751175,2.42742,4.92544,6,True,1
1587,5118,02_21_17_55_28_154,5.55,16.73,36.51,0.0,0.0,0,0.01,3.2812,2063,0.00999,3.27,1684.82249,243.557,4.170354815840014,2.40161,4.92157,6,True,1
1588,5119,02_21_17_55_28_232,5.09,16.87,36.51,0.0,0.0,0,0.01,3.4375,2063,0.00999,3.3,1659.53261,248.342,4.484105490786317,2.41064,4.92028,6,True,1
1589,5120,02_21_17_55_28_299,4.63,17.0,36.51,-0.0,0.0,0,0.01,3.4375,2063,0.00999,3.33,1689.72563,230.026,4.246703612509354,2.31645,4.92286,6,True,1
1590,5121,02_21_17_55_28_351,4.16,17.12,36.5,0.0,0.0,0,0.01,3.4375,2063,0.00999,3.27,1695.14489,312.478,4.636837025656606,2.55258,4.92028,6,True,1
1591,5122,02_21_17_55_28_420,3.7,17.23,36.5,0.0,0.0,0,0.01,3.4375,2063,0.00999,3.21,1669.59695,253.105,4.481702555949022,2.4429,4.92286,6,True,1
1592,5123,02_21_17_55_28_472,2.72,17.42,36.5,0.0,0.0,0,0.01,3.4375,2063,0.00999,3.21,1683.27413,177.554,4.406553783854227,2.51903,4.92157,6,True,1
1593,5124,02_21_17_55_28_546,1.76,17.51,36.5,0.0,0.0,0,0.01,3.4375,2063,0.00999,3.32,1666.75829,316.895,4.636806952257124,2.48548,4.92028,6,True,1
1594,5125,02_21_17_55_28_751,0.81,17.59,36.5,0.0,0.0,0,0.01,3.4375,2063,0.00999,3.43,1694.62877,231.946,4.401780728580196,2.33323,4.92028,6,True,1
1595,5126,02_21_17_55_28_797,-0.11,17.61,36.5,0.0,0.0,0,0.01,3.4375,2063,0.00999,3.43,1677.33875,233.671,4.558855304788692,2.45193,4.92415,6,True,1
1596,5127,02_21_17_55_29_012,-2.37,17.46,36.49,0.0,0.0,0,0.01,3.4375,2063,0.00999,3.4,1669.85501,229.763,4.559069413816816,2.55645,4.92415,6,True,1
1597,5128,02_21_17_55_29_229,-4.27,17.13,36.51,0.0,0.0,0,0.01,3.4375,2063,0.00999,3.42,1678.11293,235.32,4.632775350964042,2.54096,4.92673,6,True,1
1598,5129,02_21_17_55_29_318,-5.18,16.86,36.5,0.0,0.0,0,0.01,3.4375,2064,0.01,3.42,1680.17741,227.475,4.789101717963401,2.55774,4.92157,6,True,1
1599,5130,02_21_17_55_29_449,-6.02,16.57,36.5,0.0,0.0,0,0.01,3.4375,2064,0.00999,3.43,1670.11307,251.11,4.40944043643862,2.58096,4.92415,6,True,1
1600,5131,02_21_17_55_29_556,-7.23,16.06,36.5,0.0,0.0,0,0.01,3.4375,2064,0.00999,3.38,1686.11279,198.713,4.481655884268671,2.47774,4.92673,6,True,1
1601,5132,02_21_17_55_29_673,-8.07,15.67,36.5,0.0,0.0,0,0.01,3.4375,2064,0.00999,3.36,1686.62891,234.318,4.636243039897714,2.47645,4.92028,6,True,1
1602,5133,02_21_17_55_29_800,-9.34,14.85,36.5,0.0,0.0,0,0.01,3.4375,2064,0.00999,3.38,1697.98355,231.282,4.40541441977937,2.36806,4.92157,6,True,1
1603,5134,02_21_17_55_29_883,-10.62,14.03,36.49,0.0,0.0,0,0.01,3.4375,2064,0.00999,3.39,1673.20979,224.932,4.399245660621829,2.53967,4.91899,6,True,1
1604,5135,02_21_17_55_29_952,-11.76,13.0,36.5,0.0,0.0,0,0.01,3.4375,2064,0.00999,3.39,1691.53205,219.204,4.403182311124534,2.46613,4.91899,6,True,1
1605,5136,02_21_17_55_30_269,-12.91,11.97,36.5,0.0,0.0,0,0.01,3.4375,2066,0.00999,3.39,1652.82305,220.49,4.646180408948839,2.4958,4.92157,6,True,1
1606,5137,02_21_17_55_30_334,-13.63,11.15,36.51,0.0,0.0,0,0.01,3.4375,2066,0.00999,3.41,1690.49981,289.023,2.431556703019693,2.4171,4.92286,6,True,1
1607,5138,02_21_17_55_30_401,-14.22,10.4,36.51,-0.0,0.0,0,0.01,3.4375,2066,0.00999,3.4,1680.95159,197.857,2.261015954167507,2.47774,4.9177,6,True,1
1608,5139,02_21_17_55_30_820,-16.12,7.07,36.51,0.0,0.0,0,0.01,3.4375,2064,0.00999,3.14,1689.20951,253.635,2.089202705579332,2.4029,4.92028,6,True,1
1609,5140,02_21_17_55_31_972,-17.2,-4.07,36.52,0.0,0.0,0,0.01,3.4375,2064,0.00999,3.4,1681.20965,231.796,2.7700991286414283,2.48032,4.92931,6,True,1
1610,5141,02_21_17_55_32_108,-16.62,-5.9,36.5,0.0,0.0,0,0.01,3.4375,2066,0.00999,3.39,1668.30665,233.854,0.0,2.50742,4.92544,6,True,1
1611,5142,02_21_17_55_32_168,-15.82,-7.57,36.5,0.0,0.0,0,0.01,3.4375,2066,0.00999,3.42,1682.75801,180.974,0.0,2.46871,4.91512,6,True,1
1612,5143,02_21_17_55_32_536,-15.01,-9.24,36.49,0.0,0.0,0,0.01,3.4375,2064,0.00999,3.44,1688.43533,208.291,0.0,2.49709,4.92415,6,True,1
1613,5144,02_21_17_55_32_612,-14.2,-10.44,36.49,0.0,0.0,0,0.01,3.4375,2064,0.00999,3.42,1684.82249,218.607,0.7870733209174352,2.50871,4.92415,6,True,1
1614,5145,02_21_17_55_32_722,-13.65,-11.14,36.49,0.0,0.0,0,0.01,3.4375,2064,0.00999,3.41,1661.33903,199.486,0.6150725851474768,2.49322,4.91899,6,True,1
1615,5146,02_21_17_55_32_983,-12.15,-12.78,36.49,-0.0,0.0,0,0.01,3.4375,2064,0.00999,3.36,1680.17741,216.92,4.159339428322723,2.52806,4.92157,6,True,1
1616,5147,02_21_17_55_33_042,-11.5,-13.36,36.49,0.0,0.0,0,0.01,3.4375,2064,0.00999,3.4,1687.40309,183.713,4.405082049746634,2.57193,4.92028,6,True,1
1617,5148,02_21_17_55_33_376,-9.21,-15.04,36.5,-0.0,0.0,0,0.01,3.4375,2064,0.00999,3.46,1700.56415,172.369,1.915501647741395,2.57322,4.92802,6,True,1
1618,5149,02_21_17_55_33_454,-8.38,-15.52,36.49,0.0,0.0,0,0.01,3.4375,2064,0.00999,3.4,1694.37071,191.57,2.6056549282282178,2.57838,4.91899,6,True,1
1619,5150,02_21_17_55_33_827,-4.41,-17.06,36.49,-0.0,0.0,0,0.01,3.5156,2064,0.00999,3.45,1716.3058,238.543,4.168757883650716,2.58096,4.92544,6,True,1
1620,5151,02_21_17_55_33_883,-3.99,-17.16,36.5,0.0,0.0,0,0.01,3.5156,2064,0.00999,3.47,1709.59624,166.503,4.007182312423531,2.57838,4.92157,6,True,1
1621,5152,02_21_17_55_33_950,-3.56,-17.26,36.5,-0.0,0.0,0,0.01,3.5156,2064,0.00999,3.49,1701.08027,214.516,4.004562849113496,2.57709,4.92415,6,True,1
1622,5153,02_21_17_55_34_105,-2.45,-17.46,36.5,0.0,0.0,0,0.01,3.5156,2064,0.00999,3.51,1676.04845,196.48,4.007417197210692,2.57838,4.92415,6,True,1
1623,5154,02_21_17_55_34_158,-1.54,-17.56,36.5,0.0,0.0,0,0.01,3.5156,2064,0.00999,3.52,1684.82249,227.876,3.2666860566176235,2.5758,4.92028,6,True,1
1624,5155,02_21_17_55_34_386,0.42,-17.61,36.5,0.0,0.0,0,0.01,3.5156,2063,0.00999,3.5,1691.27399,249.586,3.764025888593223,2.57709,4.92415,6,True,1
1625,5156,02_21_17_55_34_466,1.73,-17.53,36.5,0.0,0.0,0,0.01,3.5156,2064,0.00999,3.48,1685.59667,222.949,4.250379659806875,2.5758,4.91899,6,True,1
1626,5157,02_21_17_55_34_720,3.52,-17.28,36.49,0.0,0.0,0,0.01,3.5156,2063,0.00999,3.51,1738.2409,206.028,4.635453447344715,2.57838,4.92157,6,True,1
1627,5158,02_21_17_55_34_804,4.41,-17.08,36.5,-0.0,0.0,0,0.01,3.5156,2063,0.00999,3.52,1779.27243,283.537,4.409068836500514,2.57709,4.92802,6,True,1
1628,5159,02_21_17_55_35_453,11.0,-13.74,36.5,0.0,0.0,0,0.01,3.5156,2063,0.00999,3.51,1738.49896,935.768,4.40466259462629,2.57967,4.92415,6,True,1
1629,5160,02_21_17_55_35_507,11.67,-13.14,36.5,0.0,0.0,0,0.01,3.5156,2063,0.00999,3.5,1724.82178,854.815,4.5659156014976885,2.57967,4.92286,6,True,1
1630,5161,02_21_17_55_35_665,12.34,-12.55,36.5,0.0,0.0,0,0.01,3.5156,2063,0.00999,3.49,1678.11293,864.734,4.708134005367731,2.57451,4.9177,6,True,1
1631,5162,02_21_17_55_35_750,13.02,-11.85,36.49,-0.0,0.0,0,0.01,3.5156,2063,0.00999,3.52,1703.14475,1121.413,4.5563770256641405,2.57838,4.92673,6,True,1
1632,5163,02_21_17_55_35_809,13.33,-11.48,36.49,0.0,0.0,0,0.01,3.5156,2063,0.00999,3.51,1737.46672,1085.479,4.788286368315913,2.56806,4.92673,6,True,1
1633,5164,02_21_17_55_35_905,13.64,-11.12,36.49,0.0,0.0,0,0.01,3.5156,2063,0.00999,3.5,1801.72365,1197.002,4.711546230803641,2.58096,4.92286,6,True,1
1634,5165,02_21_17_55_36_096,15.0,-9.21,36.5,-0.0,0.0,0,0.01,3.5156,2063,0.00999,3.46,1807.91709,905.95,4.637626382644466,2.58225,4.92286,6,True,1
1635,5166,02_21_17_55_36_331,15.89,-7.56,36.51,0.0,0.0,0,0.01,3.5156,2063,0.00999,3.51,1656.17783,269.304,4.332048885342823,2.59387,4.91899,6,True,1
1636,5167,02_21_17_55_36_421,16.31,-6.61,36.51,0.0,0.0,0,0.01,3.5156,2063,0.00999,3.51,1629.3396,224.298,9.623537108179091,2.57967,4.92028,6,True,1
1637,5168,02_21_17_55_36_535,16.62,-5.78,36.5,0.0,0.0,0,0.01,3.5156,2063,0.00999,3.52,1640.17812,305.739,1.134862996136538,2.60419,4.91641,6,True,1
1638,5169,02_21_17_55_36_596,16.9,-4.9,36.5,0.0,0.0,0,0.01,3.5156,2063,0.00999,3.52,1630.37184,388.237,0.0,2.58354,4.92286,6,True,1
1639,5170,02_21_17_55_36_753,17.15,-3.98,36.5,0.0,0.0,0,0.01,3.5156,2063,0.00999,3.46,1575.66312,332.159,0.0,2.57709,4.92286,6,True,1
1640,5213,02_21_17_55_44_098,17.96,-0.63,37.5,0.0,0.0,0,0.01,3.4375,0,0.0,0.0,757.09692,0.0,0.0,2.47,4.92415,6,True,1
1641,5214,02_21_17_55_44_378,17.93,0.2,37.5,0.0,0.0,0,0.01,3.4375,2071,0.00999,3.27,1703.66087,350.525,0.0,2.47258,4.92931,6,True,1
1642,5215,02_21_17_55_44_447,17.91,1.16,37.5,-0.0,0.0,0,0.01,3.4375,2071,0.00999,2.93,1700.82221,372.823,0.0,2.47258,4.92673,6,True,1
1643,5216,02_21_17_55_44_520,17.85,1.99,37.5,0.0,0.0,0,0.01,3.4375,2074,0.00999,2.93,1701.33833,308.403,0.0,2.37193,4.91899,6,True,1
1644,5217,02_21_17_55_44_566,17.52,3.58,37.5,0.0,0.0,0,0.01,3.4375,2074,0.00999,3.07,1679.91935,280.03,0.0,2.25968,4.92544,6,True,1
1645,5218,02_21_17_55_44_779,17.2,5.16,37.51,0.0,0.0,0,0.01,2.9688,2072,0.00999,3.21,1708.30595,265.964,2.597910314079376,2.30742,4.92157,6,True,1
1646,5219,02_21_17_55_45_115,16.28,7.62,37.5,0.0,0.0,0,0.01,3.2031,2071,0.00999,3.02,1700.30609,196.542,1.0477836059988723,2.25323,4.92028,6,True,1
1647,5220,02_21_17_55_45_204,15.61,8.9,37.5,0.0,0.0,0,0.01,3.2812,2071,0.00999,3.02,1688.95145,224.385,4.945512634702291,2.2571,4.92028,6,True,1
1648,5221,02_21_17_55_45_256,15.1,9.56,37.5,0.0,0.0,0,0.01,3.2031,2071,0.00999,3.06,1683.01607,213.134,4.866588888790586,2.34613,4.92415,6,True,1
1649,5222,02_21_17_55_45_332,14.59,10.22,37.5,0.0,0.0,0,0.01,3.2812,2071,0.00999,3.1,1664.43575,244.713,4.792529036166605,2.43258,4.92157,6,True,1
1650,5223,02_21_17_55_45_374,14.08,10.88,37.5,0.0,0.0,0,0.01,3.4375,2071,0.00999,3.13,1689.20951,219.359,4.87709340104329,2.35516,4.92157,6,True,1
1651,5224,02_21_17_55_45_450,13.56,11.55,37.5,0.0,0.0,0,0.01,3.4375,2071,0.00999,3.17,1671.91949,224.515,4.717454415519031,2.38613,4.9306,6,True,1
1652,5225,02_21_17_55_45_494,13.05,12.21,37.5,0.0,0.0,0,0.01,3.4375,2071,0.00999,3.21,1661.08097,218.211,4.557853446799271,2.3771,4.92673,6,True,1
1653,5226,02_21_17_55_45_714,12.54,12.87,37.5,-0.0,0.0,0,0.01,3.4375,2072,0.00999,3.25,1684.82249,290.964,4.63586706021646,2.46484,4.92802,6,True,1
1654,5227,02_21_17_55_45_903,11.56,13.75,37.52,-0.0,0.0,0,0.01,3.4375,2072,0.00999,3.36,1667.27441,202.579,4.481531424078158,2.38871,4.92415,6,True,1
1655,5228,02_21_17_55_46_030,10.13,14.83,37.51,0.0,0.0,0,0.01,3.4375,2072,0.00999,3.39,1687.91921,201.794,4.402849772590475,2.44161,4.92544,6,True,1
1656,5229,02_21_17_55_46_212,9.29,15.37,37.51,0.0,0.0,0,0.01,3.4375,2071,0.00999,3.41,1694.37071,188.514,1.2262849913458127,2.35,4.92415,6,True,1
1657,5230,02_21_17_55_46_270,8.5,15.84,37.5,0.0,0.0,0,0.01,3.4375,2071,0.00999,3.38,1698.49967,257.197,4.327983096374107,2.58354,4.92157,6,True,1
1658,5231,02_21_17_55_46_414,7.62,16.28,37.49,0.0,0.0,0,0.01,3.4375,2071,0.00999,3.34,1674.50009,257.648,4.32882877288996,2.48032,4.92028,6,True,1
1659,5232,02_21_17_55_46_765,3.55,17.61,37.5,0.0,0.0,0,0.01,3.4375,2071,0.00999,3.35,1660.30679,202.6,4.407819398523492,2.44548,4.92802,6,True,1
1660,5233,02_21_17_55_46_825,3.1,17.69,37.5,0.0,0.0,0,0.01,3.4375,2072,0.00999,3.36,1690.49981,207.059,4.406553783854227,2.37581,4.91899,6,True,1
1661,5234,02_21_17_55_46_878,2.65,17.76,37.5,0.0,0.0,0,0.01,3.4375,2072,0.01,3.37,1696.69325,264.382,4.404282676270904,2.59645,4.92286,6,True,1
1662,5235,02_21_17_55_47_217,-0.19,17.94,37.51,0.0,0.0,0,0.01,3.4375,2072,0.01,3.38,1645.85543,260.244,4.947662133017977,2.52806,4.92157,6,True,1
1663,5236,02_21_17_55_47_282,-1.49,17.89,37.49,0.0,0.0,0,0.01,3.4375,2072,0.00998,3.37,1662.11321,307.898,4.789261859618871,2.59903,4.91899,6,True,1
1664,5237,02_21_17_55_47_483,-3.52,17.64,37.51,0.0,0.0,0,0.01,3.4375,2074,0.00999,3.36,1657.46813,186.314,4.475888190348369,2.54871,4.9177,6,True,1
1665,5238,02_21_17_55_47_599,-4.41,17.43,37.5,0.0,0.0,0,0.01,3.4375,2074,0.00999,3.46,1653.33917,182.677,4.481585875836811,2.55516,4.92028,6,True,1
1666,5239,02_21_17_55_47_679,-5.35,17.17,37.51,0.0,0.0,0,0.01,3.4375,2074,0.00999,3.41,1646.62961,137.579,4.56004806992207,2.52806,4.92157,6,True,1
1667,5240,02_21_17_55_47_794,-6.25,16.85,37.5,-0.0,0.0,0,0.01,3.4375,2074,0.00999,3.41,1663.14545,187.432,4.40944043643862,2.54225,4.92544,6,True,1
1668,5241,02_21_17_55_48_289,-10.75,14.36,37.5,0.0,0.0,0,0.01,3.4375,2074,0.00999,3.39,1674.24203,251.844,4.479041494002931,2.48935,4.92157,6,True,1
1669,5242,02_21_17_55_48_892,-14.94,9.94,37.51,0.0,0.0,0,0.01,3.4375,2074,0.00999,3.37,1688.69339,246.592,2.603982006946284,2.47,4.92286,6,True,1
1670,5243,02_21_17_55_49_003,-15.45,9.12,37.5,0.0,0.0,0,0.01,3.4375,2074,0.00999,3.33,1686.88697,245.027,2.939698111201216,2.42097,4.92544,6,True,1
1671,5244,02_21_17_55_49_092,-15.92,8.24,37.5,0.0,0.0,0,0.01,3.4375,2074,0.00999,3.33,1665.20993,237.136,4.568480276853562,2.51645,4.91899,6,True,1
1672,5245,02_21_17_55_50_330,-17.67,-3.44,37.51,0.0,0.0,0,0.01,3.4375,2074,0.00999,3.4,1653.85529,278.034,0.2572287940725143,2.49451,4.92286,6,True,1
1673,5246,02_21_17_55_50_831,-16.08,-8.0,37.49,0.0,0.0,0,0.01,3.4375,2074,0.00999,3.45,1680.95159,232.744,0.0,2.54871,4.92157,6,True,1
1674,5247,02_21_17_55_50_886,-15.63,-8.85,37.49,0.0,0.0,0,0.01,3.4375,2074,0.00999,3.45,1675.27427,195.891,0.0,2.50613,4.92931,6,True,1
1675,5248,02_21_17_55_50_956,-14.88,-10.07,37.49,0.0,0.0,0,0.01,3.4375,2075,0.00999,3.36,1677.33875,178.995,0.4342,2.54225,4.92028,6,True,1
1676,5249,02_21_17_55_51_081,-14.37,-10.79,37.49,0.0,0.0,0,0.01,3.4375,2074,0.00999,3.39,1661.59709,195.106,0.17535,2.51387,4.92157,6,True,1
1677,5250,02_21_17_55_51_249,-13.8,-11.51,37.5,0.0,0.0,0,0.01,3.4375,2074,0.01,3.35,1668.82277,229.955,4.325565966726204,2.50484,4.92415,6,True,1
1678,5251,02_21_17_55_51_318,-13.21,-12.17,37.49,0.0,0.0,0,0.01,3.4375,2074,0.00999,3.37,1666.24217,227.337,3.352761557656613,2.54871,4.92415,6,True,1
1679,5252,02_21_17_55_51_460,-12.58,-12.83,37.49,0.0,0.0,0,0.01,3.4375,2075,0.00999,3.44,1693.59653,206.178,4.240394402941783,2.57193,4.92415,6,True,1
1680,5253,02_21_17_55_51_547,-11.49,-13.82,37.49,0.0,0.0,0,0.01,3.4375,2074,0.00999,3.42,1704.95117,256.671,1.2232108771589632,2.56935,4.92286,6,True,1
1681,5254,02_21_17_55_51_779,-9.17,-15.45,37.5,0.0,0.0,0,0.01,3.4375,2074,0.00999,3.4,1714.24132,249.156,4.241742470082312,2.57451,4.92415,6,True,1
1682,5255,02_21_17_55_51_906,-8.33,-15.92,37.49,0.0,0.0,0,0.01,3.4375,2074,0.00999,3.37,1710.88654,162.007,4.162565031624131,2.58096,4.92286,6,True,1
1683,5256,02_21_17_55_51_970,-7.46,-16.32,37.5,0.0,0.0,0,0.01,3.4375,2074,0.00999,3.38,1689.20951,188.251,1.5767134996568015,2.5758,4.92028,6,True,1
1684,5257,02_21_17_55_52_126,-6.59,-16.71,37.5,0.0,0.0,0,0.01,3.4375,2074,0.00999,3.39,1696.69325,359.451,4.246531219713332,2.58096,4.92802,6,True,1
1685,5258,02_21_17_55_52_292,-4.77,-17.32,37.5,0.0,0.0,0,0.01,3.5156,2074,0.00999,3.5,1725.3379,419.291,4.489482155271363,2.57838,4.92802,6,True,1
1686,5259,02_21_17_55_52_426,-3.37,-17.64,37.5,0.0,0.0,0,0.01,3.5156,2074,0.01,3.51,1707.27371,317.626,4.406371821862064,2.5758,4.92286,6,True,1
1687,5260,02_21_17_55_52_723,-0.63,-17.93,37.49,0.0,0.0,0,0.01,3.5156,2074,0.00999,3.48,1737.72478,290.033,4.48736178394388,2.58612,4.92286,6,True,1
1688,5261,02_21_17_55_52_877,0.33,-17.95,37.5,0.0,0.0,0,0.01,3.5156,2074,0.00999,3.46,1742.88598,393.494,4.242868270993102,2.58871,4.92802,6,True,1
1689,5262,02_21_17_55_52_968,1.28,-17.9,37.5,-0.0,0.0,0,0.01,3.5156,2074,0.00999,3.5,1743.91822,406.929,4.398825648965869,2.57838,4.92802,6,True,1
1690,5263,02_21_17_55_53_050,2.24,-17.8,37.5,0.0,0.0,0,0.01,3.5156,2074,0.00999,3.5,1743.4021,488.621,4.558312340384322,2.58225,4.9306,6,True,1
1691,5264,02_21_17_55_53_152,3.67,-17.59,37.5,-0.0,0.0,0,0.01,3.5156,2074,0.00999,3.51,1745.46658,528.789,4.865729206655463,2.58096,4.92415,6,True,1
1692,5265,02_21_17_55_53_209,4.6,-17.38,37.49,-0.0,0.0,0,0.01,3.5156,2074,0.00999,3.49,1692.04817,531.194,5.019600260229892,2.57709,4.92028,6,True,1
1693,5266,02_21_17_55_53_285,5.51,-17.11,37.5,0.0,0.0,0,0.01,3.5156,2074,0.00999,3.49,1691.27399,465.22,5.024764702202482,2.58483,4.92286,6,True,1
1694,5267,02_21_17_55_53_772,8.94,-15.55,37.5,0.0,0.0,0,0.01,3.5156,2074,0.00999,3.52,1759.40182,458.695,5.020079444092493,2.57967,4.92673,6,True,1
1695,5268,02_21_17_55_53_874,10.12,-14.8,37.5,0.0,0.0,0,0.01,3.5156,2074,0.00999,3.5,1794.75603,497.255,4.714793321292038,2.58483,4.92544,6,True,1
1696,5269,02_21_17_55_54_450,14.35,-10.75,37.5,0.0,0.0,0,0.01,3.5156,2074,0.00999,3.49,1624.43646,1120.503,5.017960966617816,2.57838,4.92157,6,True,1
1697,5270,02_21_17_55_54_638,15.59,-8.85,37.5,0.0,0.0,0,0.01,3.5156,2072,0.00999,3.53,1684.56443,467.942,4.788424696338034,2.58612,4.92415,6,True,1
1698,5271,02_21_17_55_54_739,16.05,-8.01,37.5,0.0,0.0,0,0.01,3.5156,2072,0.00999,3.51,1678.37099,723.381,4.948232826474518,2.58225,4.92286,6,True,1
1699,5272,02_21_17_55_54_861,16.42,-7.22,37.51,0.0,0.0,0,0.01,3.5156,2072,0.00999,3.52,1648.69409,707.349,5.022023489092818,2.57838,4.92028,6,True,1
1700,5273,02_21_17_55_54_986,16.77,-6.36,37.5,0.0,0.0,0,0.01,3.5156,2072,0.00999,3.48,1635.7911,1006.4,4.9445045153685525,2.58354,4.92286,6,True,1
1701,5274,02_21_17_55_55_117,17.12,-5.34,37.5,0.0,0.0,0,0.01,3.5156,2072,0.00999,3.48,1666.75829,439.707,4.322857176972193,2.58483,4.92931,6,True,1
1702,5275,02_21_17_55_55_178,17.38,-4.41,37.5,0.0,0.0,0,0.01,3.5156,2072,0.00999,3.48,1678.11293,283.942,4.003204579146561,2.58225,4.92028,6,True,1
1703,5276,02_21_17_55_55_230,17.54,-3.69,37.5,0.0,0.0,0,0.01,3.5156,2072,0.00999,3.49,1648.17797,31.626,2.2548401595235084,2.58225,4.92286,6,True,1
1704,5277,02_21_17_55_55_289,17.69,-2.97,37.5,0.0,0.0,0,0.01,3.5156,2072,0.00948,3.51,1610.50122,60.521,3.924722068185211,2.58096,4.92028,6,True,1
1705,5278,02_21_17_55_55_374,17.84,-2.19,37.5,0.0,0.0,0,0.01,3.5156,2072,0.0022,3.49,1550.37325,95.278,4.001540941312484,2.57838,4.92415,6,True,1
1706,5336,02_21_17_56_02_713,18.26,-0.62,38.5,0.0,0.0,0,0.01,3.4375,1637,0.00347,0.0,1368.44097,71.555,0.0,2.56935,4.92415,6,True,1
1707,5337,02_21_17_56_02_762,18.26,-0.17,38.5,0.0,0.0,0,0.01,3.4375,1637,0.00347,0.69,1545.21205,119.664,0.0,2.56935,4.92802,6,True,1
1708,5338,02_21_17_56_02_812,18.25,0.28,38.51,0.0,0.0,0,0.01,3.4375,2070,0.00999,1.37,1629.3396,227.533,0.0,2.47129,4.92157,6,True,1
1709,5339,02_21_17_56_02_915,18.24,1.17,38.5,0.0,0.0,0,0.01,3.4375,2071,0.00999,3.3,1689.46757,251.373,0.0,2.45838,4.92673,6,True,1
1710,5340,02_21_17_56_03_066,18.17,2.08,38.5,0.0,0.0,0,0.01,3.4375,2072,0.00999,3.32,1699.53191,338.676,0.5266460908427973,2.31387,4.92544,6,True,1
1711,5341,02_21_17_56_03_150,18.06,2.95,38.51,0.0,0.0,0,0.01,2.8906,2072,0.00999,3.31,1717.33804,265.338,1.661712938506528,2.19774,4.92415,6,True,1
1712,5342,02_21_17_56_03_269,17.91,3.86,38.49,0.0,0.0,0,0.01,3.2812,2071,0.00999,2.55,1713.98326,346.437,2.516510471367048,2.42484,4.92931,6,True,1
1713,5343,02_21_17_56_03_400,17.54,5.24,38.49,-0.0,0.0,0,0.01,3.125,2071,0.00999,2.92,1684.30637,248.446,4.564266120637577,2.34742,4.9306,6,True,1
1714,5344,02_21_17_56_03_777,16.1,8.71,38.49,0.0,0.0,0,0.01,3.3594,2070,0.00999,2.91,1676.30651,268.452,4.799710448818761,2.40677,4.92028,6,True,1
1715,5345,02_21_17_56_03_829,15.64,9.5,38.5,0.0,0.0,0,0.01,3.2812,2071,0.00999,2.91,1691.27399,252.32,4.793234570204133,2.48161,4.92415,6,True,1
1716,5346,02_21_17_56_03_878,15.26,10.07,38.5,0.0,0.0,0,0.01,3.3594,2071,0.00999,3.02,1678.37099,214.766,4.5619818272873465,2.39774,4.92028,6,True,1
1717,5347,02_21_17_56_03_949,14.89,10.63,38.51,0.0,0.0,0,0.01,3.2812,2071,0.00999,3.13,1677.85487,305.539,4.719818573049181,2.42355,4.92544,6,True,1
1718,5348,02_21_17_56_03_998,14.61,11.0,38.51,0.0,0.0,0,0.01,3.3594,2071,0.00999,3.15,1676.30651,210.17,4.717454415519031,2.44419,4.92157,6,True,1
1719,5349,02_21_17_56_04_057,14.33,11.37,38.51,0.0,0.0,0,0.01,3.3594,2071,0.00999,3.17,1675.01621,233.086,4.567938456514054,2.32935,4.92028,6,True,1
1720,5350,02_21_17_56_04_129,13.7,12.14,38.5,0.0,0.0,0,0.01,3.2031,2071,0.00999,3.3,1684.82249,272.678,4.722092956783041,2.52032,4.92286,6,True,1
1721,5351,02_21_17_56_04_174,13.39,12.48,38.5,0.0,0.0,0,0.01,3.4375,2071,0.00999,3.3,1688.43533,233.437,4.637972153862073,2.45193,4.92544,6,True,1
1722,5352,02_21_17_56_04_248,13.08,12.81,38.5,0.0,0.0,0,0.01,3.3594,2071,0.01,3.31,1677.33875,202.734,4.479594066709616,2.39645,4.92673,6,True,1
1723,5353,02_21_17_56_04_303,12.74,13.14,38.5,0.0,0.0,0,0.01,3.3594,2071,0.01,3.35,1681.98383,291.607,4.644289216069558,2.48677,4.92028,6,True,1
1724,5354,02_21_17_56_04_347,12.39,13.47,38.49,0.0,0.0,0,0.01,3.4375,2071,0.00999,3.39,1683.79025,214.044,4.56004806992207,2.45838,4.92415,6,True,1
1725,5355,02_21_17_56_04_407,12.02,13.78,38.5,0.0,0.0,0,0.01,3.4375,2071,0.00999,3.38,1673.72591,201.828,4.485947646261601,2.41451,4.92286,6,True,1
1726,5356,02_21_17_56_04_465,11.66,14.1,38.5,0.0,0.0,0,0.01,3.3594,2071,0.00999,3.38,1681.46771,254.738,4.480644545151958,2.55645,4.92544,6,True,1
1727,5357,02_21_17_56_04_530,10.91,14.69,38.49,-0.0,0.0,0,0.01,3.4375,2071,0.00999,3.38,1680.17741,254.566,4.48209146771906,2.48161,4.91899,6,True,1
1728,5358,02_21_17_56_04_573,10.52,14.97,38.5,0.0,0.0,0,0.01,3.4375,2071,0.00999,3.34,1680.17741,225.872,4.249058946402132,2.39129,4.92415,6,True,1
1729,5359,02_21_17_56_04_665,10.12,15.25,38.5,0.0,0.0,0,0.01,3.4375,2071,0.00999,3.31,1697.72549,261.029,4.404385574061381,2.42097,4.91899,6,True,1
1730,5360,02_21_17_56_04_718,9.56,15.6,38.5,0.0,0.0,0,0.01,3.4375,2071,0.00999,3.33,1685.33861,204.696,4.401622329607573,2.48161,4.92673,6,True,1
1731,5361,02_21_17_56_04_805,8.99,15.94,38.5,0.0,0.0,0,0.01,3.4375,2071,0.00999,3.34,1693.33847,273.254,4.481492529559767,2.5629,4.92157,6,True,1
1732,5362,02_21_17_56_04_878,8.13,16.4,38.49,0.0,0.0,0,0.01,3.4375,2071,0.00999,3.4,1675.53233,251.623,4.489264727380197,2.46226,4.92931,6,True,1
1733,5363,02_21_17_56_04_942,7.36,16.75,38.5,0.0,0.0,0,0.01,3.4375,2071,0.00999,3.4,1685.33861,225.834,4.24328728847105,2.39387,4.92673,6,True,1
1734,5364,02_21_17_56_05_024,6.51,17.1,38.5,0.0,0.0,0,0.01,3.4375,2071,0.00999,3.37,1684.56443,179.312,4.479415071747649,2.45322,4.92286,6,True,1
1735,5365,02_21_17_56_05_074,6.06,17.26,38.5,0.0,0.0,0,0.01,3.4375,2071,0.00999,3.36,1670.62919,241.44,4.482332576070187,2.46484,4.92286,6,True,1
1736,5366,02_21_17_56_05_158,5.6,17.41,38.5,0.0,0.0,0,0.01,3.3594,2071,0.01,3.35,1684.04831,300.082,4.407226186900327,2.56032,4.92415,6,True,1
1737,5367,02_21_17_56_05_218,4.93,17.6,38.5,0.0,0.0,0,0.01,3.4375,2071,0.01,3.37,1675.27427,219.425,4.404876284301297,2.43903,4.92544,6,True,1
1738,5368,02_21_17_56_05_285,4.26,17.8,38.5,0.0,0.0,0,0.01,3.2812,2071,0.00999,3.39,1681.72577,221.363,2.4294051998380177,2.54096,4.92673,6,True,1
1739,5369,02_21_17_56_05_339,3.37,17.99,38.49,0.0,0.0,0,0.01,3.4375,2071,0.00999,3.39,1681.20965,227.504,4.332354671538331,2.52935,4.92415,6,True,1
1740,5370,02_21_17_56_05_423,2.91,18.06,38.5,0.0,0.0,0,0.01,3.4375,2071,0.00999,3.38,1660.30679,235.854,4.484820678968112,2.4158,4.92028,6,True,1
1741,5371,02_21_17_56_05_476,2.45,18.12,38.5,-0.0,0.0,0,0.01,3.4375,2071,0.00999,3.37,1672.69367,177.496,4.399316979373048,2.4171,4.92415,6,True,1
1742,5372,02_21_17_56_05_543,1.49,18.22,38.51,0.0,0.0,0,0.01,3.4375,2072,0.00999,3.37,1683.01607,258.107,4.403182311124534,2.36677,4.92544,6,True,1
1743,5373,02_21_17_56_05_587,1.02,18.24,38.5,0.0,0.0,0,0.01,3.3594,2072,0.00999,3.36,1672.69367,286.084,4.55926822033975,2.59258,4.92286,6,True,1
1744,5374,02_21_17_56_05_656,0.54,18.27,38.49,0.0,0.0,0,0.01,3.4375,2071,0.00999,3.35,1666.50023,219.083,5.021127933293474,2.51774,4.92415,6,True,1
1745,5375,02_21_17_56_05_707,0.06,18.27,38.5,0.0,0.0,0,0.01,3.4375,2072,0.00999,3.4,1675.79039,244.212,4.639993647894358,2.40548,4.92157,6,True,1
1746,5376,02_21_17_56_05_761,-0.42,18.27,38.5,0.0,0.0,0,0.01,3.4375,2072,0.00999,3.44,1677.33875,261.793,4.639993647894358,2.54225,4.92673,6,True,1
1747,5377,02_21_17_56_05_824,-0.9,18.25,38.5,0.0,0.0,0,0.01,3.4375,2074,0.00999,3.42,1681.72577,251.264,4.639813327333331,2.53451,4.92157,6,True,1
1748,5378,02_21_17_56_05_885,-1.38,18.23,38.51,0.0,0.0,0,0.01,3.4375,2074,0.00999,3.4,1705.46729,214.904,4.560690198862448,2.36032,4.92544,6,True,1
1749,5379,02_21_17_56_05_946,-2.34,18.14,38.51,0.0,0.0,0,0.01,3.3594,2072,0.00999,3.41,1695.66101,218.979,4.635994896729287,2.49838,4.91899,6,True,1
1750,5380,02_21_17_56_05_999,-2.98,18.05,38.5,0.0,0.0,0,0.01,3.4375,2072,0.00999,3.38,1683.79025,240.447,4.631601315150085,2.4958,4.92673,6,True,1
1751,5381,02_21_17_56_06_061,-3.63,17.95,38.5,-0.0,0.0,0,0.01,3.4375,2074,0.00999,3.34,1689.72563,296.108,4.401210465599209,2.56548,4.92286,6,True,1
1752,5382,02_21_17_56_06_129,-4.57,17.74,38.5,0.0,0.0,0,0.01,3.4375,2074,0.00999,3.4,1673.46785,220.482,4.557578088469796,2.54225,4.93963,6,True,1
1753,5383,02_21_17_56_06_200,-5.04,17.6,38.5,0.0,0.0,0,0.01,3.4375,2074,0.00999,3.39,1662.37127,152.901,4.560147452933951,2.54742,4.92544,6,True,1
1754,5384,02_21_17_56_06_251,-5.5,17.47,38.51,0.0,0.0,0,0.01,3.4375,2074,0.00999,3.38,1662.11321,244.718,4.639512777490757,2.54225,4.92028,6,True,1
1755,5385,02_21_17_56_06_324,-6.4,17.15,38.5,0.0,0.0,0,0.01,3.4375,2074,0.00999,3.38,1658.75843,179.625,4.556751913644192,2.56032,4.92028,6,True,1
1756,5386,02_21_17_56_06_395,-6.85,16.96,38.5,0.0,0.0,0,0.01,3.4375,2074,0.00999,3.41,1667.79053,225.592,4.4840743930604,2.50096,4.9177,6,True,1
1757,5387,02_21_17_56_06_455,-7.29,16.77,38.5,0.0,0.0,0,0.01,3.4375,2074,0.00999,3.44,1665.20993,188.217,4.485473577282559,2.55903,4.92415,6,True,1
1758,5388,02_21_17_56_06_513,-7.72,16.56,38.5,0.0,0.0,0,0.01,3.4375,2074,0.00999,3.44,1676.04845,206.575,4.479718580725803,2.55129,4.92157,6,True,1
1759,5389,02_21_17_56_06_568,-8.16,16.36,38.5,0.0,0.0,0,0.01,3.4375,2074,0.00999,3.44,1675.53233,200.676,4.402952703868166,2.54871,4.92028,6,True,1
1760,5390,02_21_17_56_06_625,-9.0,15.9,38.5,-0.0,0.0,0,0.01,3.4375,2074,0.00999,3.43,1655.91977,222.381,4.320082132610444,2.56677,4.92286,6,True,1
1761,5391,02_21_17_56_06_711,-9.41,15.66,38.5,0.0,0.0,0,0.01,3.4375,2074,0.00999,3.42,1664.43575,237.52,4.4022796480914295,2.53451,4.92415,6,True,1
1762,5392,02_21_17_56_06_776,-9.83,15.41,38.5,-0.0,0.0,0,0.01,3.4375,2074,0.00999,3.41,1673.20979,217.96,4.475888190348369,2.46226,4.92286,6,True,1
1763,5393,02_21_17_56_06_821,-10.22,15.14,38.5,0.0,0.0,0,0.01,3.4375,2074,0.00999,3.39,1671.40337,221.179,4.40541441977937,2.53967,4.92673,6,True,1
1764,5394,02_21_17_56_06_897,-10.62,14.87,38.5,0.0,0.0,0,0.01,3.4375,2074,0.00999,3.37,1677.33875,225.504,4.321889340612505,2.41451,4.92157,6,True,1
1765,5395,02_21_17_56_06_947,-11.76,13.98,38.51,-0.0,0.0,0,0.01,3.4375,2074,0.00999,3.35,1678.37099,293.983,4.323050718242848,2.55516,4.92286,6,True,1
1766,5396,02_21_17_56_07_006,-12.07,13.7,38.5,0.0,0.0,0,0.01,3.4375,2074,0.00999,3.37,1668.30665,179.821,2.766774736493739,2.56419,4.92544,6,True,1
1767,5397,02_21_17_56_07_065,-12.38,13.43,38.5,0.0,0.0,0,0.01,3.4375,2074,0.00999,3.39,1695.14489,225.216,4.240912308690195,2.49838,4.92286,6,True,1
1768,5398,02_21_17_56_07_136,-13.02,12.81,38.5,0.0,0.0,0,0.01,3.4375,2074,0.00999,3.39,1675.79039,302.37,2.7660690487585446,2.45322,4.91899,6,True,1
1769,5399,02_21_17_56_07_188,-13.33,12.48,38.5,0.0,0.0,0,0.01,3.4375,2074,0.00999,3.38,1670.88725,232.155,4.403182311124534,2.51258,4.92028,6,True,1
1770,5400,02_21_17_56_07_247,-13.64,12.14,38.5,0.0,0.0,0,0.01,3.4375,2074,0.00999,3.37,1674.24203,227.796,3.8423158072313632,2.51387,4.92802,6,True,1
1771,5401,02_21_17_56_07_298,-13.96,11.78,38.51,0.0,0.0,0,0.01,3.4375,2074,0.00999,3.37,1686.62891,221.171,2.6817023068379533,2.36548,4.92415,6,True,1
1772,5402,02_21_17_56_07_348,-14.27,11.41,38.52,0.0,0.0,0,0.01,3.2812,2074,0.00999,3.36,1687.14503,174.836,2.685962814802171,2.51645,4.9306,6,True,1
1773,5403,02_21_17_56_07_503,-15.12,10.26,38.5,0.0,0.0,0,0.01,3.4375,2074,0.00999,3.34,1677.33875,154.817,2.34599338927031,2.43903,4.92673,6,True,1
1774,5404,02_21_17_56_07_595,-15.64,9.45,38.5,0.0,0.0,0,0.01,3.4375,2074,0.00999,3.34,1681.98383,268.018,2.259705010062154,2.55645,4.92157,6,True,1
1775,5405,02_21_17_56_07_659,-16.12,8.61,38.51,0.0,0.0,0,0.01,3.4375,2074,0.01,3.42,1660.56485,210.9,1.6528993201341695,2.5229,4.92802,6,True,1
1776,5406,02_21_17_56_07_832,-16.53,7.74,38.5,0.0,0.0,0,0.01,3.4375,2074,0.00999,3.37,1663.14545,246.947,2.091920818888707,2.43645,4.92286,6,True,1
1777,5407,02_21_17_56_07_889,-16.91,6.91,38.5,0.0,0.0,0,0.01,3.4375,2074,0.00999,3.35,1673.46785,291.24,4.487548230381486,2.46097,4.92286,6,True,1
1778,5408,02_21_17_56_07_940,-17.08,6.48,38.5,0.0,0.0,0,0.01,3.4375,2074,0.00999,3.38,1674.50009,263.885,2.427725703719429,2.47,4.92802,6,True,1
1779,5409,02_21_17_56_07_992,-17.24,6.06,38.5,0.0,0.0,0,0.01,3.3594,2074,0.00999,3.4,1642.75871,173.367,4.484455325343313,2.42871,4.92157,6,True,1
1780,5410,02_21_17_56_08_049,-17.47,5.31,38.5,0.0,0.0,0,0.01,3.3594,2074,0.00999,3.36,1700.82221,260.194,1.91810241645226,2.42484,4.92544,6,True,1
1781,5411,02_21_17_56_08_113,-17.7,4.56,38.5,0.0,0.0,0,0.01,3.3594,2074,0.00999,3.31,1676.04845,289.536,2.170293346531754,2.57193,4.92028,6,True,1
1782,5412,02_21_17_56_08_171,-17.91,3.67,38.5,0.0,0.0,0,0.01,3.4375,2074,0.00999,3.37,1660.30679,248.993,4.558580006975856,2.50742,4.92157,6,True,1
1783,5413,02_21_17_56_08_250,-17.99,3.2,38.5,0.0,0.0,0,0.01,3.4375,2074,0.00999,3.32,1647.66185,243.286,4.402952703868166,2.50742,4.92673,6,True,1
1784,5414,02_21_17_56_08_311,-18.07,2.73,38.49,0.0,0.0,0,0.01,3.4375,2074,0.00999,3.27,1667.79053,251.289,0.6980619976047973,2.49322,4.92286,6,True,1
1785,5415,02_21_17_56_08_358,-18.12,2.25,38.49,0.0,0.0,0,0.01,3.4375,2074,0.00999,3.31,1637.59752,231.996,4.560613759681914,2.48548,4.92544,6,True,1
1786,5416,02_21_17_56_08_410,-18.18,1.77,38.49,0.0,0.0,0,0.01,3.4375,2074,0.01,3.34,1681.20965,276.36,0.5229260416158292,2.39516,4.92286,6,True,1
1787,5417,02_21_17_56_08_457,-18.22,1.3,38.5,0.0,0.0,0,0.01,3.2812,2074,0.01,3.35,1680.17741,246.655,4.403118972387642,2.38742,4.91899,6,True,1
1788,5418,02_21_17_56_08_538,-18.26,0.82,38.5,-0.0,0.0,0,0.01,3.4375,2074,0.00999,3.35,1654.37141,253.281,0.8745603609814476,2.52161,4.92544,6,True,1
1789,5419,02_21_17_56_08_574,-18.28,-0.06,38.5,-0.0,0.0,0,0.01,3.4375,2074,0.00999,3.35,1655.91977,254.758,4.327491722695724,2.54613,4.92157,6,True,1
1790,5420,02_21_17_56_08_649,-18.25,-0.7,38.5,0.0,0.0,0,0.01,3.4375,2074,0.00999,3.34,1649.72633,228.385,1.1312015923344525,2.51774,4.92028,6,True,1
1791,5421,02_21_17_56_08_707,-18.22,-1.35,38.49,0.0,0.0,0,0.01,3.4375,2074,0.01,3.33,1654.88753,256.896,4.247663958577703,2.54225,4.92802,6,True,1
1792,5422,02_21_17_56_08_768,-18.14,-2.3,38.5,0.0,0.0,0,0.01,3.4375,2074,0.00999,3.4,1655.66171,232.414,0.266285152609003,2.51,4.92286,6,True,1
1793,5423,02_21_17_56_08_841,-18.08,-2.8,38.5,0.0,0.0,0,0.01,3.4375,2074,0.00999,3.41,1661.59709,234.66,0.0,2.56806,4.92931,6,True,1
1794,5424,02_21_17_56_08_920,-18.03,-3.29,38.51,0.0,0.0,0,0.01,3.4375,2074,0.00999,3.43,1659.27455,287.824,0.0,2.41193,4.92673,6,True,1
1795,5425,02_21_17_56_08_978,-17.86,-4.19,38.53,0.0,0.0,0,0.01,3.4375,2074,0.00999,3.43,1670.37113,201.327,0.3475044891796364,2.53193,4.92802,6,True,1
1796,5426,02_21_17_56_09_068,-17.7,-4.72,38.52,0.0,0.0,0,0.01,3.4375,2074,0.00999,3.43,1668.56471,263.931,0.0,2.60677,4.92157,6,True,1
1797,5427,02_21_17_56_09_129,-17.53,-5.26,38.5,-0.0,0.0,0,0.01,3.4375,2074,0.00999,3.44,1683.53219,240.088,0.0,2.55387,4.92544,6,True,1
1798,5428,02_21_17_56_09_182,-17.24,-6.13,38.5,0.0,0.0,0,0.01,3.4375,2074,0.00999,3.44,1671.40337,207.164,0.0,2.56419,4.91899,6,True,1
1799,5429,02_21_17_56_09_234,-17.06,-6.6,38.5,0.0,0.0,0,0.01,3.4375,2074,0.00999,3.42,1682.75801,271.563,0.0,2.53193,4.92286,6,True,1
1800,5430,02_21_17_56_09_282,-16.88,-7.07,38.5,0.0,0.0,0,0.01,3.4375,2074,0.00999,3.4,1687.40309,255.957,0.0,2.54225,4.91899,6,True,1
1801,5431,02_21_17_56_09_343,-16.7,-7.49,38.5,0.0,0.0,0,0.01,3.4375,2074,0.00999,3.39,1678.88711,239.987,1.827715628865716,2.56419,4.92157,6,True,1
1802,5432,02_21_17_56_09_412,-16.51,-7.91,38.5,0.0,0.0,0,0.01,3.4375,2074,0.00999,3.38,1682.24189,292.772,1.6574276756468138,2.52677,4.92415,6,True,1
1803,5433,02_21_17_56_09_465,-16.07,-8.76,38.49,0.0,0.0,0,0.01,3.4375,2074,0.00999,3.34,1675.27427,127.012,0.176143442966237,2.55387,4.92286,6,True,1
1804,5434,02_21_17_56_09_514,-15.83,-9.18,38.5,0.0,0.0,0,0.01,3.4375,2074,0.00999,3.38,1663.91963,228.226,3.185828671633175,2.52032,4.91899,6,True,1
1805,5435,02_21_17_56_09_608,-15.59,-9.59,38.5,0.0,0.0,0,0.01,3.4375,2074,0.00999,3.42,1669.33889,235.775,0.3591470798990296,2.51645,4.92028,6,True,1
1806,5436,02_21_17_56_09_677,-15.06,-10.39,38.5,0.0,0.0,0,0.01,3.4375,2074,0.01,3.44,1684.04831,245.59,4.321760279388481,2.53838,4.91899,6,True,1
1807,5437,02_21_17_56_09_731,-14.78,-10.78,38.5,0.0,0.0,0,0.01,3.4375,2074,0.01,3.43,1685.33861,277.47,0.0,2.54742,4.91899,6,True,1
1808,5438,02_21_17_56_09_792,-14.49,-11.17,38.49,0.0,0.0,0,0.01,3.4375,2074,0.00999,3.42,1670.11307,270.653,3.601716144076321,2.56806,4.91899,6,True,1
1809,5439,02_21_17_56_09_841,-14.19,-11.54,38.49,0.0,0.0,0,0.01,3.4375,2074,0.00999,3.43,1670.88725,172.302,0.2657609687294204,2.56935,4.9306,6,True,1
1810,5440,02_21_17_56_09_909,-13.89,-11.91,38.49,-0.0,0.0,0,0.01,3.4375,2074,0.00999,3.45,1680.17741,236.414,4.481889237810323,2.54871,4.91899,6,True,1
1811,5441,02_21_17_56_09_960,-13.4,-12.44,38.49,0.0,0.0,0,0.01,3.4375,2074,0.00999,3.42,1667.53247,240.255,4.482402572839704,2.57709,4.92415,6,True,1
1812,5442,02_21_17_56_10_021,-12.91,-12.96,38.49,0.0,0.0,0,0.01,3.4375,2074,0.00999,3.4,1701.33833,263.058,4.241684939384347,2.56419,4.92415,6,True,1
1813,5443,02_21_17_56_10_098,-12.27,-13.56,38.49,0.0,0.0,0,0.01,3.4375,2074,0.01,3.41,1704.17699,230.443,0.95912390492574,2.56806,4.92802,6,True,1
1814,5444,02_21_17_56_10_160,-11.92,-13.86,38.49,0.0,0.0,0,0.01,3.4375,2072,0.01,3.41,1711.66072,205.615,0.4342802810397911,2.57064,4.92802,6,True,1
1815,5445,02_21_17_56_10_252,-11.57,-14.16,38.49,0.0,0.0,0,0.01,3.4375,2074,0.00999,3.42,1704.43505,200.609,0.8736031621966578,2.58741,4.92544,6,True,1
1816,5446,02_21_17_56_10_311,-10.85,-14.72,38.49,0.0,0.0,0,0.01,3.4375,2074,0.00999,3.42,1710.37042,209.13,0.6137107991554328,2.58096,4.91899,6,True,1
1817,5447,02_21_17_56_10_391,-10.08,-15.24,38.49,0.0,0.0,0,0.01,3.4375,2074,0.01,3.42,1715.27356,203.995,4.165570551557133,2.57838,4.92028,6,True,1
1818,5448,02_21_17_56_10_438,-9.47,-15.62,38.5,0.0,0.0,0,0.01,3.4375,2072,0.01,3.42,1708.56401,199.461,2.6024419695739613,2.58225,4.92157,6,True,1
1819,5449,02_21_17_56_10_479,-8.86,-15.99,38.5,0.0,0.0,0,0.01,3.4375,2072,0.00999,3.43,1711.1446,204.158,1.054350767059995,2.5758,4.92157,6,True,1
1820,5450,02_21_17_56_10_548,-8.46,-16.21,38.5,0.0,0.0,0,0.01,3.4375,2074,0.00999,3.43,1717.07998,235.8,1.744250844918815,2.5758,4.93447,6,True,1
1821,5451,02_21_17_56_10_606,-8.05,-16.42,38.49,0.0,0.0,0,0.01,3.4375,2072,0.00999,3.43,1733.33776,301.936,4.24064925335732,2.58225,4.92028,6,True,1
1822,5452,02_21_17_56_10_659,-7.62,-16.62,38.49,0.0,0.0,0,0.01,3.4375,2072,0.00999,3.42,1732.04746,219.684,2.172364475059376,2.57451,4.92415,6,True,1
1823,5453,02_21_17_56_10_712,-7.18,-16.83,38.49,0.0,0.0,0,0.01,3.4375,2072,0.00999,3.41,1741.33762,158.12,1.747625278055911,2.57967,4.91899,6,True,1
1824,5454,02_21_17_56_10_771,-6.12,-17.2,38.5,0.0,0.0,0,0.01,3.4375,2072,0.00999,3.4,1765.59526,250.6,3.3557651683334457,2.57967,4.92544,6,True,1
1825,5455,02_21_17_56_10_931,-5.07,-17.57,38.5,-0.0,0.0,0,0.01,3.4375,2071,0.01,3.39,1750.36972,273.888,3.4326219326485696,2.57193,4.92028,6,True,1
1826,5456,02_21_17_56_10_988,-4.42,-17.61,38.5,0.0,0.0,0,0.01,3.4375,2071,0.01,3.4,1743.91822,206.804,3.923833720037076,2.57709,4.92028,6,True,1
1827,5457,02_21_17_56_11_044,-3.77,-17.66,38.5,0.0,0.0,0,0.01,3.4375,2072,0.01,3.41,1736.43448,178.974,2.173262955212737,2.57967,4.92028,6,True,1
1828,5458,02_21_17_56_11_104,-3.11,-17.7,38.5,0.0,0.0,0,0.01,3.4375,2072,0.01,3.41,1731.27328,270.152,2.5166905540808946,2.57709,4.92415,6,True,1
1829,5459,02_21_17_56_11_154,-2.46,-17.74,38.5,0.0,0.0,0,0.01,3.4375,2072,0.01,3.42,1731.7894,149.173,2.766724336196145,2.57451,4.9177,6,True,1
1830,5460,02_21_17_56_11_215,-1.81,-17.78,38.5,0.0,0.0,0,0.01,3.4375,2074,0.01,3.43,1733.33776,192.417,3.3541753565518904,2.57709,4.92286,6,True,1
1831,5461,02_21_17_56_11_264,-1.16,-17.82,38.5,0.0,0.0,0,0.01,3.4375,2074,0.01,3.44,1744.6924,279.128,4.163837828554326,2.57064,4.92157,6,True,1
1832,5462,02_21_17_56_11_328,-0.5,-17.87,38.5,0.0,0.0,0,0.01,3.4375,2072,0.01,3.44,1753.98256,320.999,3.431890632362867,2.57709,4.92028,6,True,1
1833,5463,02_21_17_56_11_475,0.15,-17.91,38.5,0.0,0.0,0,0.01,3.5156,2072,0.01,3.45,1742.1118,212.349,4.009408814900271,2.58225,4.92673,6,True,1
1834,5464,02_21_17_56_11_574,0.8,-17.95,38.5,0.0,0.0,0,0.01,3.5156,2072,0.01,3.46,1764.56302,289.766,3.437320882606103,2.58096,4.92415,6,True,1
1835,5465,02_21_17_56_11_645,1.45,-17.99,38.5,0.0,0.0,0,0.01,3.5156,2072,0.01,3.46,1776.9499,278.869,4.560850716971561,2.5758,4.92802,6,True,1
1836,5466,02_21_17_56_11_700,2.11,-18.04,38.5,0.0,0.0,0,0.01,3.5156,2072,0.01,3.47,1758.11152,323.07,4.400481688690455,2.58871,4.94092,6,True,1
1837,5467,02_21_17_56_11_773,2.76,-18.08,38.5,0.0,0.0,0,0.01,3.5156,2072,0.00999,3.48,1785.72393,222.181,4.160822678569708,2.57709,4.92028,6,True,1
1838,5468,02_21_17_56_11_831,3.67,-17.94,38.5,0.0,0.0,0,0.01,3.5156,2072,0.00999,3.48,1805.85261,353.326,3.432012526565135,2.57709,4.9177,6,True,1
1839,5469,02_21_17_56_11_893,4.12,-17.84,38.5,0.0,0.0,0,0.01,3.5156,2072,0.00999,3.51,1827.78771,184.848,4.323824796693317,2.57967,4.92802,6,True,1
1840,5470,02_21_17_56_11_953,4.57,-17.74,38.49,0.0,0.0,0,0.01,3.5156,2072,0.00999,3.54,1821.59427,242.58,4.406079084628418,2.57967,4.92157,6,True,1
1841,5471,02_21_17_56_12_010,5.49,-17.48,38.49,0.0,0.0,0,0.01,3.5156,2071,0.00999,3.54,1844.81967,709.909,4.15883651157388,2.58354,4.92673,6,True,1
1842,5472,02_21_17_56_12_070,5.94,-17.32,38.49,0.0,0.0,0,0.01,3.5156,2071,0.00999,3.53,1806.11067,640.174,4.31695,2.57967,4.92415,6,True,1
1843,5473,02_21_17_56_12_126,6.4,-17.16,38.49,-0.0,0.0,0,0.01,3.5156,2072,0.00999,3.52,1765.85332,471.846,3.919993742660822,2.57709,4.92028,6,True,1
1844,5474,02_21_17_56_12_204,7.71,-16.58,38.5,0.0,0.0,0,0.01,3.5156,2072,0.00999,3.49,1745.9827,495.193,4.486833476963459,2.57709,4.92673,6,True,1
1845,5475,02_21_17_56_12_267,8.12,-16.38,38.5,0.0,0.0,0,0.01,3.5156,2072,0.00999,3.49,1730.4991,601.137,4.555213911552344,2.57967,4.92157,6,True,1
1846,5476,02_21_17_56_12_331,8.54,-16.17,38.49,0.0,0.0,0,0.01,3.5156,2072,0.00999,3.49,1753.20838,465.988,4.557180319287355,2.57709,4.92415,6,True,1
1847,5477,02_21_17_56_12_407,9.31,-15.73,38.5,0.0,0.0,0,0.01,3.5156,2071,0.00999,3.45,1781.33691,761.574,4.483708978624728,2.57709,4.92931,6,True,1
1848,5478,02_21_17_56_12_461,9.71,-15.48,38.5,0.0,0.0,0,0.01,3.5156,2071,0.00999,3.46,1796.04633,398.32,4.398825648965869,2.57709,4.92157,6,True,1
1849,5479,02_21_17_56_12_538,10.11,-15.22,38.5,0.0,0.0,0,0.01,3.5156,2071,0.00999,3.47,1786.75617,985.964,4.5628758173984965,2.57709,4.92028,6,True,1
1850,5480,02_21_17_56_12_594,10.48,-14.96,38.5,0.0,0.0,0,0.01,3.5156,2071,0.00999,3.48,1767.9178,598.824,4.870133473530268,2.58096,4.92157,6,True,1
1851,5481,02_21_17_56_12_661,10.84,-14.71,38.49,0.0,0.0,0,0.01,3.5156,2071,0.00999,3.5,1785.46587,670.104,4.554800628457847,2.57838,4.92544,6,True,1
1852,5482,02_21_17_56_12_718,11.93,-13.84,38.5,0.0,0.0,0,0.01,3.5156,2071,0.00999,3.52,1784.69169,734.099,4.718577538040463,2.57709,4.92802,6,True,1
1853,5483,02_21_17_56_12_763,12.28,-13.52,38.5,0.0,0.0,0,0.01,3.5156,2071,0.00999,3.51,1782.11109,551.33,4.795386898363885,2.5758,4.91899,6,True,1
1854,5484,02_21_17_56_12_827,12.63,-13.19,38.5,0.0,0.0,0,0.01,3.5156,2071,0.01,3.5,1765.3372,1014.851,4.944758327006488,2.57838,4.92157,6,True,1
1855,5485,02_21_17_56_12_890,13.07,-12.71,38.5,0.0,0.0,0,0.01,3.5156,2071,0.01,3.5,1788.82065,1230.844,5.0293416231650045,2.58225,4.92802,6,True,1
1856,5486,02_21_17_56_12_948,13.5,-12.22,38.5,0.0,0.0,0,0.01,3.5156,2072,0.01,3.5,1830.36831,523.198,4.945914415201703,2.57967,4.92028,6,True,1
1857,5487,02_21_17_56_13_011,13.94,-11.74,38.5,0.0,0.0,0,0.01,3.5156,2071,0.01,3.5,1891.27046,250.141,4.951796410394919,2.58096,4.92286,6,True,1
1858,5488,02_21_17_56_13_086,14.38,-11.26,38.5,0.0,0.0,0,0.01,3.5156,2071,0.00999,3.5,1918.62481,996.218,5.248963023540935,2.55645,4.92028,6,True,1
1859,5489,02_21_17_56_13_137,14.78,-10.71,38.5,0.0,0.0,0,0.01,3.5156,2071,0.00999,3.48,1909.0766,952.915,5.097974182457185,2.57967,4.92157,6,True,1
1860,5490,02_21_17_56_13_204,15.18,-10.16,38.49,-0.0,0.0,0,0.01,3.5156,2071,0.00999,3.47,1867.52894,323.279,4.868565581616417,2.5758,4.92544,6,True,1
1861,5491,02_21_17_56_13_255,15.43,-9.75,38.5,0.0,0.0,0,0.01,3.5156,2071,0.00999,3.47,1824.17487,800.356,4.950543110104183,2.5758,4.92544,6,True,1
1862,5492,02_21_17_56_13_331,15.69,-9.35,38.5,0.0,0.0,0,0.01,3.5156,2071,0.00999,3.48,1749.33748,708.877,4.79336548262283,2.57967,4.92544,6,True,1
1863,5493,02_21_17_56_13_388,15.9,-8.97,38.5,0.0,0.0,0,0.01,3.5156,2071,0.00999,3.49,1720.1767,801.095,4.864783380840303,2.57451,4.92286,6,True,1
1864,5494,02_21_17_56_13_458,16.12,-8.59,38.5,0.0,0.0,0,0.01,3.5156,2071,0.00999,3.51,1731.01522,931.605,4.793947272342489,2.57451,4.92544,6,True,1
1865,5495,02_21_17_56_13_503,16.33,-8.18,38.5,0.0,0.0,0,0.01,3.5156,2071,0.00999,3.51,1764.82108,1008.738,5.017356515636496,2.57838,4.91899,6,True,1
1866,5496,02_21_17_56_13_558,16.53,-7.77,38.51,0.0,0.0,0,0.01,3.5156,2071,0.00999,3.51,1796.56245,994.331,4.947894645705383,2.57709,4.92544,6,True,1
1867,5497,02_21_17_56_13_641,17.1,-6.45,38.5,0.0,0.0,0,0.01,3.5156,2071,0.00999,3.5,1791.14319,1005.486,5.317219420195109,2.57967,4.92544,6,True,1
1868,5498,02_21_17_56_13_697,17.25,-6.0,38.5,0.0,0.0,0,0.01,3.5156,2071,0.00999,3.49,1779.53049,793.212,5.017043840001799,2.57709,4.92157,6,True,1
1869,5499,02_21_17_56_13_750,17.4,-5.54,38.51,0.0,0.0,0,0.01,3.5156,2071,0.00999,3.48,1792.94961,383.674,4.564151551219569,2.57838,4.92415,6,True,1
1870,5500,02_21_17_56_13_821,17.67,-4.62,38.5,0.0,0.0,0,0.01,3.5156,2071,0.00999,3.48,1740.56344,370.03,4.795786717786769,2.57709,4.91899,6,True,1
1871,5501,02_21_17_56_13_877,17.78,-4.14,38.5,0.0,0.0,0,0.01,3.5156,2071,0.00999,3.48,1714.24132,444.905,4.795786717786769,2.57709,4.92286,6,True,1
1872,5502,02_21_17_56_13_961,17.9,-3.65,38.5,-0.0,0.0,0,0.01,3.5156,2071,0.01,3.47,1639.14588,83.738,4.32946493489669,2.57967,4.92673,6,True,1
1873,5503,02_21_17_56_14_008,17.98,-3.2,38.5,0.0,0.0,0,0.01,3.5156,2071,0.01,3.49,1609.46898,121.184,4.410349538301925,2.57967,4.91899,6,True,1
1874,5504,02_21_17_56_14_078,18.07,-2.75,38.5,-0.0,0.0,0,0.01,3.5156,2071,0.00784,3.52,1585.98552,96.747,3.4368340329436915,2.58225,4.92415,6,True,1
1875,5505,02_21_17_56_14_128,18.13,-2.45,38.5,0.0,0.0,0,0.01,3.5156,2072,0.00784,3.52,1587.79194,104.592,3.6793571738144695,2.57709,4.92157,6,True,1
1876,5506,02_21_17_56_14_187,18.2,-2.14,38.5,0.0,0.0,0,0.01,3.5156,2072,0.0,3.52,1594.24344,141.286,0.6141082986737763,2.58096,4.92544,6,True,1
1877,5645,02_21_17_56_21_537,18.62,-0.7,39.5,-0.0,0.0,0,0.01,3.4375,0,0.0,0.0,878.90123,0.0,0.0,2.56935,0.58358,6,True,1
1878,5646,02_21_17_56_21_603,18.62,-0.64,39.5,0.0,0.0,0,0.01,3.4375,0,0.0,0.66,1194.50856,77.104,0.0,2.59,4.91641,6,True,1
1879,5647,02_21_17_56_21_670,18.61,-0.57,39.5,0.0,0.0,0,0.01,3.4375,1810,0.0062,1.32,1514.24485,153.31,0.0,2.52032,4.93189,6,True,1
1880,5648,02_21_17_56_21_729,18.6,-0.18,39.5,0.0,0.0,0,0.01,3.4375,2059,0.00999,1.75,1677.85487,199.277,0.0,2.4829,4.92673,6,True,1
1881,5649,02_21_17_56_21_785,18.6,0.2,39.5,0.0,0.0,0,0.01,3.4375,2059,0.00999,2.18,1710.37042,251.118,0.0,2.35,4.92544,6,True,1
1882,5650,02_21_17_56_21_829,18.59,0.59,39.51,0.0,0.0,0,0.01,3.4375,2060,0.00999,2.61,1725.85402,269.2,0.0,2.33968,4.92286,6,True,1
1883,5651,02_21_17_56_21_876,18.58,0.97,39.51,0.0,0.0,0,0.01,3.4375,2060,0.00999,3.04,1792.94961,256.17,0.0,2.2571,4.9306,6,True,1
1884,5652,02_21_17_56_21_937,18.46,2.4,39.5,0.0,0.0,0,0.01,3.4375,2060,0.00999,3.04,1749.07942,259.393,0.0,2.51645,4.92544,6,True,1
1885,5653,02_21_17_56_21_997,18.4,2.88,39.5,0.0,0.0,0,0.01,3.4375,2060,0.00999,2.91,1716.56386,320.252,0.0,2.37452,4.92286,6,True,1
1886,5654,02_21_17_56_22_057,18.33,3.36,39.49,0.0,0.0,0,0.01,3.2031,2060,0.00999,2.78,1717.5961,322.072,2.004156556384755,2.32161,4.92802,6,True,1
1887,5655,02_21_17_56_22_096,18.12,4.25,39.5,0.0,0.0,0,0.01,3.0469,2060,0.00999,2.66,1708.04789,301.059,3.0293358100415344,2.26871,4.92673,6,True,1
1888,5656,02_21_17_56_22_250,17.91,5.14,39.5,0.0,0.0,0,0.01,3.3594,2059,0.00999,2.53,1684.04831,294.876,2.686170471600788,2.34226,4.92157,6,True,1
1889,5657,02_21_17_56_22_309,17.77,5.58,39.5,0.0,0.0,0,0.01,3.2031,2059,0.00999,2.81,1702.88669,259.823,3.0240951890606884,2.32548,4.92415,6,True,1
1890,5658,02_21_17_56_22_400,17.64,6.02,39.5,0.0,0.0,0,0.01,3.125,2058,0.00999,3.09,1692.04817,263.313,2.429046430700739,2.40419,4.92028,6,True,1
1891,5659,02_21_17_56_22_482,17.14,7.32,39.5,-0.0,0.0,0,0.01,3.2031,2058,0.00999,3.07,1715.78968,223.63,0.6955103917268239,2.27129,4.92802,6,True,1
1892,5660,02_21_17_56_22_544,16.78,8.13,39.5,0.0,0.0,0,0.01,3.0469,2058,0.00999,3.1,1689.72563,299.064,4.486942251132724,2.33452,4.92157,6,True,1
1893,5661,02_21_17_56_22_596,16.55,8.55,39.5,0.0,0.0,0,0.01,3.125,2058,0.00999,3.09,1702.11251,226.519,4.793838192148334,2.23258,4.92157,6,True,1
1894,5662,02_21_17_56_22_644,16.32,8.97,39.51,-0.0,0.0,0,0.01,3.0469,2058,0.01,3.09,1687.40309,287.62,4.796019324658732,2.34871,4.92157,6,True,1
1895,5663,02_21_17_56_22_800,15.84,9.8,39.5,0.0,0.0,0,0.01,3.2031,2059,0.00999,3.13,1707.78983,384.735,4.718843501590194,2.46097,4.92028,6,True,1
1896,5664,02_21_17_56_22_850,15.31,10.6,39.51,0.0,0.0,0,0.01,3.3594,2059,0.00999,3.13,1694.88683,252.341,4.795721295071264,2.43387,4.92286,6,True,1
1897,5665,02_21_17_56_22_908,15.03,10.99,39.51,0.0,0.0,0,0.01,3.2812,2059,0.00999,3.11,1683.79025,227.801,4.639249780406311,2.38871,4.92802,6,True,1
1898,5666,02_21_17_56_22_969,14.75,11.38,39.51,0.0,0.0,0,0.01,3.3594,2059,0.00999,3.09,1699.78997,245.039,4.792965461225441,2.38871,4.9177,6,True,1
1899,5667,02_21_17_56_23_030,14.44,11.75,39.52,0.0,0.0,0,0.01,3.2812,2059,0.00999,3.18,1685.85473,202.738,4.795815794262744,2.40806,4.92802,6,True,1
1900,5668,02_21_17_56_23_075,14.14,12.12,39.52,0.0,0.0,0,0.01,3.3594,2059,0.00999,3.27,1689.46757,186.318,4.791394144974926,2.38226,4.92286,6,True,1
1901,5669,02_21_17_56_23_130,13.69,12.62,39.51,0.0,0.0,0,0.01,3.2031,2059,0.00999,3.24,1689.98369,285.073,4.636243039897714,2.51774,4.91899,6,True,1
1902,5670,02_21_17_56_23_187,13.24,13.12,39.5,-0.0,0.0,0,0.01,3.4375,2059,0.00999,3.21,1689.98369,202.997,4.555558285490374,2.48161,4.92286,6,True,1
1903,5671,02_21_17_56_23_233,12.55,13.78,39.5,0.0,0.0,0,0.01,3.4375,2059,0.00999,3.3,1690.24175,226.001,4.5609730126914805,2.37193,4.92028,6,True,1
1904,5672,02_21_17_56_23_290,12.2,14.08,39.5,0.0,0.0,0,0.01,3.3594,2059,0.00999,3.32,1678.88711,318.269,4.560483810134622,2.54742,4.92157,6,True,1
1905,5673,02_21_17_56_23_368,11.84,14.38,39.5,0.0,0.0,0,0.01,3.4375,2059,0.00999,3.34,1675.53233,235.282,4.634438059247313,2.44548,4.92157,6,True,1
1906,5674,02_21_17_56_23_420,11.46,14.67,39.5,0.0,0.0,0,0.01,3.3594,2059,0.00999,3.28,1683.27413,215.764,4.485846619368522,2.41968,4.92286,6,True,1
1907,5675,02_21_17_56_23_481,11.09,14.96,39.5,0.0,0.0,0,0.01,3.2812,2059,0.00999,3.22,1687.40309,290.459,4.792005273630236,2.51129,4.92544,6,True,1
1908,5676,02_21_17_56_23_537,10.7,15.24,39.5,0.0,0.0,0,0.01,3.4375,2059,0.00999,3.29,1687.14503,264.87,4.558350579431116,2.47258,4.92286,6,True,1
1909,5677,02_21_17_56_23_595,10.3,15.52,39.5,0.0,0.0,0,0.01,3.4375,2059,0.00999,3.36,1696.17713,171.705,4.405390679894349,2.43129,4.92544,6,True,1
1910,5678,02_21_17_56_23_688,9.49,16.03,39.51,0.0,0.0,0,0.01,3.4375,2059,0.00999,3.37,1688.17727,303.076,4.404654679994789,2.53967,4.92028,6,True,1
1911,5679,02_21_17_56_23_735,8.91,16.35,39.5,0.0,0.0,0,0.01,3.4375,2059,0.00999,3.34,1681.46771,237.278,4.405208669858897,2.46742,4.92286,6,True,1
1912,5680,02_21_17_56_23_791,8.34,16.67,39.5,0.0,0.0,0,0.01,3.2812,2059,0.00999,3.32,1703.91893,249.915,4.010104343405542,2.41064,4.92415,6,True,1
1913,5681,02_21_17_56_23_881,7.51,17.05,39.5,0.0,0.0,0,0.01,3.3594,2060,0.00999,3.32,1666.75829,291.018,4.40266765751175,2.5229,4.92028,6,True,1
1914,5682,02_21_17_56_23_927,7.1,17.22,39.5,0.0,0.0,0,0.01,3.4375,2060,0.00999,3.32,1680.17741,270.54,4.561798423045455,2.41968,4.92157,6,True,1
1915,5683,02_21_17_56_24_014,6.69,17.39,39.51,0.0,0.0,0,0.01,3.3594,2060,0.00999,3.33,1700.30609,212.211,4.3992377362447685,2.38355,4.92286,6,True,1
1916,5684,02_21_17_56_24_061,5.78,17.7,39.51,0.0,0.0,0,0.01,3.2031,2060,0.00999,3.32,1677.59681,276.197,4.638708710945321,2.52548,4.92157,6,True,1
1917,5685,02_21_17_56_24_125,5.32,17.84,39.51,0.0,0.0,0,0.01,3.4375,2060,0.00999,3.34,1661.33903,248.997,4.173680491484704,2.50225,4.92544,6,True,1
1918,5686,02_21_17_56_24_178,4.86,17.97,39.51,0.0,0.0,0,0.01,3.4375,2060,0.00999,3.37,1681.20965,214.466,4.6330989110961145,2.37839,4.92673,6,True,1
1919,5687,02_21_17_56_24_234,4.4,18.08,39.51,0.0,0.0,0,0.01,3.2031,2060,0.00999,3.38,1694.37071,300.75,5.100585727149382,2.56548,4.92415,6,True,1
1920,5688,02_21_17_56_24_279,3.93,18.2,39.51,0.0,0.0,0,0.01,3.4375,2060,0.00999,3.39,1684.82249,215.188,4.947105467341483,2.48032,4.92286,6,True,1
1921,5689,02_21_17_56_24_361,3.0,18.38,39.5,0.0,0.0,0,0.01,3.4375,2062,0.00999,3.24,1695.14489,244.438,4.709614667093264,2.40806,4.92157,6,True,1
1922,5690,02_21_17_56_24_437,2.3,18.46,39.5,0.0,0.0,0,0.01,3.4375,2062,0.00999,3.31,1674.24203,232.535,4.712189909426401,2.50225,4.92544,6,True,1
1923,5691,02_21_17_56_24_507,1.6,18.54,39.51,0.0,0.0,0,0.01,3.4375,2062,0.00999,3.39,1683.27413,317.12,4.943933391541598,2.53064,4.91641,6,True,1
1924,5692,02_21_17_56_24_565,0.6,18.61,39.51,0.0,0.0,0,0.01,3.4375,2062,0.00999,3.39,1687.40309,267.718,5.096243810150765,2.47129,4.92544,6,True,1
1925,5693,02_21_17_56_24_602,0.12,18.61,39.51,0.0,0.0,0,0.01,3.4375,2062,0.00999,3.31,1690.75787,233.737,5.169358150196211,2.49064,4.92673,6,True,1
1926,5694,02_21_17_56_24_679,-0.35,18.61,39.51,0.0,0.0,0,0.01,3.4375,2062,0.00999,3.24,1693.08041,224.014,4.717454415519031,2.42613,4.92028,6,True,1
1927,5695,02_21_17_56_24_734,-0.82,18.59,39.5,0.0,0.0,0,0.01,3.4375,2063,0.00999,3.29,1693.33847,283.29,4.867305174580694,2.56548,4.91899,6,True,1
1928,5696,02_21_17_56_24_784,-1.3,18.57,39.49,0.0,0.0,0,0.01,3.4375,2063,0.00999,3.34,1684.56443,232.426,4.713343871658421,2.47645,4.92544,6,True,1
1929,5697,02_21_17_56_24_832,-1.74,18.53,39.5,0.0,0.0,0,0.01,3.4375,2063,0.00999,3.37,1685.85473,299.306,4.713336475364347,2.51516,4.92544,6,True,1
1930,5698,02_21_17_56_24_896,-2.18,18.49,39.5,0.0,0.0,0,0.01,3.3594,2063,0.00999,3.4,1709.59624,220.486,4.559069413816816,2.41839,4.92028,6,True,1
1931,5699,02_21_17_56_24_944,-2.64,18.43,39.5,0.0,0.0,0,0.01,3.3594,2063,0.00999,3.39,1709.59624,288.008,4.553575865734533,2.57451,4.92415,6,True,1
1932,5700,02_21_17_56_25_003,-3.09,18.38,39.5,0.0,0.0,0,0.01,3.4375,2063,0.00999,3.39,1679.66129,201.515,4.553575865734533,2.53064,4.92028,6,True,1
1933,5701,02_21_17_56_25_052,-4.03,18.21,39.5,0.0,0.0,0,0.01,3.4375,2063,0.00999,3.4,1679.66129,360.774,5.092794992192402,2.53193,4.91899,6,True,1
1934,5702,02_21_17_56_25_115,-4.68,18.04,39.5,0.0,0.0,0,0.01,3.4375,2063,0.00999,3.41,1686.62891,245.127,4.870591574952677,2.55387,4.92286,6,True,1
1935,5703,02_21_17_56_25_181,-5.32,17.87,39.51,0.0,0.0,0,0.01,3.4375,2063,0.00999,3.42,1671.14531,242.785,4.871743795859958,2.56161,4.92028,6,True,1
1936,5704,02_21_17_56_25_276,-6.22,17.57,39.5,-0.0,0.0,0,0.01,3.4375,2063,0.00999,3.4,1693.85459,230.326,5.01919048702079,2.59258,4.92157,6,True,1
1937,5705,02_21_17_56_25_327,-6.66,17.39,39.5,0.0,0.0,0,0.01,3.4375,2063,0.00999,3.41,1685.08055,206.692,4.86805,2.58354,4.92286,6,True,1
1938,5706,02_21_17_56_25_397,-7.11,17.21,39.5,0.0,0.0,0,0.01,3.4375,2063,0.00999,3.42,1672.17755,207.368,4.794536262507564,2.52032,4.92415,6,True,1
1939,5707,02_21_17_56_25_451,-7.54,17.02,39.5,0.0,0.0,0,0.01,3.4375,2063,0.00999,3.4,1667.79053,144.221,4.866151902684502,2.56161,4.92028,6,True,1
1940,5708,02_21_17_56_25_508,-7.96,16.82,39.51,0.0,0.0,0,0.01,3.4375,2063,0.00999,3.37,1677.85487,242.434,4.799034923815412,2.47645,4.92028,6,True,1
1941,5709,02_21_17_56_25_558,-8.36,16.62,39.51,0.0,0.0,0,0.01,3.4375,2063,0.00999,3.39,1674.24203,235.662,4.639512777490757,2.54225,4.92802,6,True,1
1942,5710,02_21_17_56_25_609,-8.75,16.43,39.51,0.0,0.0,0,0.01,3.4375,2063,0.00999,3.4,1656.69395,313.446,4.632775350964042,2.57838,4.94092,6,True,1
1943,5711,02_21_17_56_25_646,-9.16,16.19,39.5,0.0,0.0,0,0.01,3.4375,2063,0.00999,3.42,1674.24203,224.398,4.636243039897714,2.54483,4.92157,6,True,1
1944,5712,02_21_17_56_25_736,-9.58,15.95,39.5,0.0,0.0,0,0.01,3.4375,2063,0.00999,3.45,1646.37155,188.844,4.635994896729287,2.5758,4.92028,6,True,1
1945,5713,02_21_17_56_25_805,-10.38,15.43,39.5,-0.0,0.0,0,0.01,3.4375,2063,0.00999,3.45,1670.11307,204.871,4.483141360976698,2.4829,4.92157,6,True,1
1946,5714,02_21_17_56_25_858,-10.96,15.0,39.5,0.0,0.0,0,0.01,3.4375,2063,0.00999,3.43,1680.95159,258.604,4.479041494002931,2.56677,4.9177,6,True,1
1947,5715,02_21_17_56_25_913,-11.54,14.58,39.49,0.0,0.0,0,0.01,3.4375,2063,0.00999,3.41,1679.91935,233.17,4.7160427441871215,2.55,4.92415,6,True,1
1948,5716,02_21_17_56_25_996,-12.29,13.97,39.51,0.0,0.0,0,0.01,3.4375,2063,0.00999,3.42,1686.88697,217.417,4.401780728580196,2.56677,4.92415,6,True,1
1949,5717,02_21_17_56_26_048,-12.66,13.63,39.51,0.0,0.0,0,0.01,3.4375,2063,0.00999,3.42,1668.82277,228.001,4.4009015422978965,2.47645,4.92544,6,True,1
1950,5718,02_21_17_56_26_114,-13.03,13.29,39.51,0.0,0.0,0,0.01,3.4375,2063,0.00999,3.42,1723.78954,211.831,4.242629987696311,2.45838,4.92157,6,True,1
1951,5719,02_21_17_56_26_166,-13.65,12.63,39.5,-0.0,0.0,0,0.01,3.3594,2063,0.00999,3.42,1707.78983,199.64,4.483327982927414,2.60032,4.92544,6,True,1
1952,5720,02_21_17_56_26_226,-13.97,12.27,39.5,0.0,0.0,0,0.01,3.4375,2063,0.00999,3.4,1697.20937,211.814,4.637919538165792,2.51258,4.92931,6,True,1
1953,5721,02_21_17_56_26_278,-14.29,11.91,39.5,0.0,0.0,0,0.01,3.4375,2063,0.00999,3.38,1690.75787,260.491,2.3452056818112994,2.52419,4.92544,6,True,1
1954,5722,02_21_17_56_26_336,-14.58,11.54,39.5,0.0,0.0,0,0.01,3.4375,2063,0.00999,3.39,1672.43561,261.614,2.6017319063462323,2.51387,4.9306,6,True,1
1955,5723,02_21_17_56_26_383,-14.88,11.16,39.5,0.0,0.0,0,0.01,3.4375,2063,0.00999,3.39,1679.14517,255.234,2.855028502922519,2.46355,4.92286,6,True,1
1956,5724,02_21_17_56_26_447,-15.15,10.79,39.5,0.0,0.0,0,0.01,3.4375,2063,0.00999,3.41,1710.62848,217.781,2.34783529501113,2.43,4.92286,6,True,1
1957,5725,02_21_17_56_26_506,-15.42,10.42,39.5,0.0,0.0,0,0.01,3.3594,2063,0.00999,3.43,1676.30651,182.74,4.794129067150779,2.51516,4.92802,6,True,1
1958,5726,02_21_17_56_26_558,-15.97,9.56,39.52,0.0,0.0,0,0.01,3.4375,2063,0.00999,3.43,1684.56443,272.415,2.424161898986947,2.5358,4.92802,6,True,1
1959,5727,02_21_17_56_26_658,-16.2,9.14,39.52,0.0,0.0,0,0.01,3.4375,2063,0.00999,3.39,1665.46799,208.679,1.654585737427952,2.44032,4.92286,6,True,1
1960,5728,02_21_17_56_26_714,-16.43,8.73,39.51,0.0,0.0,0,0.01,3.4375,2063,0.00999,3.35,1677.85487,266.841,4.32882877288996,2.52548,4.92028,6,True,1
1961,5729,02_21_17_56_26_801,-17.0,7.54,39.51,0.0,0.0,0,0.01,3.3594,2063,0.01,3.35,1635.27498,238.029,1.7439510235382183,2.51258,4.92415,6,True,1
1962,5730,02_21_17_56_26_870,-17.23,6.98,39.5,0.0,0.0,0,0.01,3.4375,2063,0.01,3.34,1697.20937,237.574,1.834607305392628,2.33452,4.92415,6,True,1
1963,5731,02_21_17_56_26_936,-17.46,6.43,39.5,0.0,0.0,0,0.01,3.3594,2063,0.00999,3.33,1673.72591,214.516,1.2286139039584405,2.50742,4.92157,6,True,1
1964,5732,02_21_17_56_26_989,-17.77,5.53,39.5,0.0,0.0,0,0.01,3.4375,2063,0.00999,3.37,1663.40351,255.664,1.5684003068413368,2.48548,4.92286,6,True,1
1965,5733,02_21_17_56_27_049,-17.89,5.11,39.5,0.0,0.0,0,0.01,3.4375,2063,0.00999,3.35,1664.69381,166.804,4.560307990147157,2.45838,4.92028,6,True,1
1966,5734,02_21_17_56_27_097,-18.01,4.68,39.49,-0.0,0.0,0,0.01,3.4375,2063,0.00999,3.33,1661.59709,230.936,4.562440305636886,2.52032,4.91899,6,True,1
1967,5735,02_21_17_56_27_137,-18.11,4.23,39.49,0.0,0.0,0,0.01,3.4375,2063,0.00999,3.37,1681.98383,258.863,0.6131424956729064,2.33194,4.92544,6,True,1
1968,5736,02_21_17_56_27_221,-18.21,3.79,39.49,0.0,0.0,0,0.01,3.4375,2063,0.00999,3.41,1649.98439,261.877,5.023099333329971,2.48806,4.92157,6,True,1
1969,5737,02_21_17_56_27_270,-18.3,3.32,39.49,0.0,0.0,0,0.01,3.4375,2063,0.00999,3.4,1683.27413,244.104,4.942438285907068,2.47258,4.92931,6,True,1
1970,5738,02_21_17_56_27_331,-18.38,2.84,39.49,0.0,0.0,0,0.01,3.4375,2063,0.00999,3.4,1661.85515,239.987,0.8724451458401267,2.57709,4.92157,6,True,1
1971,5739,02_21_17_56_27_394,-18.5,1.89,39.48,0.0,0.0,0,0.01,3.4375,2063,0.00999,3.4,1652.30693,256.107,4.634618588945588,2.53451,4.92286,6,True,1
1972,5740,02_21_17_56_27_442,-18.55,1.41,39.49,0.0,0.0,0,0.01,3.4375,2063,0.00999,3.42,1630.88796,191.127,4.481119125006609,2.44935,4.92544,6,True,1
1973,5741,02_21_17_56_27_484,-18.6,0.93,39.5,0.0,0.0,0,0.01,3.4375,2063,0.00999,3.45,1672.17755,262.428,4.645257422899187,2.46613,4.92802,6,True,1
1974,5742,02_21_17_56_27_548,-18.61,0.46,39.5,0.0,0.0,0,0.01,3.4375,2063,0.00999,3.35,1650.75857,236.505,0.4375591217195683,2.52161,4.92544,6,True,1
1975,5743,02_21_17_56_27_603,-18.62,-0.02,39.5,0.0,0.0,0,0.01,3.4375,2063,0.00999,3.24,1642.50065,225.625,0.0,2.49967,4.91899,6,True,1
1976,5744,02_21_17_56_27_661,-18.6,-0.7,39.5,0.0,0.0,0,0.01,3.4375,2063,0.00999,3.31,1678.37099,263.284,0.0,2.39,4.91899,6,True,1
1977,5745,02_21_17_56_27_751,-18.58,-1.39,39.5,-0.0,0.0,0,0.01,3.4375,2063,0.00999,3.39,1657.46813,240.463,0.6181256344789463,2.54225,4.92544,6,True,1
1978,5746,02_21_17_56_27_817,-18.48,-2.31,39.5,0.0,0.0,0,0.01,3.4375,2063,0.00999,3.39,1655.14559,261.13,0.4447501911185648,2.58225,4.92673,6,True,1
1979,5747,02_21_17_56_27_866,-18.34,-3.19,39.51,0.0,0.0,0,0.01,3.4375,2063,0.00999,3.39,1647.91991,255.151,4.244535879516157,2.54483,4.92286,6,True,1
1980,5748,02_21_17_56_27_976,-18.2,-4.07,39.52,-0.0,0.0,0,0.01,3.4375,2063,0.01,3.39,1648.95215,229.036,0.1802517267601062,2.51645,4.92286,6,True,1
1981,5749,02_21_17_56_28_033,-18.08,-4.52,39.52,0.0,0.0,0,0.01,3.4375,2063,0.01,3.4,1656.43589,217.927,3.015749052059869,2.60677,4.92415,6,True,1
1982,5750,02_21_17_56_28_104,-17.97,-4.96,39.51,0.0,0.0,0,0.01,3.4375,2063,0.00999,3.42,1663.40351,269.672,1.5759173360300345,2.53451,4.92415,6,True,1
1983,5751,02_21_17_56_28_154,-17.59,-6.06,39.5,0.0,0.0,0,0.01,3.4375,2063,0.00999,3.42,1666.50023,274.577,0.5263150126112688,2.50355,4.92544,6,True,1
1984,5752,02_21_17_56_28_304,-17.21,-7.15,39.49,0.0,0.0,0,0.01,3.4375,2063,0.00999,3.42,1665.72605,247.064,0.0,2.53967,4.92415,6,True,1
1985,5753,02_21_17_56_28_374,-17.02,-7.58,39.5,0.0,0.0,0,0.01,3.4375,2063,0.00999,3.42,1668.56471,256.349,4.008017395795582,2.49967,4.93318,6,True,1
1986,5754,02_21_17_56_28_427,-16.82,-8.02,39.5,0.0,0.0,0,0.01,3.4375,2063,0.00999,3.41,1682.24189,267.81,0.6053606032770881,2.50742,4.92544,6,True,1
1987,5755,02_21_17_56_28_460,-16.55,-8.48,39.5,0.0,0.0,0,0.01,3.4375,2063,0.00999,3.41,1657.98425,204.917,0.7954005060345386,2.52677,4.92157,6,True,1
1988,5756,02_21_17_56_28_524,-16.27,-8.95,39.5,0.0,0.0,0,0.01,3.4375,2063,0.00999,3.41,1681.72577,253.736,3.685841711875321,2.56677,4.92286,6,True,1
1989,5757,02_21_17_56_28_571,-16.0,-9.41,39.5,0.0,0.0,0,0.01,3.4375,2063,0.00999,3.41,1669.59695,224.415,0.0,2.53967,4.92802,6,True,1
1990,5758,02_21_17_56_28_629,-15.72,-9.88,39.49,0.0,0.0,0,0.01,3.4375,2062,0.00999,3.41,1667.79053,240.426,0.0,2.57709,4.92286,6,True,1
1991,5759,02_21_17_56_28_696,-15.44,-10.34,39.49,0.0,0.0,0,0.01,3.4375,2062,0.00999,3.41,1690.75787,246.588,4.248870239546037,2.56548,4.92028,6,True,1
1992,5760,02_21_17_56_28_759,-15.17,-10.81,39.49,0.0,0.0,0,0.01,3.4375,2063,0.00999,3.41,1684.56443,270.511,3.5955162052895826,2.55258,4.92028,6,True,1
1993,5761,02_21_17_56_28_812,-14.88,-11.2,39.5,0.0,0.0,0,0.01,3.4375,2063,0.00999,3.42,1705.72535,277.045,1.4783273529567122,2.56806,4.92157,6,True,1
1994,5762,02_21_17_56_28_866,-14.6,-11.58,39.5,0.0,0.0,0,0.01,3.4375,2063,0.00999,3.42,1723.78954,308.186,1.8288215672940864,2.56677,4.92544,6,True,1
1995,5763,02_21_17_56_28_918,-14.16,-12.1,39.49,0.0,0.0,0,0.01,3.4375,2063,0.00999,3.44,1718.37028,233.75,4.482239245343783,2.57451,4.92415,6,True,1
1996,5764,02_21_17_56_28_983,-13.79,-12.51,39.5,0.0,0.0,0,0.01,3.4375,2063,0.00999,3.43,1714.24132,179.892,4.483327982927414,2.58096,4.92157,6,True,1
1997,5765,02_21_17_56_29_030,-13.42,-12.92,39.5,0.0,0.0,0,0.01,3.4375,2063,0.00999,3.42,1708.30595,219.012,4.563257811038075,2.58096,4.92544,6,True,1
1998,5766,02_21_17_56_29_128,-12.58,-13.73,39.49,-0.0,0.0,0,0.01,3.4375,2062,0.00999,3.44,1721.98312,223.776,4.55580315778678,2.58354,4.92415,6,True,1
1999,5767,02_21_17_56_29_177,-12.19,-14.07,39.5,0.0,0.0,0,0.01,3.4375,2062,0.00999,3.42,1722.49924,182.347,4.635280471017908,2.58096,4.9177,6,True,1
2000,5768,02_21_17_56_29_272,-11.8,-14.41,39.5,0.0,0.0,0,0.01,3.4375,2062,0.00999,3.4,1714.49938,251.652,4.331203837560639,2.57967,4.92415,6,True,1
2001,5769,02_21_17_56_29_331,-10.69,-15.26,39.49,-0.0,0.0,0,0.01,3.4375,2062,0.00999,3.4,1718.37028,167.647,1.659277577742796,2.58225,4.92544,6,True,1
2002,5770,02_21_17_56_29_401,-10.32,-15.5,39.49,0.0,0.0,0,0.01,3.4375,2062,0.00999,3.41,1729.98298,197.54,2.9297197963286523,2.57967,4.92415,6,True,1
2003,5771,02_21_17_56_29_449,-9.95,-15.75,39.49,0.0,0.0,0,0.01,3.4375,2062,0.00999,3.41,1731.7894,287.745,2.085177407920007,2.57709,4.92028,6,True,1
2004,5772,02_21_17_56_29_514,-9.46,-16.05,39.5,0.0,0.0,0,0.01,3.4375,2062,0.00999,3.42,1747.01494,206.938,1.3967481063169551,2.57322,4.9177,6,True,1
2005,5773,02_21_17_56_29_567,-8.96,-16.34,39.5,0.0,0.0,0,0.01,3.4375,2062,0.00999,3.42,1742.1118,250.504,0.8743211595289226,2.58354,4.92286,6,True,1
2006,5774,02_21_17_56_29_636,-8.18,-16.74,39.5,0.0,0.0,0,0.01,3.4375,2062,0.00999,3.42,1774.11124,298.208,2.262911622777169,2.58096,4.92286,6,True,1
2007,5775,02_21_17_56_29_698,-7.76,-16.93,39.5,0.0,0.0,0,0.01,3.4375,2062,0.00999,3.43,1758.11152,308.641,0.9635480320150106,2.57838,4.92157,6,True,1
2008,5776,02_21_17_56_29_755,-7.34,-17.12,39.49,0.0,0.0,0,0.01,3.4375,2062,0.00999,3.45,1761.98242,226.711,4.170873060283662,2.57967,4.92028,6,True,1
2009,5777,02_21_17_56_29_829,-6.9,-17.3,39.5,0.0,0.0,0,0.01,3.4375,2062,0.00999,3.43,1747.53106,229.483,1.923130264048694,2.58096,4.92673,6,True,1
2010,5778,02_21_17_56_29_911,-6.45,-17.47,39.5,0.0,0.0,0,0.01,3.4375,2062,0.00999,3.41,1778.49825,248.809,3.428150439012267,2.58096,4.92157,6,True,1
2011,5779,02_21_17_56_29_970,-5.55,-17.78,39.5,0.0,0.0,0,0.01,3.4375,2062,0.00999,3.41,1794.23991,186.982,2.5170091303966298,2.57709,4.92157,6,True,1
2012,5780,02_21_17_56_30_041,-5.08,-17.92,39.5,0.0,0.0,0,0.01,3.5156,2062,0.00999,3.41,1823.40069,200.45,3.269374231026482,2.57838,4.92544,6,True,1
2013,5781,02_21_17_56_30_100,-4.62,-18.05,39.5,0.0,0.0,0,0.01,3.5156,2062,0.00999,3.41,1855.65818,170.052,3.2674543321215674,2.58354,4.9177,6,True,1
2014,5782,02_21_17_56_30_249,-2.23,-18.49,39.5,0.0,0.0,0,0.01,3.5156,2062,0.00999,3.47,1817.72337,292.935,4.161249957644938,2.57967,4.92157,6,True,1
2015,5783,02_21_17_56_30_336,-1.77,-18.53,39.5,0.0,0.0,0,0.01,3.5156,2062,0.00999,3.49,1779.78855,277.233,4.322058727620438,2.58483,4.92157,6,True,1
2016,5784,02_21_17_56_30_396,-1.31,-18.57,39.5,0.0,0.0,0,0.01,3.5156,2062,0.00999,3.51,1792.17543,256.345,4.322978141281772,2.56548,4.92544,6,True,1
2017,5785,02_21_17_56_30_463,-0.35,-18.62,39.49,0.0,0.0,0,0.01,3.5156,2062,0.00999,3.51,1802.23977,217.522,4.085676416763814,2.58096,4.92286,6,True,1
2018,5786,02_21_17_56_30_534,0.12,-18.62,39.5,0.0,0.0,0,0.01,3.5156,2060,0.00999,3.51,1828.30383,222.611,4.478543341869094,2.58741,4.92802,6,True,1
2019,5787,02_21_17_56_30_587,0.6,-18.62,39.5,0.0,0.0,0,0.01,3.5156,2060,0.00999,3.51,1819.27173,324.093,4.406838578845384,2.57967,4.92544,6,True,1
2020,5788,02_21_17_56_30_664,1.48,-18.57,39.5,-0.0,0.0,0,0.01,3.5156,2062,0.00999,3.51,1852.56146,227.249,4.398825648965869,2.58096,4.92415,6,True,1
2021,5789,02_21_17_56_30_719,1.94,-18.52,39.5,0.0,0.0,0,0.01,3.5156,2062,0.00999,3.5,1832.69085,156.291,4.405082049746634,2.58225,4.92028,6,True,1
2022,5790,02_21_17_56_30_774,2.39,-18.47,39.5,0.0,0.0,0,0.01,3.5156,2062,0.00999,3.49,1826.49741,205.139,4.325759386801352,2.57838,4.92028,6,True,1
2023,5791,02_21_17_56_30_843,3.1,-18.36,39.5,0.0,0.0,0,0.01,3.5156,2062,0.00999,3.49,1870.88372,237.228,4.477858292197286,2.58354,4.92673,6,True,1
2024,5792,02_21_17_56_30_906,3.81,-18.25,39.5,-0.0,0.0,0,0.01,3.5156,2062,0.01,3.49,1872.17402,222.92,4.477858292197286,2.58225,4.92286,6,True,1
2025,5793,02_21_17_56_30_954,4.68,-18.04,39.49,0.0,0.0,0,0.01,3.5156,2062,0.00999,3.45,1844.04549,216.131,4.635453447344715,2.58225,4.92157,6,True,1
2026,5794,02_21_17_56_31_028,5.12,-17.92,39.5,0.0,0.0,0,0.01,3.5156,2060,0.00999,3.47,1868.56118,189.34,4.564892382630723,2.60419,4.92931,6,True,1
2027,5795,02_21_17_56_31_080,5.56,-17.8,39.5,0.0,0.0,0,0.01,3.5156,2060,0.00999,3.48,1899.78644,566.531,4.486755779513746,2.57193,4.92415,6,True,1
2028,5796,02_21_17_56_31_137,6.02,-17.64,39.5,0.0,0.0,0,0.01,3.5156,2062,0.00999,3.49,1917.07645,726.868,4.476378850142154,2.58225,4.92028,6,True,1
2029,5797,02_21_17_56_31_207,6.47,-17.49,39.49,0.0,0.0,0,0.01,3.5156,2062,0.00999,3.49,1900.56062,426.602,4.409068836500514,2.6029,4.92802,6,True,1
2030,5798,02_21_17_56_31_272,7.32,-17.14,39.49,-0.0,0.0,0,0.01,3.5156,2060,0.00999,3.53,1913.72168,257.184,4.486833476963459,2.58354,4.92157,6,True,1
2031,5799,02_21_17_56_31_327,7.76,-16.92,39.5,0.0,0.0,0,0.01,3.5156,2060,0.00999,3.51,1917.59257,231.525,4.555213911552344,2.56806,4.92544,6,True,1
2032,5800,02_21_17_56_31_380,8.21,-16.71,39.5,0.0,0.0,0,0.01,3.5156,2060,0.00999,3.49,1912.9475,259.919,4.482052578060637,2.58483,4.92415,6,True,1
2033,5801,02_21_17_56_31_474,9.03,-16.27,39.5,0.0,0.0,0,0.01,3.5156,2060,0.01,3.49,1912.68944,689.885,4.637626382644466,2.5629,4.92028,6,True,1
2034,5802,02_21_17_56_31_524,9.61,-15.92,39.5,0.0,0.0,0,0.01,3.5156,2060,0.01,3.5,1894.8833,818.935,4.714090837584698,2.58096,4.91899,6,True,1
2035,5803,02_21_17_56_31_587,10.19,-15.57,39.5,-0.0,0.0,0,0.01,3.5156,2062,0.00999,3.51,1880.94806,916.141,4.642367215386995,2.58354,4.92286,6,True,1
2036,5804,02_21_17_56_31_642,10.56,-15.32,39.5,0.0,0.0,0,0.01,3.5156,2062,0.00999,3.48,1910.88302,731.097,4.944560919080682,2.57709,4.92157,6,True,1
2037,5805,02_21_17_56_31_700,10.93,-15.06,39.49,0.0,0.0,0,0.01,3.5156,2062,0.00999,3.46,1932.04393,847.93,4.7926745156019095,2.58096,4.92415,6,True,1
2038,5806,02_21_17_56_31_764,11.65,-14.5,39.5,0.0,0.0,0,0.01,3.5156,2060,0.00999,3.46,1940.81797,673.231,4.636964835428451,2.58096,4.92028,6,True,1
2039,5807,02_21_17_56_31_818,12.0,-14.2,39.5,0.0,0.0,0,0.01,3.5156,2060,0.00999,3.48,1945.46305,788.779,4.79476165935284,2.58096,4.92802,6,True,1
2040,5808,02_21_17_56_31_871,12.35,-13.91,39.5,0.0,0.0,0,0.01,3.5156,2060,0.00999,3.51,1965.07561,419.375,4.873832843102028,2.58354,4.92157,6,True,1
2041,5809,02_21_17_56_31_889,12.84,-13.44,39.5,0.0,0.0,0,0.01,3.5156,2060,0.00999,3.52,1969.97875,786.603,4.945914415201703,2.58225,4.92544,6,True,1
2042,5810,02_21_17_56_31_978,13.34,-12.98,39.5,0.0,0.0,0,0.01,3.5156,2060,0.00999,3.52,1984.43011,1060.63,4.949585318488812,2.57838,4.92286,6,True,1
2043,5811,02_21_17_56_32_048,13.66,-12.62,39.5,0.0,0.0,0,0.01,3.5156,2060,0.00999,3.51,1962.75307,327.704,4.873174746764167,2.58354,4.92028,6,True,1
2044,5812,02_21_17_56_32_110,13.99,-12.27,39.49,0.0,0.0,0,0.01,3.5156,2060,0.00999,3.49,1981.84951,669.85,4.8701978966465,2.57967,4.92673,6,True,1
2045,5813,02_21_17_56_32_153,14.3,-11.9,39.5,0.0,0.0,0,0.01,3.5156,2060,0.00999,3.5,1976.17219,746.937,5.018016544661845,2.58225,4.92673,6,True,1
2046,5814,02_21_17_56_32_242,14.6,-11.53,39.5,0.0,0.0,0,0.01,3.5156,2060,0.00999,3.5,1973.33353,818.784,4.94859211821908,2.58483,4.92802,6,True,1
2047,5815,02_21_17_56_32_300,15.18,-10.76,39.49,-0.0,0.0,0,0.01,3.5156,2060,0.00999,3.48,2012.55864,692.102,5.024070865592961,2.58354,4.92415,6,True,1
2048,5816,02_21_17_56_32_364,15.44,-10.36,39.5,0.0,0.0,0,0.01,3.5156,2060,0.00999,3.47,1992.1719,307.455,4.641158049452744,2.58096,4.92157,6,True,1
2049,5817,02_21_17_56_32_406,15.7,-9.96,39.5,0.0,0.0,0,0.01,3.5156,2060,0.00999,3.45,2016.6876,937.525,4.637626382644466,2.58483,4.92157,6,True,1
2050,5818,02_21_17_56_32_488,16.15,-9.21,39.5,0.0,0.0,0,0.01,3.5156,2060,0.00999,3.45,1632.43632,1028.937,9.686089978030347,2.57967,4.92286,6,True,1
2051,5819,02_21_17_56_32_544,16.48,-8.6,39.5,0.0,0.0,0,0.01,3.5156,2060,0.00999,3.48,1621.33974,875.898,9.847808187231308,2.58225,4.91899,6,True,1
2052,5820,02_21_17_56_32_618,16.81,-7.98,39.5,0.0,0.0,0,0.01,3.5156,2060,0.00999,3.51,1611.01734,551.133,9.486426878572352,2.57967,4.92286,6,True,1
2053,5821,02_21_17_56_32_694,17.2,-7.1,39.5,0.0,0.0,0,0.01,3.5156,2060,0.00999,3.51,1576.95342,600.114,8.466397667544326,2.58225,4.92157,6,True,1
2054,5822,02_21_17_56_32_748,17.37,-6.65,39.5,0.0,0.0,0,0.01,3.5156,2060,0.00999,3.51,1513.21261,248.78,9.713121124798146,2.57838,4.92286,6,True,1
2055,5823,02_21_17_56_32_807,17.53,-6.2,39.51,0.0,0.0,0,0.01,3.5156,2060,0.00999,3.51,1491.53558,588.379,2.259705010062154,2.5758,4.92028,6,True,1
2056,5824,02_21_17_56_32_860,17.68,-5.74,39.5,0.0,0.0,0,0.01,3.5156,2060,0.00999,3.51,1480.439,493.518,8.464453936610441,2.57709,4.92028,6,True,1
2057,5825,02_21_17_56_32_926,17.83,-5.28,39.5,-0.0,0.0,0,0.01,3.5156,2060,0.00999,3.52,1469.34242,273.68,7.400050589354103,2.57967,4.91899,6,True,1
2058,5826,02_21_17_56_32_992,18.08,-4.36,39.5,0.0,0.0,0,0.01,3.5156,2060,0.00999,3.5,1492.30976,214.758,0.0,2.57709,4.92157,6,True,1
2059,5827,02_21_17_56_33_050,18.17,-3.95,39.5,0.0,0.0,0,0.01,3.5156,2060,0.00999,3.49,1481.21318,332.973,0.0,2.57967,4.91899,6,True,1
2060,5828,02_21_17_56_33_120,18.27,-3.54,39.5,0.0,0.0,0,0.01,3.5156,2060,0.00999,3.47,1521.21247,496.666,0.0,2.5758,4.92802,6,True,1
2061,5829,02_21_17_56_33_171,18.49,-2.42,39.5,-0.0,0.0,0,0.01,3.5156,2060,0.00327,3.47,1555.53445,572.138,3.5154987498219934,2.5758,4.92802,6,True,1
2062,5830,02_21_17_56_33_229,18.51,-2.32,39.5,0.0,0.0,0,0.01,3.5156,2060,0.00327,3.46,1553.72803,53.557,3.757323718087117,2.57193,4.92931,6,True,1
2063,5831,02_21_17_56_33_280,18.53,-2.21,39.5,0.0,0.0,0,0.01,3.5156,2060,0.0,3.46,1547.79265,80.828,0.0,2.58612,4.92286,6,True,1
2064,5968,02_21_17_56_40_685,18.95,-0.66,40.5,0.0,0.0,0,0.01,3.4375,0,0.0,0.0,1066.51082,3.378,0.0,2.58483,4.91641,6,True,1
2065,5969,02_21_17_56_40_758,18.94,-0.54,40.5,0.0,0.0,0,0.01,3.4375,1574,0.0062,1.48,1587.01776,96.033,0.0,2.57838,4.92415,6,True,1
2066,5970,02_21_17_56_40_821,18.93,-0.18,40.5,0.0,0.0,0,0.01,3.4375,2048,0.0062,2.43,1662.62933,184.122,0.0,2.51645,4.92415,6,True,1
2067,5971,02_21_17_56_40_893,18.92,0.17,40.5,0.0,0.0,0,0.01,3.4375,2048,0.01,3.39,1752.69226,265.467,0.0,2.2971,4.92028,6,True,1
2068,5972,02_21_17_56_40_950,18.91,1.02,40.5,0.0,0.0,0,0.01,3.4375,2050,0.00999,3.22,1796.82051,275.045,0.0,2.16549,4.92544,6,True,1
2069,5973,02_21_17_56_40_994,18.88,1.5,40.5,0.0,0.0,0,0.01,3.4375,2050,0.00999,3.22,1803.01395,227.592,0.0,2.21581,4.92286,6,True,1
2070,5974,02_21_17_56_41_031,18.85,1.97,40.5,-0.0,0.0,0,0.01,3.4375,2050,0.00999,3.22,1816.69113,244.818,0.0,2.16291,4.9177,6,True,1
2071,5975,02_21_17_56_41_095,18.78,2.62,40.5,0.0,0.0,0,0.01,3.4375,2050,0.00999,3.08,1751.66002,320.473,0.0,2.50225,4.92286,6,True,1
2072,5976,02_21_17_56_41_175,18.71,3.28,40.49,0.0,0.0,0,0.01,3.4375,2048,0.00999,2.94,1687.66115,261.443,0.0,2.26871,4.92415,6,True,1
2073,5977,02_21_17_56_41_233,18.53,4.18,40.49,0.0,0.0,0,0.01,3.0469,2048,0.00999,3.41,1699.01579,277.437,2.52297153372764,2.24549,4.92286,6,True,1
2074,5978,02_21_17_56_41_298,18.4,4.62,40.49,0.0,0.0,0,0.01,2.8906,2048,0.00999,2.99,1779.01437,256.437,3.0164194419874697,2.26613,4.92415,6,True,1
2075,5979,02_21_17_56_41_353,18.28,5.07,40.49,0.0,0.0,0,0.01,2.8906,2047,0.01,2.57,1802.49783,264.257,3.02736732203081,2.22355,4.92931,6,True,1
2076,5980,02_21_17_56_41_512,18.01,5.94,40.5,-0.0,0.0,0,0.01,2.8906,2047,0.00999,2.07,1789.07871,252.395,2.850286901787257,2.23387,4.92673,6,True,1
2077,5981,02_21_17_56_41_602,17.72,6.76,40.5,0.0,0.0,0,0.01,3.4375,2047,0.00999,1.24,1711.66072,253.602,5.397433799501389,2.43129,4.92544,6,True,1
2078,5982,02_21_17_56_41_668,17.16,8.05,40.51,0.0,0.0,0,0.01,3.4375,2047,0.00999,2.89,1678.37099,237.503,5.326521220505931,2.32935,4.92028,6,True,1
2079,5983,02_21_17_56_41_738,16.74,8.91,40.5,0.0,0.0,0,0.01,3.125,2047,0.00999,2.89,1701.33833,222.431,4.795721295071264,2.33839,4.92544,6,True,1
2080,5984,02_21_17_56_41_823,16.53,9.3,40.5,0.0,0.0,0,0.01,3.4375,2047,0.00999,3.02,1695.66101,248.062,5.323568677588372,2.40677,4.9306,6,True,1
2081,5985,02_21_17_56_41_891,16.32,9.68,40.49,0.0,0.0,0,0.01,3.3594,2047,0.00999,3.15,1687.91921,210.099,4.866760806994731,2.36161,4.92802,6,True,1
2082,5986,02_21_17_56_41_944,15.8,10.49,40.5,0.0,0.0,0,0.01,3.2031,2048,0.00999,3.15,1726.11208,189.148,3.5194829030697106,2.33968,4.92415,6,True,1
2083,5987,02_21_17_56_41_998,15.53,10.86,40.5,0.0,0.0,0,0.01,3.125,2048,0.00999,2.95,1709.08013,266.77,4.403047715219539,2.46097,4.91899,6,True,1
2084,5988,02_21_17_56_42_071,15.26,11.23,40.51,0.0,0.0,0,0.01,3.4375,2047,0.00999,2.75,1696.69325,214.641,4.567938456514054,2.49322,4.92673,6,True,1
2085,5989,02_21_17_56_42_137,14.68,12.0,40.5,0.0,0.0,0,0.01,3.3594,2047,0.00999,3.16,1700.82221,188.635,4.250970156623074,2.2971,4.92544,6,True,1
2086,5990,02_21_17_56_42_182,14.35,12.38,40.5,0.0,0.0,0,0.01,3.0469,2047,0.00999,3.22,1732.04746,223.734,4.480784590336831,2.28548,4.92802,6,True,1
2087,5991,02_21_17_56_42_234,14.02,12.76,40.51,0.0,0.0,0,0.01,2.9688,2047,0.00999,3.28,1751.91808,251.402,4.55580315778678,2.30613,4.92415,6,True,1
2088,5992,02_21_17_56_42_287,13.54,13.26,40.5,0.0,0.0,0,0.01,3.0469,2047,0.00999,3.17,1745.46658,229.4,4.80021158335755,2.35258,4.91641,6,True,1
2089,5993,02_21_17_56_42_343,13.05,13.75,40.5,0.0,0.0,0,0.01,3.125,2047,0.00999,3.06,1735.91836,174.615,4.8751416184558165,2.44032,4.92286,6,True,1
2090,5994,02_21_17_56_42_405,12.7,14.07,40.5,0.0,0.0,0,0.01,3.4375,2047,0.00999,3.12,1741.33762,240.806,4.635543693300711,2.51516,4.92028,6,True,1
2091,5995,02_21_17_56_42_487,12.34,14.38,40.5,0.0,0.0,0,0.01,3.4375,2047,0.00999,3.17,1685.08055,234.593,4.402952703868166,2.57967,4.92157,6,True,1
2092,5996,02_21_17_56_42_552,11.64,14.94,40.51,0.0,0.0,0,0.01,3.4375,2047,0.01,3.41,1670.88725,159.736,4.403308985865062,2.50484,4.92931,6,True,1
2093,5997,02_21_17_56_42_602,11.28,15.22,40.5,0.0,0.0,0,0.01,3.4375,2047,0.01,3.39,1679.91935,185.796,4.562440305636886,2.46613,4.91899,6,True,1
2094,5998,02_21_17_56_42_658,10.92,15.49,40.5,0.0,0.0,0,0.01,3.3594,2047,0.00999,3.38,1702.62863,244.237,4.871743795859958,2.39774,4.92415,6,True,1
2095,5999,02_21_17_56_42_710,10.52,15.76,40.5,0.0,0.0,0,0.01,3.2812,2047,0.00999,3.38,1687.14503,221.016,4.943799414670866,2.59516,4.92028,6,True,1
2096,6000,02_21_17_56_42_768,10.13,16.03,40.5,0.0,0.0,0,0.01,3.4375,2047,0.00999,3.38,1670.11307,203.076,4.720675287763394,2.46742,4.92157,6,True,1
2097,6001,02_21_17_56_42_821,9.72,16.27,40.5,0.0,0.0,0,0.01,3.4375,2047,0.00999,3.37,1675.27427,229.646,3.522730316813934,2.48419,4.92286,6,True,1
2098,6002,02_21_17_56_42_874,9.3,16.52,40.51,0.0,0.0,0,0.01,3.3594,2047,0.00999,3.35,1723.53148,189.875,2.34367409690426,2.32161,4.92028,6,True,1
2099,6003,02_21_17_56_42_942,8.04,17.17,40.48,0.0,0.0,0,0.01,3.125,2048,0.01,3.3,1712.4349,262.198,4.323284569051637,2.59258,4.9177,6,True,1
2100,6004,02_21_17_56_43_011,7.61,17.36,40.49,0.0,0.0,0,0.01,3.4375,2048,0.01,3.21,1663.66157,392.296,5.0250699599607564,2.44677,4.92415,6,True,1
2101,6005,02_21_17_56_43_082,7.18,17.55,40.5,0.0,0.0,0,0.01,3.2812,2048,0.00999,3.13,1667.79053,132.761,4.6379796703413865,2.46226,4.92028,6,True,1
2102,6006,02_21_17_56_43_128,6.75,17.72,40.5,0.0,0.0,0,0.01,3.3594,2048,0.00999,3.19,1693.85459,177.316,4.405485638666865,2.31258,4.92415,6,True,1
2103,6007,02_21_17_56_43_194,6.32,17.88,40.51,-0.0,0.0,0,0.01,3.125,2048,0.00999,3.25,1702.62863,283.395,4.557754013765991,2.51129,4.92544,6,True,1
2104,6008,02_21_17_56_43_260,5.5,18.14,40.49,0.0,0.0,0,0.01,3.4375,2050,0.01,3.22,1677.33875,183.466,4.644259190925933,2.53967,4.92415,6,True,1
2105,6009,02_21_17_56_43_313,5.01,18.27,40.5,0.0,0.0,0,0.01,3.4375,2050,0.01,3.24,1667.27441,211.159,4.406909774717427,2.47258,4.92286,6,True,1
2106,6010,02_21_17_56_43_380,4.52,18.4,40.5,0.0,0.0,0,0.01,3.4375,2050,0.01,3.26,1659.79067,212.311,4.567152321195342,2.47903,4.92415,6,True,1
2107,6011,02_21_17_56_43_446,4.06,18.5,40.5,0.0,0.0,0,0.01,3.4375,2050,0.01,3.33,1693.33847,223.417,4.563418238831502,2.40419,4.92415,6,True,1
2108,6012,02_21_17_56_43_515,3.59,18.61,40.5,0.0,0.0,0,0.01,3.2031,2050,0.00999,3.41,1741.07956,299.176,4.790288094937506,2.2971,4.92286,6,True,1
2109,6013,02_21_17_56_43_575,2.36,18.76,40.5,0.0,0.0,0,0.01,3.2812,2050,0.00999,3.32,1708.56401,241.874,4.5566830589805125,2.56677,4.92028,6,True,1
2110,6014,02_21_17_56_43_738,1.13,18.92,40.5,0.0,0.0,0,0.01,3.4375,2050,0.00999,3.22,1671.66143,147.503,4.63500219120768,2.4958,4.92415,6,True,1
2111,6015,02_21_17_56_43_798,0.14,18.95,40.5,0.0,0.0,0,0.01,3.4375,2050,0.00999,3.39,1705.98341,207.548,4.873439426626743,2.42742,4.92544,6,True,1
2112,6016,02_21_17_56_43_866,-0.84,18.9,40.5,0.0,0.0,0,0.01,3.3594,2050,0.00999,3.29,1717.5961,287.687,5.099006654486734,2.58612,4.92286,6,True,1
2113,6017,02_21_17_56_44_009,-1.82,18.85,40.5,0.0,0.0,0,0.01,3.2031,2050,0.00999,3.19,1711.40266,220.887,4.483141360976698,2.33065,4.92415,6,True,1
2114,6018,02_21_17_56_44_071,-2.48,18.78,40.5,0.0,0.0,0,0.01,3.125,2050,0.00999,3.19,1734.88612,296.901,4.398556186409354,2.35129,4.92415,6,True,1
2115,6019,02_21_17_56_44_158,-3.13,18.71,40.5,0.0,0.0,0,0.01,3.4375,2050,0.00999,3.18,1680.69353,219.78,4.479228286769943,2.57967,4.92931,6,True,1
2116,6020,02_21_17_56_44_218,-4.04,18.55,40.51,0.0,0.0,0,0.01,3.4375,2050,0.00999,3.18,1681.98383,254.8,4.870591574952677,2.45451,4.92028,6,True,1
2117,6021,02_21_17_56_44_347,-5.08,18.29,40.5,0.0,0.0,0,0.01,3.4375,2050,0.00999,3.23,1686.88697,202.408,5.395967439903617,2.57709,4.92415,6,True,1
2118,6022,02_21_17_56_44_395,-5.99,18.0,40.5,0.0,0.0,0,0.01,3.4375,2050,0.00999,3.42,1660.82291,103.607,5.31895,2.52419,4.92673,6,True,1
2119,6023,02_21_17_56_44_463,-6.44,17.83,40.5,0.0,0.0,0,0.01,3.4375,2051,0.00999,3.41,1674.75815,210.374,4.86805,2.53838,4.92415,6,True,1
2120,6024,02_21_17_56_44_539,-6.89,17.66,40.5,0.0,0.0,0,0.01,3.4375,2051,0.00999,3.4,1672.17755,166.111,5.025458443017911,2.59258,4.92415,6,True,1
2121,6025,02_21_17_56_44_587,-7.34,17.48,40.5,0.0,0.0,0,0.01,3.4375,2051,0.00999,3.42,1661.59709,149.043,4.790957576779406,2.58225,4.92286,6,True,1
2122,6026,02_21_17_56_44_643,-7.79,17.29,40.51,0.0,0.0,0,0.01,3.4375,2051,0.00999,3.45,1661.85515,216.486,4.950817736748143,2.55387,4.92931,6,True,1
2123,6027,02_21_17_56_44_703,-8.65,16.86,40.5,0.0,0.0,0,0.01,3.4375,2051,0.00999,3.4,1679.14517,188.931,4.639122033585665,2.58871,4.92415,6,True,1
2124,6028,02_21_17_56_44_760,-9.07,16.63,40.5,0.0,0.0,0,0.01,3.4375,2050,0.00999,3.39,1650.75857,210.879,4.636243039897714,2.56548,4.92028,6,True,1
2125,6029,02_21_17_56_44_815,-9.49,16.4,40.5,0.0,0.0,0,0.01,3.4375,2050,0.00999,3.38,1675.27427,236.748,4.554609280992168,2.50096,4.92157,6,True,1
2126,6030,02_21_17_56_44_874,-9.91,16.13,40.5,0.0,0.0,0,0.01,3.4375,2050,0.00999,3.39,1667.27441,163.255,4.479228286769943,2.57193,4.92028,6,True,1
2127,6031,02_21_17_56_44_922,-10.33,15.87,40.5,0.0,0.0,0,0.01,3.4375,2050,0.00999,3.4,1658.24231,134.619,4.398556186409354,2.55129,4.92157,6,True,1
2128,6032,02_21_17_56_44_969,-10.71,15.61,40.5,0.0,0.0,0,0.01,3.4375,2050,0.00999,3.38,1648.43603,258.883,4.483141360976698,2.54871,4.92415,6,True,1
2129,6033,02_21_17_56_45_039,-11.09,15.35,40.5,0.0,0.0,0,0.01,3.4375,2051,0.00999,3.36,1705.72535,250.997,4.163971784546576,2.54225,4.92673,6,True,1
2130,6034,02_21_17_56_45_087,-11.49,15.04,40.5,0.0,0.0,0,0.01,3.4375,2051,0.00999,3.41,1685.85473,206.746,4.403182311124534,2.58225,4.91124,6,True,1
2131,6035,02_21_17_56_45_145,-11.89,14.73,40.5,-0.0,0.0,0,0.01,3.4375,2050,0.00999,3.47,1700.56415,231.074,4.328208626267916,2.47516,4.92673,6,True,1
2132,6036,02_21_17_56_45_203,-12.59,14.15,40.5,0.0,0.0,0,0.01,3.3594,2050,0.00999,3.47,1721.467,268.131,4.323276505441214,2.46355,4.92286,6,True,1
2133,6037,02_21_17_56_45_257,-12.92,13.84,40.5,0.0,0.0,0,0.01,3.4375,2050,0.00999,3.4,1699.78997,264.01,4.479601848937024,2.53322,4.92028,6,True,1
2134,6038,02_21_17_56_45_329,-13.25,13.52,40.5,0.0,0.0,0,0.01,3.4375,2050,0.00999,3.33,1676.82263,306.036,4.795459595283856,2.52419,4.92544,6,True,1
2135,6039,02_21_17_56_45_377,-13.64,13.11,40.5,0.0,0.0,0,0.01,3.4375,2050,0.00999,3.37,1720.69282,236.618,4.943376305977525,2.47774,4.92157,6,True,1
2136,6040,02_21_17_56_45_457,-14.04,12.7,40.51,0.0,0.0,0,0.01,3.4375,2050,0.01,3.41,1685.59667,183.287,4.870913651718741,2.57967,4.92028,6,True,1
2137,6041,02_21_17_56_45_521,-14.65,11.97,40.5,-0.0,0.0,0,0.01,3.4375,2050,0.00999,3.41,1681.20965,298.796,4.873146131863891,2.52032,4.91899,6,True,1
2138,6042,02_21_17_56_45_676,-15.53,10.83,40.5,0.0,0.0,0,0.01,3.4375,2050,0.00999,3.38,1645.33931,90.977,4.947260494455492,2.57967,4.92157,6,True,1
2139,6043,02_21_17_56_45_775,-16.07,10.04,40.51,0.0,0.0,0,0.01,3.4375,2050,0.00999,3.43,1703.66087,221.981,2.7648714879719094,2.48419,4.92028,6,True,1
2140,6044,02_21_17_56_45_855,-16.55,9.21,40.51,0.0,0.0,0,0.01,3.4375,2050,0.00999,3.41,1695.14489,219.196,4.795001586287537,2.58354,4.92028,6,True,1
2141,6045,02_21_17_56_45_912,-16.96,8.42,40.5,0.0,0.0,0,0.01,3.4375,2050,0.00999,3.41,1649.21021,254.362,4.790906641231907,2.56419,4.92544,6,True,1
2142,6046,02_21_17_56_46_071,-17.37,7.55,40.51,0.0,0.0,0,0.01,3.4375,2050,0.00999,3.36,1677.59681,255.639,2.097911535908986,2.4958,4.92544,6,True,1
2143,6047,02_21_17_56_46_156,-17.7,6.71,40.5,0.0,0.0,0,0.01,3.4375,2050,0.00999,3.4,1667.27441,198.905,5.023369993341124,2.47903,4.92028,6,True,1
2144,6048,02_21_17_56_46_217,-18.02,5.8,40.49,-0.0,0.0,0,0.01,3.4375,2050,0.00999,3.4,1658.75843,236.773,4.789756809066615,2.54225,4.92415,6,True,1
2145,6049,02_21_17_56_46_293,-18.16,5.34,40.49,0.0,0.0,0,0.01,3.4375,2050,0.00999,3.35,1672.17755,311.367,1.65831084088599,2.56419,4.92544,6,True,1
2146,6050,02_21_17_56_46_353,-18.29,4.88,40.49,0.0,0.0,0,0.01,3.4375,2050,0.00999,3.3,1648.17797,235.128,0.6116054385794816,2.53451,4.92157,6,True,1
2147,6051,02_21_17_56_46_431,-18.61,3.48,40.49,0.0,0.0,0,0.01,3.4375,2050,0.00999,3.39,1701.08027,238.676,1.2274784010319693,2.46355,4.92286,6,True,1
2148,6052,02_21_17_56_46_491,-18.69,2.99,40.5,0.0,0.0,0,0.01,3.4375,2050,0.00999,3.39,1662.11321,187.537,4.716537985906612,2.54354,4.92286,6,True,1
2149,6053,02_21_17_56_46_543,-18.77,2.49,40.5,0.0,0.0,0,0.01,3.4375,2050,0.00999,3.39,1642.24259,260.758,0.6980619976047973,2.47516,4.92028,6,True,1
2150,6054,02_21_17_56_46_585,-18.82,2.04,40.5,0.0,0.0,0,0.01,3.4375,2050,0.00999,3.39,1672.17755,245.106,1.1358455616852143,2.42226,4.92157,6,True,1
2151,6055,02_21_17_56_46_659,-18.88,1.58,40.5,0.0,0.0,0,0.01,3.4375,2050,0.01,3.39,1652.04887,224.577,0.0,2.57838,4.92673,6,True,1
2152,6056,02_21_17_56_46_724,-18.94,0.62,40.5,0.0,0.0,0,0.01,3.4375,2050,0.00999,3.47,1656.95201,285.478,4.3215989474383205,2.57709,4.92028,6,True,1
2153,6057,02_21_17_56_46_769,-18.94,0.14,40.5,0.0,0.0,0,0.01,3.4375,2050,0.00999,3.45,1659.79067,192.309,0.8703648444761541,2.49322,4.92673,6,True,1
2154,6058,02_21_17_56_46_824,-18.95,-0.34,40.5,0.0,0.0,0,0.01,3.4375,2050,0.00999,3.44,1667.79053,269.772,0.6181256344789463,2.52419,4.92286,6,True,1
2155,6059,02_21_17_56_46_979,-18.91,-1.22,40.5,0.0,0.0,0,0.01,3.4375,2050,0.00999,3.4,1669.59695,279.754,0.0,2.59258,4.92415,6,True,1
2156,6060,02_21_17_56_47_039,-18.84,-2.14,40.5,0.0,0.0,0,0.01,3.4375,2050,0.00999,3.42,1654.88753,246.759,4.405169101464778,2.52806,4.92802,6,True,1
2157,6061,02_21_17_56_47_116,-18.67,-3.52,40.52,0.0,0.0,0,0.01,3.4375,2050,0.00999,3.42,1652.04887,180.297,0.7030878501296974,2.55645,4.91899,6,True,1
2158,6062,02_21_17_56_47_169,-18.57,-3.97,40.52,0.0,0.0,0,0.01,3.4375,2050,0.00999,3.38,1673.46785,260.808,0.5261162656675804,2.46355,4.92415,6,True,1
2159,6063,02_21_17_56_47_232,-18.47,-4.42,40.52,0.0,0.0,0,0.01,3.4375,2050,0.00999,3.35,1666.24217,197.978,0.0,2.55258,4.92544,6,True,1
2160,6064,02_21_17_56_47_288,-18.34,-4.88,40.51,0.0,0.0,0,0.01,3.4375,2050,0.00999,3.4,1675.53233,177.149,0.3511966721083786,2.5758,4.92028,6,True,1
2161,6065,02_21_17_56_47_339,-18.21,-5.34,40.5,-0.0,0.0,0,0.01,3.4375,2050,0.00999,3.45,1675.27427,251.89,0.3522868859324741,2.53838,4.92802,6,True,1
2162,6066,02_21_17_56_47_402,-17.93,-6.21,40.5,0.0,0.0,0,0.01,3.4375,2050,0.00999,3.42,1654.37141,225.053,0.0,2.56677,4.92157,6,True,1
2163,6067,02_21_17_56_47_452,-17.76,-6.66,40.5,0.0,0.0,0,0.01,3.4375,2050,0.00999,3.42,1665.20993,262.073,2.4292760490524743,2.52677,4.92415,6,True,1
2164,6068,02_21_17_56_47_512,-17.58,-7.11,40.5,-0.0,0.0,0,0.01,3.4375,2050,0.00999,3.41,1651.01663,199.473,2.3413525070992622,2.57709,4.92286,6,True,1
2165,6069,02_21_17_56_47_574,-17.38,-7.55,40.5,0.0,0.0,0,0.01,3.4375,2050,0.00999,3.43,1657.21007,228.356,0.0,2.57193,4.92415,6,True,1
2166,6070,02_21_17_56_47_664,-17.19,-7.99,40.49,0.0,0.0,0,0.01,3.4375,2050,0.00999,3.45,1668.56471,242.446,1.3124383271224596,2.56935,4.92157,6,True,1
2167,6071,02_21_17_56_47_715,-16.79,-8.81,40.5,0.0,0.0,0,0.01,3.4375,2050,0.00999,3.45,1649.98439,248.133,0.0,2.57451,4.92802,6,True,1
2168,6072,02_21_17_56_47_768,-16.45,-9.4,40.5,0.0,0.0,0,0.01,3.4375,2050,0.00999,3.43,1691.01593,235.52,0.0,2.56161,4.92544,6,True,1
2169,6073,02_21_17_56_47_830,-16.12,-9.99,40.5,0.0,0.0,0,0.01,3.4375,2050,0.00999,3.41,1704.95117,264.323,3.9307131668439,2.57322,4.92673,6,True,1
2170,6074,02_21_17_56_47_871,-15.86,-10.38,40.5,0.0,0.0,0,0.01,3.4375,2050,0.00999,3.4,1687.14503,220.787,0.0,2.57967,4.92028,6,True,1
2171,6075,02_21_17_56_47_939,-15.61,-10.77,40.49,0.0,0.0,0,0.01,3.4375,2048,0.00999,3.38,1677.59681,219.016,0.9706852553737488,2.56161,4.92028,6,True,1
2172,6076,02_21_17_56_47_996,-15.36,-11.12,40.49,0.0,0.0,0,0.01,3.4375,2048,0.00999,3.41,1672.69367,200.934,0.4324300463658833,2.59,4.92415,6,True,1
2173,6077,02_21_17_56_48_056,-15.1,-11.48,40.49,0.0,0.0,0,0.01,3.4375,2050,0.00999,3.43,1685.08055,220.72,0.0,2.57322,4.92028,6,True,1
2174,6078,02_21_17_56_48_106,-14.8,-11.85,40.5,0.0,0.0,0,0.01,3.4375,2050,0.00999,3.42,1699.27385,218.653,1.4028248509703554,2.5758,4.92544,6,True,1
2175,6079,02_21_17_56_48_160,-14.5,-12.22,40.5,0.0,0.0,0,0.01,3.4375,2050,0.00999,3.42,1710.37042,222.715,4.406664539649007,2.57709,4.92544,6,True,1
2176,6080,02_21_17_56_48_220,-13.86,-12.94,40.49,0.0,0.0,0,0.01,3.4375,2050,0.00999,3.44,1707.27371,207.552,4.478006209520036,2.5758,4.92673,6,True,1
2177,6081,02_21_17_56_48_298,-13.54,-13.26,40.5,0.0,0.0,0,0.01,3.4375,2050,0.00999,3.44,1726.88626,195.524,4.482402572839704,2.57451,4.92157,6,True,1
2178,6082,02_21_17_56_48_408,-13.23,-13.59,40.5,0.0,0.0,0,0.01,3.4375,2050,0.00999,3.45,1752.4342,171.371,0.2608623391752822,2.5758,4.92028,6,True,1
2179,6083,02_21_17_56_48_565,-11.37,-15.18,40.49,0.0,0.0,0,0.01,3.4375,2050,0.00999,3.39,1755.27286,198.972,0.5261162656675804,2.57322,4.92286,6,True,1
2180,6084,02_21_17_56_48_617,-10.59,-15.74,40.5,0.0,0.0,0,0.01,3.5156,2050,0.00999,3.39,1759.40182,182.151,4.398112329738748,2.57451,4.92157,6,True,1
2181,6085,02_21_17_56_48_672,-10.16,-16.0,40.5,0.0,0.0,0,0.01,3.5156,2050,0.00999,3.41,1750.88584,244.91,4.402002477566318,2.5758,4.92415,6,True,1
2182,6086,02_21_17_56_48_731,-9.74,-16.27,40.49,0.0,0.0,0,0.01,3.5156,2048,0.00999,3.43,1774.11124,194.112,1.2227833056187838,2.57709,4.92415,6,True,1
2183,6087,02_21_17_56_48_783,-9.34,-16.5,40.5,0.0,0.0,0,0.01,3.5156,2048,0.00999,3.46,1774.3693,243.29,1.2258869299409303,2.57709,4.92157,6,True,1
2184,6088,02_21_17_56_48_839,-8.95,-16.73,40.5,0.0,0.0,0,0.01,3.5156,2050,0.00999,3.48,1770.4984,190.764,1.9161021384571333,2.58096,4.92028,6,True,1
2185,6089,02_21_17_56_48_891,-8.52,-16.94,40.5,0.0,0.0,0,0.01,3.5156,2050,0.00999,3.5,1788.56259,243.787,1.744250844918815,2.58096,4.92157,6,True,1
2186,6090,02_21_17_56_48_947,-8.1,-17.15,40.5,0.0,0.0,0,0.01,3.5156,2050,0.00999,3.51,1800.43335,179.909,2.431915101828187,2.56548,4.92286,6,True,1
2187,6091,02_21_17_56_48_999,-7.65,-17.34,40.5,0.0,0.0,0,0.01,3.5156,2050,0.00999,3.52,1799.65917,206.675,2.605855606609852,2.58225,4.92157,6,True,1
2188,6092,02_21_17_56_49_068,-7.21,-17.53,40.49,0.0,0.0,0,0.01,3.5156,2048,0.00999,3.54,1809.20739,203.999,4.402540964318219,2.57193,4.92415,6,True,1
2189,6093,02_21_17_56_49_125,-6.32,-17.87,40.5,0.0,0.0,0,0.01,3.5156,2050,0.01,3.52,1805.07843,202.943,3.185478489175527,2.57838,4.92286,6,True,1
2190,6094,02_21_17_56_49_184,-5.86,-18.02,40.5,0.0,0.0,0,0.01,3.5156,2050,0.01,3.51,1805.59455,280.819,4.169259603634679,2.57838,4.92415,6,True,1
2191,6095,02_21_17_56_49_247,-5.41,-18.17,40.5,0.0,0.0,0,0.01,3.5156,2048,0.01,3.49,1817.46531,187.391,3.2717725203626244,2.57967,4.92544,6,True,1
2192,6096,02_21_17_56_49_295,-4.98,-18.29,40.5,0.0,0.0,0,0.01,3.5156,2048,0.01,3.49,1809.20739,281.086,3.4364384168059816,2.58096,4.92286,6,True,1
2193,6097,02_21_17_56_49_371,-4.56,-18.41,40.49,0.0,0.0,0,0.01,3.5156,2050,0.00998,3.49,1826.49741,256.374,4.243410521031403,2.57838,4.92286,6,True,1
2194,6098,02_21_17_56_49_416,-3.2,-18.7,40.5,0.0,0.0,0,0.01,3.5156,2050,0.00999,3.49,1839.14235,215.768,3.19202709614126,2.57451,4.91899,6,True,1
2195,6099,02_21_17_56_49_488,-2.72,-18.76,40.5,0.0,0.0,0,0.01,3.5156,2050,0.00999,3.48,1834.49727,234.948,3.1851173231923497,2.58483,4.92157,6,True,1
2196,6100,02_21_17_56_49_531,-2.24,-18.82,40.5,0.0,0.0,0,0.01,3.5156,2050,0.00999,3.47,1822.62651,233.353,3.5975711184770205,2.5758,4.92802,6,True,1
2197,6101,02_21_17_56_49_596,-1.76,-18.86,40.5,0.0,0.0,0,0.01,3.5156,2050,0.00999,3.49,1815.91695,258.992,3.3562533906873004,2.57709,4.92028,6,True,1
2198,6102,02_21_17_56_49_655,-1.28,-18.9,40.5,0.0,0.0,0,0.01,3.5156,2048,0.00999,3.51,1829.85219,193.945,3.6783337508306655,2.58096,4.91641,6,True,1
2199,6103,02_21_17_56_49_763,-0.32,-18.94,40.49,0.0,0.0,0,0.01,3.5156,2048,0.01,3.51,1823.91681,177.73,4.004467088764746,2.57709,4.92157,6,True,1
2200,6104,02_21_17_56_49_829,0.63,-18.93,40.5,0.0,0.0,0,0.01,3.5156,2050,0.00999,3.54,1829.07801,168.703,3.848408019233408,2.58096,4.92415,6,True,1
2201,6105,02_21_17_56_49_901,1.1,-18.91,40.5,0.0,0.0,0,0.01,3.5156,2050,0.00999,3.52,1809.72351,165.914,3.923966985080277,2.56548,4.93576,6,True,1
2202,6106,02_21_17_56_49_965,1.58,-18.89,40.5,0.0,0.0,0,0.01,3.5156,2048,0.00998,3.5,1796.56245,169.943,3.517887801294976,2.57838,4.92415,6,True,1
2203,6107,02_21_17_56_50_028,2.54,-18.79,40.5,0.0,0.0,0,0.01,3.5156,2050,0.00999,3.51,1794.49797,224.527,4.085343633649439,2.58096,4.92415,6,True,1
2204,6108,02_21_17_56_50_088,2.98,-18.72,40.5,0.0,0.0,0,0.01,3.5156,2050,0.00999,3.5,1817.20725,194.897,4.164298284225087,2.58096,4.92157,6,True,1
2205,6109,02_21_17_56_50_160,3.41,-18.65,40.49,0.0,0.0,0,0.01,3.5156,2050,0.00999,3.49,1856.94848,197.402,4.486833476963459,2.56677,4.92157,6,True,1
2206,6110,02_21_17_56_50_217,4.79,-18.35,40.49,-0.0,0.0,0,0.01,3.5156,2050,0.01,3.49,1829.33607,264.432,4.559084706934057,2.57709,4.92157,6,True,1
2207,6111,02_21_17_56_50_278,5.21,-18.24,40.5,0.0,0.0,0,0.01,3.5156,2050,0.01,3.5,1831.14249,316.419,4.404638850689124,2.57064,4.92673,6,True,1
2208,6112,02_21_17_56_50_347,5.63,-18.13,40.5,0.0,0.0,0,0.01,3.5156,2048,0.00999,3.51,1828.04577,207.097,4.400648050571642,2.57709,4.92415,6,True,1
2209,6113,02_21_17_56_50_418,6.5,-17.84,40.49,0.0,0.0,0,0.01,3.5156,2048,0.00999,3.51,1843.52937,279.758,4.486755779513746,2.5758,4.92415,6,True,1
2210,6114,02_21_17_56_50_512,7.35,-17.49,40.5,0.0,0.0,0,0.01,3.5156,2048,0.00999,3.52,1878.62552,257.076,4.244864395066113,2.57967,4.92415,6,True,1
2211,6115,02_21_17_56_50_587,7.8,-17.27,40.5,0.0,0.0,0,0.01,3.5156,2048,0.00999,3.51,1885.33508,242.075,4.318435624447816,2.57967,4.92157,6,True,1
2212,6116,02_21_17_56_50_650,8.26,-17.06,40.5,-0.0,0.0,0,0.01,3.5156,2048,0.00999,3.5,1922.23765,226.89,4.244626223827017,2.43903,4.91899,6,True,1
2213,6117,02_21_17_56_50_726,9.04,-16.65,40.5,0.0,0.0,0,0.01,3.5156,2048,0.00999,3.48,1916.04422,236.138,4.328442198412727,2.56806,4.94092,6,True,1
2214,6118,02_21_17_56_50_784,9.64,-16.29,40.5,0.0,0.0,0,0.01,3.5156,2048,0.00999,3.49,1926.36661,406.754,4.322332959178411,2.57451,4.92028,6,True,1
2215,6119,02_21_17_56_50_848,10.24,-15.93,40.5,0.0,0.0,0,0.01,3.5156,2048,0.00999,3.49,1910.62496,615.917,4.56078956788186,2.58096,4.92286,6,True,1
2216,6120,02_21_17_56_50_912,10.6,-15.68,40.5,0.0,0.0,0,0.01,3.5156,2048,0.00999,3.48,1938.49543,803.349,4.7926745156019095,2.5758,4.92415,6,True,1
2217,6121,02_21_17_56_50_985,10.97,-15.43,40.49,0.0,0.0,0,0.01,3.5156,2048,0.00999,3.47,1919.91511,1107.82,4.5659156014976885,2.57709,4.92286,6,True,1
2218,6122,02_21_17_56_51_041,11.71,-14.88,40.5,0.0,0.0,0,0.01,3.5156,2048,0.00999,3.48,1955.01127,787.839,4.864869372603955,2.57451,4.92415,6,True,1
2219,6123,02_21_17_56_51_219,13.16,-13.62,40.49,0.0,0.0,0,0.01,3.5156,2048,0.00999,3.52,2041.97748,1078.298,4.792703610959059,2.57709,4.92157,6,True,1
2220,6124,02_21_17_56_51_292,13.46,-13.31,40.5,0.0,0.0,0,0.01,3.5156,2048,0.00999,3.52,2027.78418,663.779,5.022544087661152,2.57967,4.92028,6,True,1
2221,6125,02_21_17_56_51_341,13.77,-13.0,40.5,0.0,0.0,0,0.01,3.5156,2048,0.00999,3.52,2009.71998,948.447,4.791197694209664,2.57451,4.92286,6,True,1
2222,6126,02_21_17_56_51_417,14.23,-12.48,40.5,0.0,0.0,0,0.01,3.5156,2048,0.00999,3.52,2049.71928,384.033,4.864675888998156,2.57709,4.91899,6,True,1
2223,6127,02_21_17_56_51_478,14.69,-11.95,40.5,-0.0,0.0,0,0.01,3.5156,2048,0.00999,3.51,2009.20386,682.099,4.873460886526124,2.57838,4.91899,6,True,1
2224,6128,02_21_17_56_51_534,15.23,-11.25,40.49,0.0,0.0,0,0.01,3.5156,2048,0.00999,3.51,2001.72012,593.944,4.873460886526124,2.58225,4.92028,6,True,1
2225,6129,02_21_17_56_51_586,15.49,-10.87,40.5,0.0,0.0,0,0.01,3.5156,2048,0.00999,3.49,2011.26834,1560.506,7.45924245902357,2.57838,4.92157,6,True,1
2226,6130,02_21_17_56_51_651,15.75,-10.49,40.5,0.0,0.0,0,0.01,3.5156,2048,0.01,3.47,1925.59243,1171.893,10.025512962562065,2.57322,4.92028,6,True,1
2227,6131,02_21_17_56_51_716,16.24,-9.71,40.5,-0.0,0.0,0,0.01,3.5156,2048,0.00999,3.44,1939.01155,1960.112,10.029059133961669,2.57967,4.91899,6,True,1
2228,6132,02_21_17_56_51_794,16.57,-9.12,40.5,0.0,0.0,0,0.01,3.5156,2048,0.00999,3.46,1922.23765,1775.256,10.029059133961669,2.57967,4.92931,6,True,1
2229,6133,02_21_17_56_51_849,16.9,-8.53,40.5,0.0,0.0,0,0.01,3.5156,2048,0.00999,3.48,1942.62439,655.692,4.788577580555629,2.5758,4.92415,6,True,1
2230,6134,02_21_17_56_51_920,17.1,-8.1,40.5,0.0,0.0,0,0.01,3.5156,2048,0.00999,3.51,1961.72083,392.98,4.6433508385647535,2.57838,4.92544,6,True,1
2231,6135,02_21_17_56_51_991,17.31,-7.67,40.5,0.0,0.0,0,0.01,3.5156,2048,0.00999,3.53,1944.68887,1427.178,10.010427719383422,2.58096,4.92673,6,True,1
2232,6136,02_21_17_56_52_053,17.67,-6.78,40.51,0.0,0.0,0,0.01,3.5156,2048,0.00999,3.51,1975.39801,1770.284,10.029059133961669,2.58354,4.92157,6,True,1
2233,6137,02_21_17_56_52_139,18.0,-5.87,40.5,0.0,0.0,0,0.01,3.5156,2048,0.00999,3.51,2018.23596,844.402,4.483359085830623,2.5758,4.92157,6,True,1
2234,6138,02_21_17_56_52_227,18.25,-5.03,40.5,0.0,0.0,0,0.01,3.5156,2048,0.00999,3.53,2018.49402,413.646,4.081578736530756,2.58483,4.91899,6,True,1
2235,6139,02_21_17_56_52_298,18.37,-4.56,40.5,0.0,0.0,0,0.01,3.5156,2048,0.00999,3.51,1960.17247,595.201,3.9233361572136536,2.58483,4.92286,6,True,1
2236,6140,02_21_17_56_52_360,18.49,-4.1,40.51,0.0,0.0,0,0.01,3.5156,2048,0.00999,3.5,1849.98086,519.6,4.007234510232712,2.57967,4.92415,6,True,1
2237,6141,02_21_17_56_52_423,18.68,-3.2,40.5,0.0,0.0,0,0.01,3.5156,2048,0.01,3.46,1741.33762,356.741,4.0875957903148885,2.57838,4.91641,6,True,1
2238,6142,02_21_17_56_52_503,18.76,-2.73,40.5,0.0,0.0,0,0.01,3.5156,2048,0.01,3.47,1659.01649,148.409,3.688564653764388,2.57967,4.91899,6,True,1
2239,6143,02_21_17_56_52_565,18.84,-2.26,40.5,0.0,0.0,0,0.01,3.5156,2048,0.0,3.48,1654.11335,153.669,3.192988030434815,2.58354,4.92673,6,True,1
2240,6268,02_21_17_56_59_990,19.29,-0.67,41.5,0.0,0.0,0,0.01,3.4375,0,0.0,0.0,874.51421,0.0,0.0,2.58483,0.42874,6,True,1
2241,6269,02_21_17_57_00_046,19.28,-0.12,41.5,0.0,0.0,0,0.01,3.4375,840,0.00529,1.13,1187.28288,88.36,0.0,2.58225,4.92157,6,True,1
2242,6270,02_21_17_57_00_108,19.26,0.44,41.51,0.0,0.0,0,0.01,3.4375,840,0.00529,2.25,1593.46926,169.225,0.0,2.58225,4.92415,6,True,1
2243,6271,02_21_17_57_00_260,19.25,0.99,41.51,0.0,0.0,0,0.01,3.4375,2037,0.00999,3.38,1739.01508,262.804,0.0,2.49967,4.92931,6,True,1
2244,6272,02_21_17_57_00_324,19.22,1.49,41.5,0.0,0.0,0,0.01,3.4375,2037,0.00999,3.34,1758.36958,243.858,0.0,2.39,4.92157,6,True,1
2245,6273,02_21_17_57_00_370,19.19,1.99,41.5,-0.0,0.0,0,0.01,3.4375,2037,0.00999,3.3,1730.24104,286.63,0.0,2.47,4.92028,6,True,1
2246,6274,02_21_17_57_00_431,19.14,2.44,41.5,0.0,0.0,0,0.01,3.4375,2036,0.00999,3.31,1711.1446,303.376,0.0,2.46097,4.92157,6,True,1
2247,6275,02_21_17_57_00_480,19.09,2.9,41.5,0.0,0.0,0,0.01,3.4375,2036,0.00999,3.32,1749.8536,228.231,0.9686359907106488,2.31387,4.92028,6,True,1
2248,6276,02_21_17_57_00_551,18.94,3.78,41.49,0.0,0.0,0,0.01,2.8906,2036,0.01,3.12,1731.53134,240.217,2.431915101828187,2.17065,4.92673,6,True,1
2249,6277,02_21_17_57_00_593,18.82,4.28,41.5,0.0,0.0,0,0.01,2.8906,2036,0.01,3.03,1728.95074,318.674,3.5161531742800967,2.35387,4.9306,6,True,1
2250,6278,02_21_17_57_00_671,18.7,4.79,41.5,0.0,0.0,0,0.01,3.3594,2036,0.01,2.94,1710.88654,316.156,4.169761263249971,2.38871,4.92415,6,True,1
2251,6279,02_21_17_57_00_742,18.44,5.71,41.5,0.0,0.0,0,0.01,3.2031,2035,0.00999,2.94,1710.11236,218.657,4.247951199401896,2.35387,4.92286,6,True,1
2252,6280,02_21_17_57_00_800,18.2,6.38,41.5,0.0,0.0,0,0.01,3.125,2035,0.00999,3.1,1718.37028,205.089,3.1899295074499685,2.29839,4.92157,6,True,1
2253,6281,02_21_17_57_00_860,17.97,7.06,41.5,-0.0,0.0,0,0.01,2.8906,2033,0.00999,3.25,1773.079,232.907,1.4863234548711124,2.23387,4.92028,6,True,1
2254,6282,02_21_17_57_00_962,17.59,7.95,41.5,0.0,0.0,0,0.01,2.8906,2035,0.00999,2.88,1767.9178,228.172,4.871722328396807,2.32161,4.92157,6,True,1
2255,6283,02_21_17_57_01_019,17.38,8.38,41.5,0.0,0.0,0,0.01,3.125,2035,0.00999,2.65,1758.36958,231.383,4.9499726830054325,2.34226,4.92157,6,True,1
2256,6284,02_21_17_57_01_080,17.17,8.81,41.5,0.0,0.0,0,0.01,3.125,2035,0.00999,2.42,1742.88598,201.189,4.870970907580952,2.29581,4.92544,6,True,1
2257,6285,02_21_17_57_01_155,16.72,9.65,41.49,0.0,0.0,0,0.01,3.125,2036,0.00999,2.93,1741.85374,223.333,0.5263150126112688,2.40935,4.92673,6,True,1
2258,6286,02_21_17_57_01_205,16.47,10.06,41.49,0.0,0.0,0,0.01,3.125,2036,0.00999,2.98,1746.75688,202.354,4.717454415519031,2.35387,4.92157,6,True,1
2259,6287,02_21_17_57_01_318,16.22,10.47,41.49,-0.0,0.0,0,0.01,3.4375,2036,0.00999,3.03,1710.11236,201.085,4.947894645705383,2.57838,4.91899,6,True,1
2260,6288,02_21_17_57_01_374,15.75,11.16,41.5,0.0,0.0,0,0.01,3.4375,2036,0.00999,3.27,1701.08027,220.185,5.395999742865079,2.57709,4.92544,6,True,1
2261,6289,02_21_17_57_01_446,15.46,11.55,41.5,0.0,0.0,0,0.01,3.4375,2036,0.00999,3.32,1723.78954,164.533,4.946478262612704,2.54483,4.92157,6,True,1
2262,6290,02_21_17_57_01_506,15.17,11.94,41.51,0.0,0.0,0,0.01,3.4375,2036,0.00999,3.37,1707.27371,236.351,5.977672798213365,2.58483,4.92802,6,True,1
2263,6291,02_21_17_57_01_566,14.31,12.95,41.51,0.0,0.0,0,0.01,3.4375,2035,0.00999,3.37,1707.01565,169.943,5.546216833346854,2.58483,4.92028,6,True,1
2264,6292,02_21_17_57_01_617,13.98,13.3,41.51,0.0,0.0,0,0.01,3.4375,2035,0.00999,3.39,1739.5312,146.676,1.7445306317173108,2.50871,4.91899,6,True,1
2265,6293,02_21_17_57_01_665,13.66,13.64,41.51,0.0,0.0,0,0.01,3.4375,2035,0.00999,3.4,1752.17614,167.067,4.40785894312647,2.33194,4.92544,6,True,1
2266,6294,02_21_17_57_01_734,13.35,13.94,41.5,0.0,0.0,0,0.01,3.125,2035,0.00999,3.36,1709.08013,294.634,4.636476131988603,2.52419,4.92673,6,True,1
2267,6295,02_21_17_57_01_796,13.04,14.24,41.5,0.0,0.0,0,0.01,3.4375,2035,0.00999,3.32,1694.88683,187.958,4.402952703868166,2.58871,4.92415,6,True,1
2268,6296,02_21_17_57_01_829,11.4,15.44,41.5,0.0,0.0,0,0.01,3.4375,2036,0.00999,3.31,1695.91907,187.729,4.326299305411034,2.51129,4.92286,6,True,1
2269,6297,02_21_17_57_02_236,9.75,16.65,41.5,0.0,0.0,0,0.01,3.3594,2036,0.00999,3.3,1758.62764,271.312,3.1080961282592274,2.31129,4.92157,6,True,1
2270,6298,02_21_17_57_02_351,7.94,17.58,41.5,0.0,0.0,0,0.01,3.4375,2036,0.00999,3.31,1662.11321,138.911,4.6425399276689046,2.55387,4.92544,6,True,1
2271,6299,02_21_17_57_02_387,7.52,17.76,41.5,0.0,0.0,0,0.01,3.4375,2036,0.00999,3.32,1670.88725,226.636,4.637821821717605,2.38097,4.92157,6,True,1
2272,6300,02_21_17_57_02_458,7.1,17.95,41.5,0.0,0.0,0,0.01,3.2812,2036,0.00999,3.33,1695.40295,180.974,3.349380577061974,2.30742,4.92544,6,True,1
2273,6301,02_21_17_57_02_514,6.63,18.12,41.5,0.0,0.0,0,0.01,3.125,2036,0.00999,3.3,1741.07956,223.826,4.1600182694911325,2.34613,4.91899,6,True,1
2274,6302,02_21_17_57_02_585,6.16,18.28,41.5,0.0,0.0,0,0.01,3.2812,2036,0.00999,3.28,1725.07984,333.253,3.5144871268792546,2.57064,4.92544,6,True,1
2275,6303,02_21_17_57_02_753,5.29,18.55,41.5,0.0,0.0,0,0.01,3.4375,2037,0.00999,3.26,1697.46743,182.852,2.606337171683664,2.36548,4.92415,6,True,1
2276,6304,02_21_17_57_02_805,4.3,18.8,41.51,0.0,0.0,0,0.01,3.2812,2037,0.01,3.38,1718.8864,262.524,5.019211323753962,2.56677,4.92286,6,True,1
2277,6305,02_21_17_57_02_864,3.43,18.99,41.49,0.0,0.0,0,0.01,3.4375,2036,0.00999,3.38,1671.40337,172.586,5.098288732506231,2.54742,4.92673,6,True,1
2278,6306,02_21_17_57_02_915,2.95,19.06,41.5,0.0,0.0,0,0.01,3.4375,2039,0.00999,3.37,1713.20908,206.074,4.79436175444657,2.55129,4.92028,6,True,1
2279,6307,02_21_17_57_02_984,2.47,19.14,41.5,0.0,0.0,0,0.01,3.4375,2039,0.00999,3.35,1720.95088,238.789,4.63725803277109,2.54483,4.92157,6,True,1
2280,6308,02_21_17_57_03_035,1.82,19.2,41.5,0.0,0.0,0,0.01,3.4375,2037,0.00999,3.38,1689.72563,197.995,4.866703501601469,2.57064,4.92286,6,True,1
2281,6309,02_21_17_57_03_102,1.16,19.25,41.5,0.0,0.0,0,0.01,3.4375,2037,0.01,3.42,1685.08055,188.034,4.946337306785699,2.52419,4.92415,6,True,1
2282,6310,02_21_17_57_03_159,0.19,19.28,41.51,0.0,0.0,0,0.01,3.4375,2039,0.01,3.37,1721.20894,225.062,4.714793321292038,2.40677,4.92286,6,True,1
2283,6311,02_21_17_57_03_314,-0.76,19.27,41.5,0.0,0.0,0,0.01,3.4375,2039,0.00999,3.4,1711.91878,242.743,4.944582070306852,2.36419,4.91899,6,True,1
2284,6312,02_21_17_57_03_375,-1.85,19.2,41.51,0.0,0.0,0,0.01,3.125,2039,0.00999,3.23,1783.40139,250.621,5.178110969504226,2.28936,4.92415,6,True,1
2285,6313,02_21_17_57_03_528,-2.8,19.11,41.51,0.0,0.0,0,0.01,3.2031,2039,0.00999,2.66,1742.62792,211.021,5.020933527990587,2.58354,4.92415,6,True,1
2286,6314,02_21_17_57_03_626,-3.64,18.97,41.48,0.0,0.0,0,0.01,3.4375,2039,0.00999,3.1,1682.49995,326.74,4.871886909863569,2.51387,4.92286,6,True,1
2287,6315,02_21_17_57_03_676,-4.55,18.77,41.5,-0.0,0.0,0,0.01,3.4375,2039,0.01,3.1,1674.50009,203.018,5.1033735450190205,2.58871,4.92286,6,True,1
2288,6316,02_21_17_57_03_743,-5.0,18.64,41.5,0.0,0.0,0,0.01,3.4375,2039,0.01,3.24,1705.46729,218.937,5.319742994262034,2.57967,4.92157,6,True,1
2289,6317,02_21_17_57_03_797,-5.45,18.52,41.51,0.0,0.0,0,0.01,3.4375,2039,0.00999,3.39,1689.98369,166.319,5.466062047992137,2.55645,4.92286,6,True,1
2290,6318,02_21_17_57_03_853,-6.39,18.21,41.5,0.0,0.0,0,0.01,3.4375,2039,0.00999,3.44,1677.33875,140.46,5.402262863837708,2.58871,4.92286,6,True,1
2291,6319,02_21_17_57_03_893,-7.02,17.95,41.5,0.0,0.0,0,0.01,3.4375,2039,0.00999,3.42,1699.53191,193.687,5.322507719111359,2.56419,4.92286,6,True,1
2292,6320,02_21_17_57_03_987,-7.66,17.7,41.51,0.0,0.0,0,0.01,3.4375,2039,0.00999,3.4,1638.3717,205.193,5.023099333329971,2.56419,4.9177,6,True,1
2293,6321,02_21_17_57_04_037,-8.08,17.5,41.5,0.0,0.0,0,0.01,3.4375,2039,0.00999,3.4,1669.33889,213.994,4.639122033585665,2.55258,4.92028,6,True,1
2294,6322,02_21_17_57_04_092,-8.5,17.31,41.5,0.0,0.0,0,0.01,3.4375,2039,0.00999,3.41,1694.88683,237.236,4.7113612494161385,2.56806,4.92931,6,True,1
2295,6323,02_21_17_57_04_151,-9.34,16.87,41.5,-0.0,0.0,0,0.01,3.4375,2037,0.00999,3.41,1687.40309,114.959,5.09615488186927,2.58483,4.92157,6,True,1
2296,6324,02_21_17_57_04_216,-9.76,16.62,41.5,0.0,0.0,0,0.01,3.4375,2037,0.00999,3.42,1644.04901,135.178,5.172290882433044,2.58096,4.92415,6,True,1
2297,6325,02_21_17_57_04_271,-10.18,16.38,41.51,0.0,0.0,0,0.01,3.4375,2039,0.00999,3.44,1722.49924,189.328,2.6828980100816358,2.48032,4.92673,6,True,1
2298,6326,02_21_17_57_04_440,-11.08,15.78,41.51,0.0,0.0,0,0.01,3.4375,2039,0.00999,3.46,1676.04845,201.736,4.086802558541335,2.54096,4.92544,6,True,1
2299,6327,02_21_17_57_04_507,-11.85,15.21,41.51,0.0,0.0,0,0.01,3.4375,2039,0.00999,3.39,1679.40323,190.898,4.167277457765441,2.55129,4.92415,6,True,1
2300,6328,02_21_17_57_04_569,-12.58,14.6,41.5,0.0,0.0,0,0.01,3.4375,2039,0.00999,3.39,1718.11222,232.109,4.251289974819407,2.24936,4.93834,6,True,1
2301,6329,02_21_17_57_04_621,-12.94,14.27,41.5,0.0,0.0,0,0.01,2.9688,2039,0.00999,3.24,1775.6596,281.716,3.1857411296274525,2.35129,4.92286,6,True,1
2302,6330,02_21_17_57_04_682,-13.3,13.95,41.5,0.0,0.0,0,0.01,3.125,2039,0.00999,3.09,1807.65903,293.795,4.636806952257124,2.43516,4.92802,6,True,1
2303,6331,02_21_17_57_04_736,-13.64,13.61,41.5,0.0,0.0,0,0.01,3.4375,2039,0.00999,3.13,1760.176,214.269,3.2663872340094646,2.59,4.92157,6,True,1
2304,6332,02_21_17_57_04_805,-13.97,13.27,41.5,0.0,0.0,0,0.01,3.4375,2039,0.00999,3.17,1716.04774,407.472,4.637919538165792,2.58483,4.92544,6,True,1
2305,6333,02_21_17_57_04_860,-14.56,12.62,41.5,0.0,0.0,0,0.01,3.4375,2037,0.00999,3.31,1679.66129,218.069,3.851921158655769,2.44419,4.92286,6,True,1
2306,6334,02_21_17_57_04_917,-15.0,12.08,41.5,0.0,0.0,0,0.01,3.3594,2037,0.00999,3.34,1712.95102,295.941,2.775228992804017,2.48677,4.92157,6,True,1
2307,6335,02_21_17_57_05_011,-15.43,11.53,41.5,0.0,0.0,0,0.01,3.4375,2039,0.01,3.38,1704.69311,224.465,4.404876284301297,2.52806,4.92544,6,True,1
2308,6336,02_21_17_57_05_083,-16.0,10.75,41.51,0.0,0.0,0,0.01,3.4375,2039,0.00999,3.42,1739.78926,231.04,2.086163572206168,2.48806,4.92673,6,True,1
2309,6337,02_21_17_57_05_147,-16.25,10.34,41.5,0.0,0.0,0,0.01,3.4375,2037,0.00999,3.43,1720.95088,263.509,1.9975880756552389,2.55774,4.92286,6,True,1
2310,6338,02_21_17_57_05_204,-16.5,9.94,41.5,0.0,0.0,0,0.01,3.4375,2037,0.00999,3.44,1637.59752,258.854,5.098794707085195,2.54225,4.92415,6,True,1
2311,6339,02_21_17_57_05_262,-16.98,9.1,41.51,0.0,0.0,0,0.01,3.4375,2039,0.01,3.44,1688.43533,242.58,5.019211323753962,2.40419,4.9177,6,True,1
2312,6340,02_21_17_57_05_327,-17.2,8.65,41.51,0.0,0.0,0,0.01,3.4375,2037,0.01,3.44,1645.85543,188.568,2.005286878478987,2.57193,4.92028,6,True,1
2313,6341,02_21_17_57_05_384,-17.43,8.2,41.51,0.0,0.0,0,0.01,3.4375,2037,0.00999,3.44,1674.24203,242.651,1.829774425988078,2.56806,4.92157,6,True,1
2314,6342,02_21_17_57_05_437,-17.62,7.78,41.51,0.0,0.0,0,0.01,3.4375,2037,0.00999,3.42,1736.17642,223.772,1.7439510235382183,2.43129,4.92673,6,True,1
2315,6343,02_21_17_57_05_490,-17.82,7.37,41.51,0.0,0.0,0,0.01,3.3594,2037,0.00999,3.39,1735.40224,231.27,2.00408697727918,2.52806,4.91383,6,True,1
2316,6344,02_21_17_57_05_552,-17.98,6.94,41.5,0.0,0.0,0,0.01,3.4375,2039,0.00999,3.39,1664.43575,180.874,1.8367342989665107,2.56032,4.92802,6,True,1
2317,6345,02_21_17_57_05_616,-18.15,6.51,41.5,0.0,0.0,0,0.01,3.4375,2039,0.00999,3.38,1649.98439,276.398,4.868630025479447,2.51516,4.92157,6,True,1
2318,6346,02_21_17_57_05_668,-18.45,5.57,41.49,0.0,0.0,0,0.01,3.4375,2037,0.01,3.33,1736.69254,247.356,1.4892524047319848,2.4171,4.92286,6,True,1
2319,6347,02_21_17_57_05_727,-18.58,5.11,41.5,0.0,0.0,0,0.01,3.2031,2037,0.01,3.34,1779.27243,339.01,1.483200701186458,2.37452,4.92286,6,True,1
2320,6348,02_21_17_57_05_782,-18.7,4.64,41.5,0.0,0.0,0,0.01,3.2031,2037,0.01,3.36,1695.66101,173.154,2.085862757949333,2.58612,4.92415,6,True,1
2321,6349,02_21_17_57_05_844,-18.9,3.7,41.5,0.0,0.0,0,0.01,3.4375,2037,0.01,3.32,1636.56528,193.06,5.022710667806777,2.54742,4.93189,6,True,1
2322,6350,02_21_17_57_06_000,-19.09,2.76,41.5,0.0,0.0,0,0.01,3.2812,2037,0.00999,3.28,1746.75688,259.23,0.2621953184173966,2.51387,4.9177,6,True,1
2323,6351,02_21_17_57_06_130,-19.23,1.33,41.49,-0.0,0.0,0,0.01,3.4375,2037,0.00999,3.34,1685.08055,227.846,4.717454415519031,2.56935,4.92931,6,True,1
2324,6352,02_21_17_57_06_224,-19.27,0.37,41.49,0.0,0.0,0,0.01,3.4375,2037,0.01,3.39,1663.14545,249.732,2.2665444011754987,2.5758,4.92544,6,True,1
2325,6353,02_21_17_57_06_272,-19.25,-0.27,41.49,0.0,0.0,0,0.01,3.4375,2037,0.01,3.4,1634.5008,201.932,1.5734599621534702,2.57709,4.92286,6,True,1
2326,6354,02_21_17_57_06_345,-19.24,-0.91,41.5,0.0,0.0,0,0.01,3.4375,2037,0.01,3.4,1642.50065,245.198,1.5734599621534702,2.58483,4.92286,6,True,1
2327,6355,02_21_17_57_06_406,-19.22,-1.55,41.5,0.0,0.0,0,0.01,3.4375,2037,0.00999,3.4,1655.66171,258.328,0.0,2.57451,4.92415,6,True,1
2328,6356,02_21_17_57_06_455,-19.17,-2.03,41.5,0.0,0.0,0,0.01,3.4375,2037,0.00999,3.4,1650.75857,179.746,0.7030878501296974,2.58354,4.91899,6,True,1
2329,6357,02_21_17_57_06_527,-19.13,-2.51,41.5,0.0,0.0,0,0.01,3.4375,2037,0.00999,3.39,1683.01607,284.05,3.5171643180266683,2.54354,4.92028,6,True,1
2330,6358,02_21_17_57_06_576,-19.04,-3.37,41.51,0.0,0.0,0,0.01,3.4375,2037,0.00999,3.44,1652.04887,248.721,0.0922287644935136,2.5758,4.92028,6,True,1
2331,6359,02_21_17_57_06_652,-18.85,-4.27,41.52,0.0,0.0,0,0.01,3.4375,2036,0.00999,3.44,1630.88796,235.324,4.324824442968755,2.56935,4.92802,6,True,1
2332,6360,02_21_17_57_06_702,-18.66,-4.9,41.51,0.0,0.0,0,0.01,3.4375,2036,0.00999,3.43,1655.40365,274.151,0.0,2.57193,4.92544,6,True,1
2333,6361,02_21_17_57_06_759,-18.48,-5.54,41.5,0.0,0.0,0,0.01,3.4375,2036,0.00999,3.43,1657.46813,264.678,2.178758061373497,2.56806,4.92286,6,True,1
2334,6362,02_21_17_57_06_817,-18.33,-6.0,41.5,0.0,0.0,0,0.01,3.4375,2036,0.00999,3.43,1656.95201,272.59,2.937610223463964,2.5758,4.92157,6,True,1
2335,6363,02_21_17_57_06_880,-18.18,-6.45,41.5,0.0,0.0,0,0.01,3.4375,2037,0.00999,3.44,1669.85501,197.987,2.6013432991437324,2.57193,4.92157,6,True,1
2336,6364,02_21_17_57_06_931,-18.04,-6.85,41.5,0.0,0.0,0,0.01,3.4375,2037,0.00999,3.43,1665.20993,265.459,0.7852996323060389,2.57838,4.91899,6,True,1
2337,6365,02_21_17_57_06_993,-17.89,-7.24,41.5,-0.0,0.0,0,0.01,3.4375,2037,0.00999,3.42,1685.33861,241.319,2.770891860033516,2.57322,4.92157,6,True,1
2338,6366,02_21_17_57_07_048,-17.72,-7.64,41.5,0.0,0.0,0,0.01,3.4375,2037,0.00999,3.41,1685.59667,234.0,4.250445274615355,2.57322,4.92544,6,True,1
2339,6367,02_21_17_57_07_109,-17.54,-8.05,41.5,0.0,0.0,0,0.01,3.4375,2037,0.00999,3.4,1690.49981,224.757,0.1690746137064935,2.5758,4.91899,6,True,1
2340,6368,02_21_17_57_07_156,-17.08,-8.97,41.5,0.0,0.0,0,0.01,3.4375,2037,0.01,3.4,1683.27413,215.346,1.6604957046014903,2.5758,4.92157,6,True,1
2341,6369,02_21_17_57_07_215,-16.76,-9.54,41.5,0.0,0.0,0,0.01,3.4375,2037,0.01,3.41,1675.53233,199.811,0.1769333278384827,2.57709,4.92157,6,True,1
2342,6370,02_21_17_57_07_272,-16.43,-10.12,41.5,0.0,0.0,0,0.01,3.4375,2036,0.00999,3.42,1681.72577,221.1,0.7015987813558402,2.57967,4.92286,6,True,1
2343,6371,02_21_17_57_07_313,-16.16,-10.52,41.5,0.0,0.0,0,0.01,3.4375,2036,0.00999,3.42,1679.66129,205.949,0.0,2.57967,4.92415,6,True,1
2344,6372,02_21_17_57_07_386,-15.9,-10.93,41.5,0.0,0.0,0,0.01,3.4375,2036,0.00999,3.42,1693.08041,209.481,1.22469196943558,2.57193,4.91899,6,True,1
2345,6373,02_21_17_57_07_461,-15.33,-11.71,41.49,0.0,0.0,0,0.01,3.4375,2036,0.00999,3.45,1698.75773,213.66,0.0,2.57838,4.92931,6,True,1
2346,6374,02_21_17_57_07_510,-15.02,-12.1,41.5,0.0,0.0,0,0.01,3.4375,2036,0.00999,3.45,1706.75759,203.222,0.0,2.57838,4.92415,6,True,1
2347,6375,02_21_17_57_07_566,-14.71,-12.48,41.5,-0.0,0.0,0,0.01,3.4375,2037,0.01,3.45,1715.78968,183.22,1.0526300252225376,2.57838,4.92286,6,True,1
2348,6376,02_21_17_57_07_624,-14.4,-12.82,41.5,0.0,0.0,0,0.01,3.4375,2037,0.01,3.45,1734.11194,223.496,1.662405104810497,2.57967,4.92157,6,True,1
2349,6377,02_21_17_57_07_685,-14.1,-13.17,41.5,-0.0,0.0,0,0.01,3.4375,2037,0.00999,3.45,1729.98298,204.191,0.0,2.57709,4.91899,6,True,1
2350,6378,02_21_17_57_07_740,-13.76,-13.52,41.5,0.0,0.0,0,0.01,3.4375,2036,0.00999,3.43,1733.33776,185.867,0.0,2.58096,4.92157,6,True,1
2351,6379,02_21_17_57_07_785,-13.43,-13.86,41.49,0.0,0.0,0,0.01,3.5156,2036,0.00999,3.41,1749.8536,201.448,0.0,2.59,4.92802,6,True,1
2352,6380,02_21_17_57_07_881,-12.73,-14.5,41.49,0.0,0.0,0,0.01,3.5156,2036,0.00999,3.43,1788.04647,202.675,4.16471683611263,2.57709,4.92157,6,True,1
2353,6381,02_21_17_57_07_972,-11.99,-15.12,41.49,0.0,0.0,0,0.01,3.5156,2036,0.00999,3.47,1771.53064,226.544,1.831297968655019,2.58096,4.92286,6,True,1
2354,6382,02_21_17_57_08_034,-11.6,-15.41,41.49,0.0,0.0,0,0.01,3.5156,2036,0.00999,3.47,1793.98185,179.705,3.762673438527452,2.57967,4.92286,6,True,1
2355,6383,02_21_17_57_08_100,-11.22,-15.7,41.49,0.0,0.0,0,0.01,3.5156,2036,0.00999,3.48,1813.59441,273.533,4.321429542408391,2.58483,4.92415,6,True,1
2356,6384,02_21_17_57_08_148,-10.82,-15.96,41.5,0.0,0.0,0,0.01,3.5156,2036,0.00999,3.49,1803.53007,258.307,4.317604060703112,2.58096,4.92802,6,True,1
2357,6385,02_21_17_57_08_197,-10.43,-16.23,41.5,0.0,0.0,0,0.01,3.5156,2036,0.00999,3.5,1811.01381,258.432,2.5928195410595003,2.57967,4.92157,6,True,1
2358,6386,02_21_17_57_08_269,-9.6,-16.73,41.49,-0.0,0.0,0,0.01,3.5156,2036,0.00999,3.53,1825.20711,277.32,2.4242338016371274,2.57838,4.92286,6,True,1
2359,6387,02_21_17_57_08_330,-8.97,-17.06,41.5,0.0,0.0,0,0.01,3.5156,2036,0.00999,3.52,1845.33579,188.848,3.92076737386956,2.57967,4.92286,6,True,1
2360,6388,02_21_17_57_08_383,-8.34,-17.39,41.5,0.0,0.0,0,0.01,3.5156,2036,0.00999,3.51,1838.62623,206.784,2.8557122075762464,2.58612,4.92157,6,True,1
2361,6389,02_21_17_57_08_432,-7.9,-17.59,41.5,0.0,0.0,0,0.01,3.5156,2036,0.00999,3.5,1847.14221,207.84,3.434002852721587,2.58096,4.92415,6,True,1
2362,6390,02_21_17_57_08_486,-7.46,-17.79,41.5,0.0,0.0,0,0.01,3.5156,2036,0.00999,3.5,1844.56161,197.423,2.85556571321691,2.57838,4.92544,6,True,1
2363,6391,02_21_17_57_08_571,-6.65,-18.11,41.5,0.0,0.0,0,0.01,3.5156,2036,0.00999,3.5,1827.01353,270.649,4.246531219713332,2.58225,4.92544,6,True,1
2364,6392,02_21_17_57_08_628,-6.22,-18.26,41.5,0.0,0.0,0,0.01,3.5156,2036,0.00999,3.5,1815.65889,185.312,4.400473766539235,2.58225,4.92028,6,True,1
2365,6393,02_21_17_57_08_696,-5.78,-18.4,41.5,0.0,0.0,0,0.01,3.5156,2037,0.00999,3.5,1830.11025,228.339,3.275127175011682,2.57709,4.92415,6,True,1
2366,6394,02_21_17_57_08_746,-5.36,-18.52,41.5,0.0,0.0,0,0.01,3.5156,2036,0.00999,3.5,1820.30397,240.28,4.0832951405696845,2.59129,4.92157,6,True,1
2367,6395,02_21_17_57_08_813,-4.93,-18.65,41.5,0.0,0.0,0,0.01,3.5156,2036,0.00999,3.5,1842.23907,207.285,3.5178085227169484,2.59516,4.92028,6,True,1
2368,6396,02_21_17_57_08_875,-3.57,-18.96,41.5,0.0,0.0,0,0.01,3.5156,2036,0.00999,3.5,1850.49698,277.804,3.2717725203626244,2.58096,4.92544,6,True,1
2369,6397,02_21_17_57_08_939,-3.1,-19.05,41.5,0.0,0.0,0,0.01,3.5156,2036,0.00999,3.51,1857.20654,227.274,3.762775352382866,2.57967,4.92544,6,True,1
2370,6398,02_21_17_57_08_988,-2.62,-19.13,41.5,0.0,0.0,0,0.01,3.5156,2036,0.00999,3.53,1874.49656,224.949,3.838539592410113,2.60548,4.92157,6,True,1
2371,6399,02_21_17_57_09_045,-2.14,-19.17,41.5,0.0,0.0,0,0.01,3.5156,2036,0.00999,3.52,1860.30326,265.831,4.084114661098535,2.57967,4.92028,6,True,1
2372,6400,02_21_17_57_09_107,-1.67,-19.22,41.5,0.0,0.0,0,0.01,3.5156,2036,0.00999,3.51,1842.49713,294.667,3.842134343369581,2.58225,4.92802,6,True,1
2373,6401,02_21_17_57_09_184,-0.8,-19.27,41.5,0.0,0.0,0,0.01,3.5156,2036,0.00999,3.49,1817.20725,233.867,4.009408814900271,2.57838,4.92028,6,True,1
2374,6402,02_21_17_57_09_247,0.15,-19.26,41.5,0.0,0.0,0,0.01,3.5156,2036,0.00999,3.5,1819.01367,185.75,3.5937608448532017,2.57064,4.92157,6,True,1
2375,6403,02_21_17_57_09_418,1.09,-19.25,41.49,0.0,0.0,0,0.01,3.5156,2036,0.00999,3.51,1849.7228,226.339,3.59338250573189,2.58225,4.92028,6,True,1
2376,6404,02_21_17_57_09_516,2.04,-19.18,41.5,0.0,0.0,0,0.01,3.5156,2036,0.00999,3.47,1857.98072,183.925,4.166181436579545,2.58225,4.92157,6,True,1
2377,6405,02_21_17_57_09_570,3.35,-19.0,41.5,0.0,0.0,0,0.01,3.5156,2036,0.00999,3.47,1853.07758,203.289,4.087280221920195,2.58225,4.92286,6,True,1
2378,6406,02_21_17_57_09_724,4.29,-18.83,41.5,0.0,0.0,0,0.01,3.5156,2036,0.00999,3.51,1868.81924,203.335,4.16665,2.58225,4.92157,6,True,1
2379,6407,02_21_17_57_09_779,5.22,-18.59,41.5,0.0,0.0,0,0.01,3.5156,2036,0.00999,3.53,1842.23907,282.439,4.241931494024862,2.57967,4.92286,6,True,1
2380,6408,02_21_17_57_09_890,6.14,-18.31,41.5,0.0,0.0,0,0.01,3.5156,2036,0.00999,3.49,1905.2057,226.21,4.404638850689124,2.58612,4.92802,6,True,1
2381,6409,02_21_17_57_09_959,7.05,-17.98,41.49,0.0,0.0,0,0.01,3.5156,2036,0.00999,3.52,1914.2378,271.433,4.481702555949022,2.57838,4.92544,6,True,1
2382,6410,02_21_17_57_10_036,7.48,-17.79,41.5,0.0,0.0,0,0.01,3.5156,2036,0.00999,3.5,1901.07674,240.73,4.245422813160074,2.57967,4.92415,6,True,1
2383,6411,02_21_17_57_10_086,7.92,-17.6,41.5,0.0,0.0,0,0.01,3.5156,2036,0.00999,3.48,1924.56019,220.098,4.321437609465165,2.58096,4.92415,6,True,1
2384,6412,02_21_17_57_10_243,8.78,-17.16,41.5,0.0,0.0,0,0.01,3.5156,2036,0.01,3.45,1944.94693,208.487,4.560850716971561,2.58225,4.92286,6,True,1
2385,6413,02_21_17_57_10_361,9.62,-16.7,41.49,0.0,0.0,0,0.01,3.5156,2036,0.00999,3.47,1975.65607,602.866,4.39693113574684,2.58612,4.92286,6,True,1
2386,6414,02_21_17_57_10_417,10.58,-16.11,41.5,-0.0,0.0,0,0.01,3.5156,2036,0.00999,3.5,1919.91511,229.358,4.5659156014976885,2.58096,4.92286,6,True,1
2387,6415,02_21_17_57_10_476,11.34,-15.59,41.5,-0.0,0.0,0,0.01,3.5156,2036,0.00999,3.5,1932.81811,427.645,4.56088129120897,2.57967,4.92157,6,True,1
2388,6416,02_21_17_57_10_540,11.74,-15.28,41.5,0.0,0.0,0,0.01,3.5156,2036,0.00999,3.52,1942.62439,363.584,4.791852498773308,2.59129,4.92157,6,True,1
2389,6417,02_21_17_57_10_594,12.13,-14.98,41.49,0.0,0.0,0,0.01,3.5156,2036,0.00999,3.53,1965.59173,714.814,4.708134005367731,2.57967,4.91899,6,True,1
2390,6418,02_21_17_57_10_658,12.48,-14.68,41.5,0.0,0.0,0,0.01,3.5156,2036,0.00999,3.52,1997.84922,317.692,4.794965234493364,2.58096,4.92286,6,True,1
2391,6419,02_21_17_57_10_714,12.83,-14.38,41.5,0.0,0.0,0,0.01,3.5156,2036,0.00999,3.51,1972.30129,180.97,4.873174746764167,2.56419,4.92544,6,True,1
2392,6420,02_21_17_57_10_778,13.54,-13.73,41.5,0.0,0.0,0,0.01,3.5156,2036,0.00999,3.51,1971.78517,567.32,4.6422996305710384,2.58096,4.92157,6,True,1
2393,6421,02_21_17_57_10_840,14.03,-13.2,41.5,0.0,0.0,0,0.01,3.5156,2036,0.00999,3.5,1998.10728,283.023,4.40482088426987,2.58225,4.92157,6,True,1
2394,6422,02_21_17_57_10_901,14.52,-12.68,41.49,0.0,0.0,0,0.01,3.5156,2036,0.00999,3.49,2055.91271,301.31,4.711546230803641,2.57838,4.92157,6,True,1
2395,6423,02_21_17_57_10_971,15.1,-11.98,41.5,0.0,0.0,0,0.01,3.5156,2036,0.00999,3.49,2044.55808,953.687,4.722070808977773,2.57838,4.92286,6,True,1
2396,6424,02_21_17_57_11_030,15.38,-11.61,41.5,0.0,0.0,0,0.01,3.5156,2036,0.00999,3.49,2044.30002,285.516,4.722070808977773,2.58354,4.92028,6,True,1
2397,6425,02_21_17_57_11_104,15.66,-11.24,41.5,0.0,0.0,0,0.01,3.5156,2036,0.00999,3.49,2007.91356,397.222,4.87082060950719,2.57967,4.92544,6,True,1
2398,6426,02_21_17_57_11_176,16.17,-10.48,41.5,0.0,0.0,0,0.01,3.5156,2036,0.00999,3.49,1965.84979,479.24,4.721147891403106,2.58096,4.92544,6,True,1
2399,6427,02_21_17_57_11_244,16.42,-10.07,41.5,0.0,0.0,0,0.01,3.5156,2036,0.00999,3.5,1900.56062,1201.173,10.029059133961669,2.57967,4.9177,6,True,1
2400,6428,02_21_17_57_11_304,16.66,-9.66,41.5,0.0,0.0,0,0.01,3.5156,2036,0.00999,3.51,1901.59286,1794.164,4.332048885342823,2.58225,4.92673,6,True,1
2401,6429,02_21_17_57_11_382,17.12,-8.81,41.5,0.0,0.0,0,0.01,3.5156,2036,0.00999,3.5,1925.85049,1412.941,10.029059133961669,2.57838,4.92157,6,True,1
2402,6430,02_21_17_57_11_447,17.33,-8.38,41.5,0.0,0.0,0,0.01,3.5156,2036,0.00999,3.5,1924.30213,1411.584,10.018305502553812,2.57064,4.91899,6,True,1
2403,6431,02_21_17_57_11_508,17.54,-7.96,41.51,0.0,0.0,0,0.01,3.5156,2036,0.00999,3.5,1962.23695,389.807,9.99664845635776,2.58483,4.92157,6,True,1
2404,6432,02_21_17_57_11_571,17.92,-7.08,41.51,0.0,0.0,0,0.01,3.5156,2036,0.00999,3.51,1973.84965,1591.23,10.029059133961669,2.57709,4.92286,6,True,1
2405,6433,02_21_17_57_11_635,18.12,-6.47,41.51,0.0,0.0,0,0.01,3.5156,2036,0.00999,3.5,1972.30129,242.839,10.012026056323466,2.57838,4.92157,6,True,1
2406,6434,02_21_17_57_11_700,18.31,-5.86,41.5,0.0,0.0,0,0.01,3.5156,2036,0.00999,3.5,1956.04351,882.274,4.087391100078387,2.57838,4.92157,6,True,1
2407,6435,02_21_17_57_11_759,18.5,-5.25,41.5,0.0,0.0,0,0.01,3.5156,2037,0.00999,3.49,2022.62298,863.966,4.325952798228386,2.57967,4.9177,6,True,1
2408,6436,02_21_17_57_11_833,18.7,-4.64,41.5,0.0,0.0,0,0.01,3.5156,2037,0.00999,3.48,2022.10686,936.164,4.0845926388074485,2.58096,4.92157,6,True,1
2409,6437,02_21_17_57_11_895,18.92,-3.75,41.49,0.0,0.0,0,0.01,3.5156,2036,0.00999,3.51,1888.68986,243.837,4.0845926388074485,2.58096,4.92286,6,True,1
2410,6438,02_21_17_57_11_940,19.01,-3.28,41.5,0.0,0.0,0,0.01,3.5156,2036,0.00999,3.51,1817.98143,168.424,2.935449595888166,2.58483,4.92157,6,True,1
2411,6439,02_21_17_57_12_019,19.09,-2.8,41.5,0.0,0.0,0,0.01,3.5156,2036,0.00804,3.51,1694.62877,136.61,3.68458356296882,2.57967,4.91899,6,True,1
2412,6440,02_21_17_57_12_063,19.13,-2.58,41.5,0.0,0.0,0,0.01,3.5156,2036,0.00804,3.51,1659.79067,139.082,3.433353077168149,2.57967,4.92802,6,True,1
2413,6441,02_21_17_57_12_144,19.17,-2.37,41.5,0.0,0.0,0,0.01,3.5156,2037,0.00349,3.52,1692.30623,200.813,2.3463648576042044,2.58096,4.92415,6,True,1
2414,6561,02_21_17_57_19_530,19.62,-0.69,42.5,0.0,0.0,0,0.01,3.4375,50,0.0,0.0,798.64458,0.0,0.0,2.58225,0.35391,6,True,1
2415,6562,02_21_17_57_19_597,19.61,-0.16,42.5,0.0,0.0,0,0.01,3.4375,50,0.00529,1.14,1309.34524,133.729,0.0,2.58871,0.82616,6,True,1
2416,6563,02_21_17_57_19_654,19.6,0.37,42.5,0.0,0.0,0,0.01,3.4375,2036,0.00529,2.27,1565.85685,174.703,0.0,2.58225,4.92673,6,True,1
2417,6564,02_21_17_57_19_819,19.59,0.9,42.5,0.0,0.0,0,0.01,3.4375,2036,0.01,3.41,1782.62721,286.029,0.0,2.56032,4.92157,6,True,1
2418,6565,02_21_17_57_19_868,19.56,1.36,42.5,0.0,0.0,0,0.01,3.4375,2036,0.01,3.39,1776.17572,324.168,0.0,2.57838,4.91899,6,True,1
2419,6566,02_21_17_57_19_936,19.54,1.82,42.5,0.0,0.0,0,0.01,3.4375,2035,0.00999,3.36,1760.69212,338.922,0.0,2.50096,4.92028,6,True,1
2420,6567,02_21_17_57_19_993,19.44,2.77,42.5,0.0,0.0,0,0.01,3.4375,2035,0.00999,3.34,1727.14432,253.894,0.7031870092656718,2.52806,4.92157,6,True,1
2421,6568,02_21_17_57_20_051,19.34,3.42,42.49,0.0,0.0,0,0.01,3.4375,2035,0.00999,3.37,1743.91822,202.567,1.571265007883775,2.55,4.92673,6,True,1
2422,6569,02_21_17_57_20_104,19.24,4.08,42.48,0.0,0.0,0,0.01,3.4375,2035,0.00999,3.4,1730.75716,261.397,1.6582687960641362,2.59258,4.91899,6,True,1
2423,6570,02_21_17_57_20_168,19.11,4.54,42.49,0.0,0.0,0,0.01,3.4375,2033,0.00999,3.4,1755.78898,250.692,2.008344249624551,2.47903,4.92286,6,True,1
2424,6571,02_21_17_57_20_213,18.99,5.01,42.5,0.0,0.0,0,0.01,3.4375,2033,0.01,3.4,1729.2088,225.847,2.4270363434650086,2.54742,4.92544,6,True,1
2425,6572,02_21_17_57_20_282,18.72,5.92,42.5,0.0,0.0,0,0.01,3.4375,2033,0.00999,3.38,1699.01579,280.355,1.1375630092438838,2.55387,4.92802,6,True,1
2426,6573,02_21_17_57_20_342,18.54,6.43,42.5,0.0,0.0,0,0.01,3.4375,2033,0.00999,3.43,1686.37085,217.196,4.010930126853371,2.56935,4.92157,6,True,1
2427,6574,02_21_17_57_20_403,18.36,6.94,42.5,0.0,0.0,0,0.01,3.4375,2033,0.00999,3.48,1701.33833,221.605,0.7015987813558402,2.48161,4.92028,6,True,1
2428,6575,02_21_17_57_20_459,18.18,7.38,42.5,0.0,0.0,0,0.01,3.4375,2033,0.00999,3.46,1693.85459,228.894,3.2707814406499254,2.52677,4.92028,6,True,1
2429,6576,02_21_17_57_20_511,18.0,7.83,42.51,0.0,0.0,0,0.01,3.4375,2033,0.00999,3.43,1694.37071,198.4,3.76662752505474,2.55774,4.92157,6,True,1
2430,6577,02_21_17_57_20_570,17.81,8.22,42.5,0.0,0.0,0,0.01,3.4375,2035,0.00999,3.41,1704.69311,214.29,4.48590879003352,2.53322,4.92673,6,True,1
2431,6578,02_21_17_57_20_626,17.63,8.62,42.5,-0.0,0.0,0,0.01,3.4375,2035,0.00999,3.39,1708.82207,252.625,4.796019324658732,2.45709,4.92028,6,True,1
2432,6579,02_21_17_57_20_778,17.21,9.44,42.5,0.0,0.0,0,0.01,3.4375,2033,0.00999,3.38,1721.20894,179.095,3.932920912311866,2.56806,4.92415,6,True,1
2433,6580,02_21_17_57_20_813,16.78,10.2,42.49,0.0,0.0,0,0.01,3.4375,2033,0.00999,3.38,1731.7894,197.461,3.921923090143405,2.53451,4.92286,6,True,1
2434,6581,02_21_17_57_20_885,16.0,11.36,42.5,-0.0,0.0,0,0.01,3.4375,2033,0.00999,3.4,1710.62848,207.581,3.6846876366932384,2.57322,4.92286,6,True,1
2435,6582,02_21_17_57_20_939,15.74,11.72,42.5,0.0,0.0,0,0.01,3.4375,2033,0.00999,3.42,1687.14503,191.077,0.5255195738504894,2.57193,4.92802,6,True,1
2436,6583,02_21_17_57_21_018,15.47,12.07,42.51,0.0,0.0,0,0.01,3.4375,2033,0.00999,3.44,1705.72535,166.152,4.480784590336831,2.55387,4.92286,6,True,1
2437,6584,02_21_17_57_21_081,15.18,12.42,42.51,0.0,0.0,0,0.01,3.4375,2033,0.00999,3.42,1729.2088,227.763,4.403118972387642,2.53064,4.92544,6,True,1
2438,6585,02_21_17_57_21_137,14.89,12.78,42.51,0.0,0.0,0,0.01,3.4375,2033,0.00999,3.41,1726.37014,147.858,4.244954732385258,2.5758,4.92157,6,True,1
2439,6586,02_21_17_57_21_207,14.24,13.5,42.51,0.0,0.0,0,0.01,3.4375,2033,0.00999,3.41,1718.11222,163.08,4.485139367399857,2.56677,4.92415,6,True,1
2440,6587,02_21_17_57_21_266,13.91,13.84,42.5,0.0,0.0,0,0.01,3.4375,2033,0.00999,3.42,1717.5961,201.991,0.9619910303635892,2.54096,4.91899,6,True,1
2441,6588,02_21_17_57_21_320,13.58,14.18,42.5,0.0,0.0,0,0.01,3.4375,2033,0.00999,3.43,1735.14418,148.48,4.404812969922786,2.52548,4.92286,6,True,1
2442,6589,02_21_17_57_21_377,13.24,14.48,42.5,0.0,0.0,0,0.01,3.4375,2033,0.00999,3.42,1710.37042,192.66,4.1688833193074615,2.57322,4.92286,6,True,1
2443,6590,02_21_17_57_21_446,12.9,14.79,42.51,0.0,0.0,0,0.01,3.4375,2035,0.00999,3.41,1720.43476,201.899,3.27952030105014,2.40806,4.92802,6,True,1
2444,6591,02_21_17_57_21_507,12.12,15.43,42.51,0.0,0.0,0,0.01,3.4375,2035,0.00999,3.36,1731.01522,307.201,4.161300222887072,2.58741,4.91899,6,True,1
2445,6592,02_21_17_57_21_556,11.56,15.84,42.5,0.0,0.0,0,0.01,3.4375,2035,0.00999,3.39,1713.20908,230.159,4.085616688457202,2.57322,4.92286,6,True,1
2446,6593,02_21_17_57_21_606,11.0,16.26,42.5,0.0,0.0,0,0.01,3.4375,2035,0.00999,3.42,1724.82178,184.435,1.8270288476102396,2.54354,4.92286,6,True,1
2447,6594,02_21_17_57_21_663,10.64,16.5,42.5,0.0,0.0,0,0.01,3.4375,2036,0.00999,3.43,1737.46672,238.668,3.841907501489332,2.57322,4.91899,6,True,1
2448,6595,02_21_17_57_21_725,10.27,16.74,42.5,0.0,0.0,0,0.01,3.4375,2035,0.00999,3.43,1749.07942,151.686,2.4316857326759966,2.58096,4.92157,6,True,1
2449,6596,02_21_17_57_21_784,9.84,16.99,42.5,0.0,0.0,0,0.01,3.4375,2035,0.00999,3.43,1719.14446,220.482,2.005565013905059,2.57322,4.9177,6,True,1
2450,6597,02_21_17_57_21_855,9.4,17.24,42.5,-0.0,0.0,0,0.01,3.4375,2035,0.00999,3.43,1701.33833,145.616,4.477445654890743,2.57967,4.92415,6,True,1
2451,6598,02_21_17_57_21_915,8.58,17.65,42.5,-0.0,0.0,0,0.01,3.4375,2035,0.00999,3.43,1703.91893,159.239,2.345458371512912,2.51645,4.92286,6,True,1
2452,6599,02_21_17_57_21_968,8.13,17.86,42.5,0.0,0.0,0,0.01,3.4375,2036,0.00999,3.38,1695.40295,168.265,4.250026962855648,2.44419,4.92802,6,True,1
2453,6600,02_21_17_57_22_034,7.68,18.07,42.49,0.0,0.0,0,0.01,3.4375,2036,0.00999,3.33,1745.9827,248.396,3.927882956822924,2.36806,4.92028,6,True,1
2454,6601,02_21_17_57_22_081,6.8,18.39,42.5,0.0,0.0,0,0.01,3.2031,2036,0.00999,3.3,1729.72492,293.866,4.081852043190688,2.57709,4.91899,6,True,1
2455,6602,02_21_17_57_22_237,5.91,18.71,42.5,0.0,0.0,0,0.01,3.4375,2036,0.00999,3.27,1682.24189,186.902,4.165570551557133,2.57709,4.92157,6,True,1
2456,6603,02_21_17_57_22_283,5.46,18.84,42.5,0.0,0.0,0,0.01,3.4375,2036,0.00999,3.3,1706.24147,203.285,3.928450936756115,2.35645,4.92286,6,True,1
2457,6604,02_21_17_57_22_335,5.0,18.98,42.49,0.0,0.0,0,0.01,3.2031,2036,0.00999,3.34,1741.07956,334.25,4.323220059747132,2.38484,4.92415,6,True,1
2458,6605,02_21_17_57_22_401,3.67,19.27,42.49,0.0,0.0,0,0.01,3.4375,2036,0.00999,3.34,1714.24132,171.805,4.48009210201085,2.56548,4.91899,6,True,1
2459,6606,02_21_17_57_22_469,3.22,19.34,42.5,0.0,0.0,0,0.01,3.4375,2036,0.00999,3.31,1700.30609,198.717,4.483327982927414,2.51387,4.92028,6,True,1
2460,6607,02_21_17_57_22_540,2.76,19.42,42.5,0.0,0.0,0,0.01,3.4375,2036,0.00999,3.27,1707.78983,202.755,4.5566830589805125,2.44806,4.92028,6,True,1
2461,6608,02_21_17_57_22_615,1.79,19.53,42.51,0.0,0.0,0,0.01,3.3594,2036,0.00999,3.41,1723.27342,370.201,4.560483810134622,2.52161,4.92673,6,True,1
2462,6609,02_21_17_57_22_666,1.32,19.57,42.51,0.0,0.0,0,0.01,3.4375,2036,0.00999,3.42,1707.27371,201.068,5.023710032685007,2.47645,4.92544,6,True,1
2463,6610,02_21_17_57_22_711,0.84,19.6,42.51,0.0,0.0,0,0.01,3.4375,2036,0.00999,3.43,1713.20908,232.197,4.869367488955829,2.48677,4.92157,6,True,1
2464,6611,02_21_17_57_22_793,0.36,19.62,42.51,0.0,0.0,0,0.01,3.2812,2036,0.00999,3.37,1764.30496,249.865,4.321889340612505,2.35387,4.92028,6,True,1
2465,6612,02_21_17_57_22_855,-0.12,19.63,42.51,0.0,0.0,0,0.01,3.125,2036,0.00999,3.32,1797.59469,331.04,4.399245660621829,2.2442,4.92544,6,True,1
2466,6613,02_21_17_57_22_912,-0.99,19.6,42.51,0.0,0.0,0,0.01,2.9688,2036,0.00999,3.32,1804.56231,298.479,4.560690198862448,2.29452,4.91899,6,True,1
2467,6614,02_21_17_57_22_976,-1.68,19.54,42.5,0.0,0.0,0,0.01,3.0469,2036,0.00999,3.1,1747.53106,272.465,4.790317204789261,2.53193,4.92028,6,True,1
2468,6615,02_21_17_57_23_025,-2.37,19.48,42.49,-0.0,0.0,0,0.01,3.4375,2036,0.00999,2.88,1720.95088,177.108,4.635994896729287,2.53064,4.92415,6,True,1
2469,6616,02_21_17_57_23_088,-2.85,19.42,42.5,0.0,0.0,0,0.01,3.4375,2036,0.00999,2.87,1708.30595,199.39,4.714164788167676,2.50355,4.92286,6,True,1
2470,6617,02_21_17_57_23_139,-3.33,19.36,42.5,0.0,0.0,0,0.01,3.4375,2037,0.00999,2.87,1686.11279,214.257,4.709947751833347,2.51258,4.92415,6,True,1
2471,6618,02_21_17_57_23_199,-3.79,19.27,42.51,0.0,0.0,0,0.01,3.4375,2037,0.00999,2.9,1723.27342,248.012,4.554609280992168,2.37452,4.92931,6,True,1
2472,6619,02_21_17_57_23_263,-4.25,19.18,42.52,0.0,0.0,0,0.01,3.3594,2036,0.00999,2.92,1708.82207,217.163,5.249009514184556,2.56548,4.92028,6,True,1
2473,6620,02_21_17_57_23_336,-5.09,18.97,42.5,0.0,0.0,0,0.01,3.4375,2036,0.00999,2.92,1678.37099,209.309,5.243966199595493,2.55903,4.92028,6,True,1
2474,6621,02_21_17_57_23_394,-5.58,18.81,42.5,0.0,0.0,0,0.01,3.4375,2036,0.00999,3.13,1665.72605,218.97,4.793081834529847,2.50355,4.92544,6,True,1
2475,6622,02_21_17_57_23_450,-6.08,18.66,42.5,0.0,0.0,0,0.01,3.4375,2036,0.00999,3.33,1666.75829,88.786,4.712071538347014,2.47903,4.92028,6,True,1
2476,6623,02_21_17_57_23_496,-6.51,18.51,42.5,0.0,0.0,0,0.01,3.4375,2036,0.00999,3.39,1675.79039,256.508,4.634603545072652,2.52161,4.9306,6,True,1
2477,6624,02_21_17_57_23_570,-6.94,18.35,42.49,0.0,0.0,0,0.01,3.4375,2036,0.00999,3.45,1656.43589,199.36,4.791299558574896,2.57064,4.92673,6,True,1
2478,6625,02_21_17_57_23_631,-8.13,17.85,42.5,0.0,0.0,0,0.01,3.4375,2036,0.00999,3.44,1668.56471,196.484,4.7113612494161385,2.57064,4.92415,6,True,1
2479,6626,02_21_17_57_23_667,-8.56,17.64,42.5,0.0,0.0,0,0.01,3.4375,2036,0.00999,3.43,1679.91935,177.049,4.400648050571642,2.58354,4.92415,6,True,1
2480,6627,02_21_17_57_23_744,-8.99,17.43,42.5,0.0,0.0,0,0.01,3.4375,2036,0.00999,3.43,1653.85529,173.939,4.553575865734533,2.5758,4.92802,6,True,1
2481,6628,02_21_17_57_23_916,-10.55,16.52,42.5,0.0,0.0,0,0.01,3.4375,2036,0.00999,3.39,1704.95117,194.588,3.439885847306564,2.58096,4.92286,6,True,1
2482,6629,02_21_17_57_23_971,-10.95,16.26,42.5,0.0,0.0,0,0.01,3.4375,2036,0.00999,3.39,1696.43519,218.265,4.245422813160074,2.58225,4.92157,6,True,1
2483,6630,02_21_17_57_24_034,-11.35,15.99,42.5,-0.0,0.0,0,0.01,3.4375,2036,0.00999,3.4,1662.11321,197.966,4.321889340612505,2.55774,4.92673,6,True,1
2484,6631,02_21_17_57_24_088,-11.74,15.7,42.5,0.0,0.0,0,0.01,3.4375,2036,0.00999,3.4,1726.88626,242.225,4.005259219139256,2.52548,4.93318,6,True,1
2485,6632,02_21_17_57_24_150,-12.12,15.42,42.5,0.0,0.0,0,0.01,3.4375,2036,0.00999,3.41,1723.78954,229.153,2.260183207175914,2.57967,4.92415,6,True,1
2486,6633,02_21_17_57_24_216,-12.88,14.77,42.5,0.0,0.0,0,0.01,3.4375,2036,0.00999,3.44,1688.17727,147.085,4.5566830589805125,2.58354,4.92802,6,True,1
2487,6634,02_21_17_57_24_261,-13.4,14.3,42.51,0.0,0.0,0,0.01,3.4375,2036,0.00999,3.44,1670.37113,308.211,4.717868228607069,2.56935,4.92286,6,True,1
2488,6635,02_21_17_57_24_334,-13.92,13.82,42.52,-0.0,0.0,0,0.01,3.4375,2036,0.00999,3.43,1701.08027,240.881,2.762335990153985,2.54225,4.9177,6,True,1
2489,6636,02_21_17_57_24_383,-14.24,13.48,42.51,0.0,0.0,0,0.01,3.4375,2036,0.00999,3.41,1737.46672,254.996,0.8807172148311851,2.51,4.92286,6,True,1
2490,6637,02_21_17_57_24_445,-14.56,13.13,42.5,0.0,0.0,0,0.01,3.4375,2036,0.00999,3.39,1714.49938,222.765,2.2644362521387085,2.6029,4.92931,6,True,1
2491,6638,02_21_17_57_24_495,-14.88,12.76,42.5,0.0,0.0,0,0.01,3.4375,2036,0.00999,3.4,1707.53177,143.123,2.259519874331713,2.58483,4.92028,6,True,1
2492,6639,02_21_17_57_24_563,-15.19,12.39,42.5,0.0,0.0,0,0.01,3.4375,2036,0.00999,3.42,1673.20979,251.748,4.330237866734344,2.51387,4.92157,6,True,1
2493,6640,02_21_17_57_24_618,-15.8,11.64,42.52,0.0,0.0,0,0.01,3.4375,2036,0.00999,3.32,1734.11194,235.211,2.6036071252207003,2.36935,4.92802,6,True,1
2494,6641,02_21_17_57_24_679,-16.06,11.25,42.51,0.0,0.0,0,0.01,3.4375,2036,0.00999,3.35,1679.14517,161.142,4.4050345662661945,2.51,4.92802,6,True,1
2495,6642,02_21_17_57_24_756,-16.33,10.86,42.5,0.0,0.0,0,0.01,3.4375,2036,0.00999,3.39,1666.24217,260.324,2.259705010062154,2.57451,4.92415,6,True,1
2496,6643,02_21_17_57_24_817,-16.8,10.11,42.5,0.0,0.0,0,0.01,3.4375,2036,0.00999,3.39,1703.14475,232.539,2.7746259716401416,2.42871,4.92415,6,True,1
2497,6644,02_21_17_57_24_976,-17.25,9.31,42.5,0.0,0.0,0,0.01,3.4375,2036,0.00999,3.43,1698.75773,278.773,5.025180958184491,2.53193,4.92544,6,True,1
2498,6645,02_21_17_57_25_029,-17.69,8.45,42.5,0.0,0.0,0,0.01,3.4375,2036,0.00999,3.43,1674.75815,283.165,1.7439510235382183,2.58871,4.92286,6,True,1
2499,6646,02_21_17_57_25_096,-18.13,7.38,42.5,0.0,0.0,0,0.01,3.4375,2036,0.00999,3.35,1639.14588,258.604,2.262588084473177,2.51774,4.92286,6,True,1
2500,6647,02_21_17_57_25_265,-18.57,6.31,42.5,0.0,0.0,0,0.01,3.0469,2036,0.00999,3.28,1706.24147,295.953,2.172701448657868,2.63128,4.92415,6,True,1
2501,6648,02_21_17_57_25_320,-18.83,5.43,42.49,0.0,0.0,0,0.01,3.4375,2036,0.00999,3.16,1695.66101,220.515,4.326299305411034,2.59258,4.92802,6,True,1
2502,6649,02_21_17_57_25_376,-19.05,4.5,42.5,0.0,0.0,0,0.01,3.4375,2036,0.00999,3.24,1662.62933,248.104,5.402295129155755,2.42355,4.92931,6,True,1
2503,6650,02_21_17_57_25_540,-19.27,3.57,42.5,0.0,0.0,0,0.01,3.4375,2035,0.01,3.32,1660.82291,226.803,4.795815794262744,2.54613,4.91899,6,True,1
2504,6651,02_21_17_57_25_591,-19.36,3.09,42.5,0.0,0.0,0,0.01,3.4375,2035,0.01,3.34,1674.50009,225.028,0.0,2.48032,4.92157,6,True,1
2505,6652,02_21_17_57_25_662,-19.45,2.61,42.5,0.0,0.0,0,0.01,3.4375,2036,0.00999,3.36,1652.56499,262.344,4.007834736176132,2.47,4.92157,6,True,1
2506,6653,02_21_17_57_25_706,-19.5,2.13,42.5,0.0,0.0,0,0.01,3.4375,2036,0.00999,3.39,1656.69395,187.992,0.7026414608461415,2.46484,4.9177,6,True,1
2507,6654,02_21_17_57_25_775,-19.55,1.66,42.5,0.0,0.0,0,0.01,3.4375,2036,0.00999,3.42,1652.04887,269.037,4.412040759671198,2.53838,4.9177,6,True,1
2508,6655,02_21_17_57_25_826,-19.6,0.71,42.49,0.0,0.0,0,0.01,3.4375,2036,0.00999,3.42,1736.43448,288.062,0.0,2.44677,4.92286,6,True,1
2509,6656,02_21_17_57_26_006,-19.58,-0.49,42.5,0.0,0.0,0,0.01,3.4375,2036,0.00999,3.42,1725.59596,260.077,0.7879586680150171,2.50871,4.92673,6,True,1
2510,6657,02_21_17_57_26_049,-19.55,-1.69,42.5,0.0,0.0,0,0.01,3.4375,2035,0.00999,3.42,1669.85501,198.684,3.519700811148584,2.57451,4.92802,6,True,1
2511,6658,02_21_17_57_26_107,-19.5,-2.17,42.5,0.0,0.0,0,0.01,3.4375,2035,0.00999,3.41,1658.75843,180.961,0.0,2.58741,4.92157,6,True,1
2512,6659,02_21_17_57_26_169,-19.45,-2.65,42.5,0.0,0.0,0,0.01,3.4375,2035,0.00999,3.4,1643.79095,227.341,0.7882683045765573,2.58741,4.92673,6,True,1
2513,6660,02_21_17_57_26_217,-19.35,-3.51,42.51,0.0,0.0,0,0.01,3.4375,2036,0.00999,3.41,1648.17797,235.407,0.0,2.57322,4.93318,6,True,1
2514,6661,02_21_17_57_26_316,-19.19,-4.2,42.52,0.0,0.0,0,0.01,3.4375,2036,0.00999,3.4,1625.98482,236.297,0.0,2.56548,4.92415,6,True,1
2515,6662,02_21_17_57_26_366,-19.03,-4.88,42.52,0.0,0.0,0,0.01,3.4375,2036,0.00999,3.39,1636.82334,229.162,2.3512330860635657,2.57709,4.92673,6,True,1
2516,6663,02_21_17_57_26_447,-18.77,-5.71,42.5,0.0,0.0,0,0.01,3.4375,2036,0.01,3.43,1630.37184,228.109,0.0,2.57838,4.92544,6,True,1
2517,6664,02_21_17_57_26_558,-18.46,-6.58,42.5,-0.0,0.0,0,0.01,3.4375,2035,0.01,3.43,1613.08182,197.862,0.0,2.57709,4.92286,6,True,1
2518,6665,02_21_17_57_26_665,-18.12,-7.48,42.5,-0.0,0.0,0,0.01,3.4375,2036,0.00998,3.43,1667.01635,238.914,0.0,2.57709,4.92286,6,True,1
2519,6666,02_21_17_57_26_727,-17.94,-7.88,42.5,0.0,0.0,0,0.01,3.4375,2036,0.00998,3.43,1673.20979,240.789,2.2587791796676364,2.57838,4.92286,6,True,1
2520,6667,02_21_17_57_26_775,-17.77,-8.29,42.5,0.0,0.0,0,0.01,3.4375,2036,0.00999,3.43,1662.88739,204.608,2.259905556654968,2.5758,4.92286,6,True,1
2521,6668,02_21_17_57_26_834,-17.45,-8.9,42.5,0.0,0.0,0,0.01,3.4375,2036,0.00999,3.42,1663.66157,182.08,0.6184075618069365,2.57967,4.92673,6,True,1
2522,6669,02_21_17_57_26_888,-17.13,-9.52,42.5,0.0,0.0,0,0.01,3.4375,2036,0.01,3.41,1701.33833,229.333,2.1801336713605437,2.5758,4.92028,6,True,1
2523,6670,02_21_17_57_26_939,-16.69,-10.29,42.49,0.0,0.0,0,0.01,3.4375,2036,0.00999,3.41,1691.79011,192.493,0.9619910303635892,2.58354,4.92802,6,True,1
2524,6671,02_21_17_57_26_994,-16.44,-10.7,42.5,0.0,0.0,0,0.01,3.4375,2036,0.00999,3.4,1716.04774,226.686,1.57779652125995,2.57838,4.92157,6,True,1
2525,6672,02_21_17_57_27_053,-16.18,-11.11,42.5,0.0,0.0,0,0.01,3.4375,2035,0.00999,3.4,1724.30566,194.864,0.0,2.59,4.92415,6,True,1
2526,6673,02_21_17_57_27_118,-15.92,-11.48,42.5,0.0,0.0,0,0.01,3.4375,2035,0.00999,3.4,1729.72492,172.557,0.0,2.58096,4.91899,6,True,1
2527,6674,02_21_17_57_27_187,-15.65,-11.85,42.5,0.0,0.0,0,0.01,3.4375,2035,0.00999,3.4,1719.66058,180.039,0.7870733209174352,2.57967,4.92286,6,True,1
2528,6675,02_21_17_57_27_255,-15.0,-12.55,42.5,0.0,0.0,0,0.01,3.4375,2035,0.00999,3.41,1721.467,181.805,0.0,2.58096,4.92415,6,True,1
2529,6676,02_21_17_57_27_313,-14.35,-13.26,42.5,0.0,0.0,0,0.01,3.4375,2035,0.00999,3.42,1748.5633,199.281,1.6586891963234098,2.57967,4.92415,6,True,1
2530,6677,02_21_17_57_27_371,-13.7,-13.96,42.5,0.0,0.0,0,0.01,3.4375,2035,0.00999,3.43,1755.78898,183.391,0.09185,2.57709,4.92286,6,True,1
2531,6678,02_21_17_57_27_555,-13.05,-14.66,42.5,-0.0,0.0,0,0.01,3.4375,2036,0.00999,3.44,1752.17614,200.003,0.0,2.57838,4.92157,6,True,1
2532,6679,02_21_17_57_27_627,-12.41,-15.2,42.49,-0.0,0.0,0,0.01,3.4375,2035,0.00999,3.41,1750.88584,198.605,0.2640501846240596,2.57967,4.92544,6,True,1
2533,6680,02_21_17_57_27_703,-11.56,-15.87,42.5,0.0,0.0,0,0.01,3.4375,2035,0.00999,3.41,1761.4663,225.842,0.2640501846240596,2.58225,4.92415,6,True,1
2534,6681,02_21_17_57_27_754,-11.3,-16.05,42.5,0.0,0.0,0,0.01,3.4375,2036,0.00999,3.43,1784.94975,139.458,0.0,2.58096,4.92157,6,True,1
2535,6682,02_21_17_57_27_810,-11.03,-16.24,42.5,0.0,0.0,0,0.01,3.4375,2036,0.00999,3.44,1803.01395,169.167,1.5665321038842452,2.57709,4.92544,6,True,1
2536,6683,02_21_17_57_27_862,-10.77,-16.42,42.5,0.0,0.0,0,0.01,3.5156,2035,0.00999,3.45,1813.59441,216.824,2.6024419695739613,2.57451,4.92544,6,True,1
2537,6684,02_21_17_57_27_952,-9.92,-16.94,42.5,0.0,0.0,0,0.01,3.5156,2035,0.00999,3.46,1817.98143,179.746,2.176020253237548,2.58612,4.92286,6,True,1
2538,6685,02_21_17_57_28_005,-9.08,-17.4,42.5,0.0,0.0,0,0.01,3.5156,2035,0.00999,3.46,1802.49783,194.292,2.3490673766412065,2.58354,4.92802,6,True,1
2539,6686,02_21_17_57_28_075,-8.67,-17.6,42.5,0.0,0.0,0,0.01,3.5156,2035,0.00999,3.49,1837.59399,181.909,2.5180199969420416,2.58354,4.92286,6,True,1
2540,6687,02_21_17_57_28_142,-8.26,-17.8,42.5,0.0,0.0,0,0.01,3.5156,2035,0.01,3.53,1849.20668,163.105,2.933358684170758,2.58354,4.92673,6,True,1
2541,6688,02_21_17_57_28_197,-7.8,-18.0,42.5,0.0,0.0,0,0.01,3.5156,2035,0.01,3.52,1847.40027,282.084,4.09188340040378,2.57838,4.92415,6,True,1
2542,6689,02_21_17_57_28_267,-7.34,-18.19,42.5,0.0,0.0,0,0.01,3.5156,2035,0.01,3.52,1823.91681,285.687,4.171725515898666,2.57451,4.92931,6,True,1
2543,6690,02_21_17_57_28_331,-6.48,-18.53,42.5,0.0,0.0,0,0.01,3.5156,2035,0.00999,3.52,1828.81995,285.921,2.854002638839004,2.57967,4.92028,6,True,1
2544,6691,02_21_17_57_28_393,-5.8,-18.74,42.5,0.0,0.0,0,0.01,3.5156,2035,0.00999,3.49,1830.36831,288.192,4.172093188077179,2.58741,4.92286,6,True,1
2545,6692,02_21_17_57_28_458,-5.11,-18.96,42.5,0.0,0.0,0,0.01,3.5156,2035,0.00999,3.47,1824.17487,227.095,3.099919928401377,2.58096,4.92415,6,True,1
2546,6693,02_21_17_57_28_521,-4.17,-19.18,42.49,0.0,0.0,0,0.01,3.5156,2035,0.00999,3.49,1843.52937,164.453,3.099919928401377,2.57838,4.92802,6,True,1
2547,6694,02_21_17_57_28_582,-3.7,-19.27,42.5,0.0,0.0,0,0.01,3.5156,2035,0.00999,3.5,1843.52937,236.518,3.107299670936165,2.57838,4.92931,6,True,1
2548,6695,02_21_17_57_28_662,-3.23,-19.36,42.5,0.0,0.0,0,0.01,3.5156,2035,0.00999,3.51,1832.43279,211.493,4.320703445620864,2.57838,4.92673,6,True,1
2549,6696,02_21_17_57_28_706,-2.76,-19.42,42.5,0.0,0.0,0,0.01,3.5156,2035,0.00999,3.52,1829.85219,236.727,4.007417197210692,2.57451,4.92931,6,True,1
2550,6697,02_21_17_57_28_775,-2.28,-19.48,42.49,-0.0,0.0,0,0.01,3.5156,2035,0.01,3.53,1836.56175,171.776,4.168331374183199,2.58225,4.92157,6,True,1
2551,6698,02_21_17_57_28_826,-1.33,-19.57,42.49,-0.0,0.0,0,0.01,3.5156,2036,0.01,3.55,1854.36788,198.839,4.17207647640836,2.58096,4.92028,6,True,1
2552,6699,02_21_17_57_28_888,-0.85,-19.59,42.5,0.0,0.0,0,0.01,3.5156,2036,0.01,3.56,1849.20668,247.26,4.084524359702118,2.58096,4.92415,6,True,1
2553,6700,02_21_17_57_28_994,-0.37,-19.61,42.5,0.0,0.0,0,0.01,3.5156,2035,0.00999,3.57,1836.81981,209.009,4.242892920225539,2.57967,4.92286,6,True,1
2554,6701,02_21_17_57_29_047,0.55,-19.61,42.5,-0.0,0.0,0,0.01,3.5156,2035,0.00999,3.54,1827.27159,216.62,4.482394795474847,2.58096,4.92028,6,True,1
2555,6702,02_21_17_57_29_151,1.9,-19.52,42.5,0.0,0.0,0,0.01,3.5156,2035,0.01,3.54,1850.75504,256.566,4.559444080422524,2.57967,4.92415,6,True,1
2556,6703,02_21_17_57_29_217,2.34,-19.46,42.5,0.0,0.0,0,0.01,3.5156,2035,0.01,3.54,1855.40012,187.545,4.403586074155926,2.58741,4.92415,6,True,1
2557,6704,02_21_17_57_29_288,2.78,-19.41,42.5,0.0,0.0,0,0.01,3.5938,2035,0.00999,3.53,1894.8833,209.36,4.246145362855587,2.58354,4.92286,6,True,1
2558,6705,02_21_17_57_29_389,3.69,-19.28,42.49,0.0,0.0,0,0.01,3.5938,2036,0.00999,3.53,1870.88372,248.179,4.15883651157388,2.5758,4.92415,6,True,1
2559,6706,02_21_17_57_29_442,4.64,-19.09,42.49,0.0,0.0,0,0.01,3.5938,2035,0.00999,3.55,1862.6258,280.042,4.3195656485924605,2.58483,4.92157,6,True,1
2560,6707,02_21_17_57_29_518,5.1,-18.97,42.5,0.0,0.0,0,0.01,3.5938,2035,0.00999,3.58,1905.46376,175.834,4.006677698542771,2.57967,4.92028,6,True,1
2561,6708,02_21_17_57_29_579,5.55,-18.85,42.5,0.0,0.0,0,0.01,3.5938,2035,0.00999,3.6,1902.10898,226.861,4.481702555949022,2.59129,4.91899,6,True,1
2562,6709,02_21_17_57_29_634,6.18,-18.64,42.5,0.0,0.0,0,0.01,3.5938,2035,0.00999,3.62,1887.91568,363.655,4.327991151215538,2.58871,4.92673,6,True,1
2563,6710,02_21_17_57_29_690,6.8,-18.42,42.5,-0.0,0.0,0,0.01,3.5938,2035,0.01,3.64,1886.88344,275.208,4.324018294653713,2.57967,4.92286,6,True,1
2564,6711,02_21_17_57_29_729,7.26,-18.23,42.5,0.0,0.0,0,0.01,3.5938,2035,0.01,3.63,1858.7549,213.768,4.164515936456481,2.58354,4.91899,6,True,1
2565,6712,02_21_17_57_29_799,7.73,-18.04,42.5,0.0,0.0,0,0.01,3.5938,2035,0.00999,3.63,1887.1415,303.059,4.169284688049018,2.57967,4.92028,6,True,1
2566,6713,02_21_17_57_29_876,8.56,-17.65,42.5,0.0,0.0,0,0.01,3.5938,2035,0.00999,3.61,1917.85063,264.09,4.328442198412727,2.57838,4.92157,6,True,1
2567,6714,02_21_17_57_29_932,9.42,-17.2,42.49,-0.0,0.0,0,0.01,3.5938,2035,0.00999,3.61,1891.0124,347.314,4.398825648965869,2.58096,4.91899,6,True,1
2568,6715,02_21_17_57_29_983,9.84,-16.96,42.5,0.0,0.0,0,0.01,3.5938,2035,0.00999,3.6,1892.81882,626.559,4.482324798583878,2.57967,4.9177,6,True,1
2569,6716,02_21_17_57_30_053,10.25,-16.72,42.5,-0.0,0.0,0,0.01,3.5938,2035,0.00999,3.59,1923.01183,674.146,4.636829507325022,2.58483,4.92415,6,True,1
2570,6717,02_21_17_57_30_127,10.65,-16.45,42.5,0.0,0.0,0,0.01,3.5938,2035,0.00999,3.61,1909.33466,517.316,4.554884818796189,2.57967,4.92286,6,True,1
2571,6718,02_21_17_57_30_181,11.05,-16.19,42.5,0.0,0.0,0,0.01,3.5938,2035,0.00999,3.62,1932.04393,557.626,4.48792886780751,2.58354,4.92157,6,True,1
2572,6719,02_21_17_57_30_256,11.84,-15.63,42.49,0.0,0.0,0,0.01,3.5938,2035,0.00999,3.62,1923.01183,495.769,4.561767854954918,2.57967,4.9306,6,True,1
2573,6720,02_21_17_57_30_306,12.18,-15.36,42.5,0.0,0.0,0,0.01,3.5938,2035,0.00999,3.63,1985.97846,565.249,4.792412649438694,2.57967,4.92544,6,True,1
2574,6721,02_21_17_57_30_371,12.52,-15.08,42.5,0.0,0.0,0,0.01,3.5938,2035,0.00999,3.64,1980.30115,197.102,4.792703610959059,2.58096,4.92544,6,True,1
2575,6722,02_21_17_57_30_470,13.24,-14.45,42.5,0.0,0.0,0,0.01,3.5938,2035,0.00999,3.61,1941.85021,257.639,4.320703445620864,2.58354,4.92028,6,True,1
2576,6723,02_21_17_57_30_556,14.3,-13.41,42.5,0.0,0.0,0,0.01,3.5938,2035,0.00999,3.63,1976.94637,1296.717,4.559619933722546,2.58483,4.92802,6,True,1
2577,6724,02_21_17_57_30_619,14.59,-13.08,42.5,0.0,0.0,0,0.01,3.5938,2035,0.00999,3.62,2011.78446,602.766,4.633497686683355,2.57838,4.92544,6,True,1
2578,6725,02_21_17_57_30_678,14.88,-12.76,42.49,0.0,0.0,0,0.01,3.5938,2035,0.00999,3.61,2037.84852,657.032,4.633497686683355,2.57967,4.92286,6,True,1
2579,6726,02_21_17_57_30_750,15.49,-12.01,42.49,0.0,0.0,0,0.01,3.5938,2035,0.00999,3.58,2001.204,438.755,4.710650853385337,2.57838,4.92157,6,True,1
2580,6727,02_21_17_57_30_803,15.77,-11.62,42.5,0.0,0.0,0,0.01,3.5938,2035,0.00999,3.57,2044.30002,641.656,4.721147891403106,2.57838,4.92028,6,True,1
2581,6728,02_21_17_57_30_866,16.05,-11.24,42.5,0.0,0.0,0,0.01,3.5938,2035,0.00999,3.56,2054.36436,637.961,4.796419091363889,2.57451,4.92286,6,True,1
2582,6729,02_21_17_57_30_932,16.54,-10.51,42.5,0.0,0.0,0,0.01,3.5938,2036,0.00999,3.56,2023.65522,487.865,4.718067732663447,2.58225,4.92544,6,True,1
2583,6730,02_21_17_57_31_012,16.77,-10.12,42.5,0.0,0.0,0,0.01,3.5938,2036,0.00999,3.6,2025.20358,591.134,10.029059133961669,2.58096,4.92415,6,True,1
2584,6731,02_21_17_57_31_087,17.01,-9.72,42.5,0.0,0.0,0,0.01,3.5938,2036,0.00999,3.64,1997.07504,1564.001,10.029059133961669,2.58741,4.92673,6,True,1
2585,6732,02_21_17_57_31_136,17.65,-8.52,42.5,0.0,0.0,0,0.01,3.5938,2035,0.00999,3.64,1693.59653,1438.325,10.029059133961669,2.58096,4.91899,6,True,1
2586,6733,02_21_17_57_31_204,17.84,-8.1,42.5,0.0,0.0,0,0.01,3.5938,2035,0.00999,3.64,1727.9185,1545.56,9.68582723983863,2.58354,4.91899,6,True,1
2587,6734,02_21_17_57_31_274,18.02,-7.69,42.51,-0.0,0.0,0,0.01,3.5938,2036,0.00999,3.64,1557.59893,1783.051,9.297885287123089,2.57967,4.92157,6,True,1
2588,6735,02_21_17_57_31_337,18.2,-7.24,42.5,0.0,0.0,0,0.01,3.5938,2036,0.00999,3.62,1847.65832,930.453,9.991908100182869,2.57193,4.91899,6,True,1
2589,6736,02_21_17_57_31_413,18.39,-6.8,42.5,0.0,0.0,0,0.01,3.5938,2036,0.00999,3.6,1766.6275,869.356,9.987608791022003,2.56935,4.92415,6,True,1
2590,6737,02_21_17_57_31_481,18.7,-5.88,42.5,0.0,0.0,0,0.01,3.5938,2036,0.01,3.6,1920.68929,144.676,3.9233361572136536,2.58871,4.92028,6,True,1
2591,6738,02_21_17_57_31_629,19.2,-4.03,42.49,0.0,0.0,0,0.01,3.5938,2036,0.00999,3.59,1916.04422,229.905,3.9296487502065625,2.58354,4.92157,6,True,1
2592,6739,02_21_17_57_31_680,19.28,-3.56,42.5,0.0,0.0,0,0.01,3.5938,2036,0.00999,3.61,1870.88372,167.797,1.838403781817259,2.59516,4.92028,6,True,1
2593,6740,02_21_17_57_31_758,19.37,-3.09,42.5,0.0,0.0,0,0.01,3.5938,2036,0.0097,3.62,1737.20866,140.743,2.430552905204904,2.58225,4.92544,6,True,1
2594,6741,02_21_17_57_31_825,19.44,-2.74,42.5,0.0,0.0,0,0.01,3.5938,2036,0.0097,3.63,1673.46785,154.5,3.517887801294976,2.59,4.91899,6,True,1
2595,6742,02_21_17_57_31_876,19.5,-2.38,42.5,0.0,0.0,0,0.01,3.5938,2036,0.00243,3.63,1676.04845,189.979,2.2579764862593232,2.59,4.92028,6,True,1
